method,case_id,scan_id,agent_group,agent_number,target_number,evaluation_status,pwgs_pair_count,evaluable_target_count,empty_support_count,valid_hypothesis_snapshot_count,invalid_hypothesis_snapshot_count,episode_pwgs,episode_target_balanced_pwgs,in_common_support,edge_jnll_status,ungrounded_edge_candidate_count
GPT-Medium,r47D5H71a5s_case_0007,r47D5H71a5s,single,1,1,evaluable,21,1,0,22,0,0.3292930554882511,0.3292930554882511,1,not_estimable_no_ungrounded_predictions,0
GPT-Medium,r47D5H71a5s_case_0008,r47D5H71a5s,single,1,4,evaluable,29,3,0,19,0,0.6331390947265751,0.741504843555392,1,not_estimable_no_ungrounded_predictions,0
GPT-Medium,r47D5H71a5s_case_0009,r47D5H71a5s,single,1,4,evaluable,77,4,0,29,0,0.5000490026101407,0.5301990785459046,1,not_estimable_no_ungrounded_predictions,0
GPT-Medium,r47D5H71a5s_case_0010,r47D5H71a5s,single,1,8,evaluable,89,7,0,29,0,0.5496069785096539,0.6177061218680328,1,not_estimable_no_ungrounded_predictions,0
GPT-Medium,r47D5H71a5s_case_0011,r47D5H71a5s,single,1,1,evaluable,2,1,0,3,0,0.5807115518162842,0.5807115518162842,1,not_estimable_no_ungrounded_predictions,0
GPT-Medium,r47D5H71a5s_case_0012,r47D5H71a5s,single,1,1,evaluable,8,1,0,9,0,0.42826391855519896,0.42826391855519896,1,not_estimable_no_ungrounded_predictions,0
GPT-Medium,r47D5H71a5s_case_0013,r47D5H71a5s,single,1,4,evaluable,83,4,0,29,0,0.4780783060528262,0.42294484878266264,1,not_estimable_no_ungrounded_predictions,0
GPT-Medium,r47D5H71a5s_case_0014,r47D5H71a5s,single,1,4,evaluable,52,3,0,29,0,0.532953414126243,0.6443219011647555,1,not_estimable_no_ungrounded_predictions,0
GPT-Medium,r47D5H71a5s_case_0015,r47D5H71a5s,single,1,8,evaluable,81,7,0,26,0,0.47816342677805596,0.5533321112908507,1,not_estimable_no_ungrounded_predictions,0
GPT-Medium,r47D5H71a5s_case_0016,r47D5H71a5s,multi,3,1,evaluable,4,1,0,5,0,0.26153989995452276,0.26153989995452276,1,not_estimable_no_ungrounded_predictions,0
GPT-Medium,r47D5H71a5s_case_0017,r47D5H71a5s,multi,3,1,evaluable,6,1,0,7,0,0.4807852614294236,0.4807852614294236,1,not_estimable_no_ungrounded_predictions,0
GPT-Medium,r47D5H71a5s_case_0018,r47D5H71a5s,multi,3,4,evaluable,12,2,0,11,0,0.7128672590896769,0.8046911450415302,1,not_estimable_no_ungrounded_predictions,0
GPT-Medium,r47D5H71a5s_case_0019,r47D5H71a5s,multi,3,4,evaluable,11,3,0,10,0,0.35976384795091504,0.4042845930565722,1,not_estimable_no_ungrounded_predictions,0
GPT-Medium,r47D5H71a5s_case_0020,r47D5H71a5s,multi,3,8,evaluable,37,7,0,10,0,0.5714263087965895,0.6062420439285295,1,not_estimable_no_ungrounded_predictions,0
GPT-Medium,r47D5H71a5s_case_0036,r47D5H71a5s,multi,5,1,evaluable,2,1,0,3,0,0.575641200848001,0.575641200848001,1,not_estimable_no_ungrounded_predictions,0
GPT-Medium,r47D5H71a5s_case_0041,r47D5H71a5s,multi,5,1,not_applicable_no_target_hypothesis,0,0,0,1,0,,,0,not_estimable_no_ungrounded_predictions,0
GPT-Medium,r47D5H71a5s_case_0042,r47D5H71a5s,multi,5,1,not_applicable_no_target_hypothesis,0,0,0,1,0,,,0,not_estimable_no_ungrounded_predictions,0
GPT-Medium,r47D5H71a5s_case_0043,r47D5H71a5s,multi,5,4,evaluable,4,1,0,5,0,0.6671042379705234,0.6671042379705234,1,not_estimable_no_ungrounded_predictions,0
GPT-Medium,r47D5H71a5s_case_0044,r47D5H71a5s,multi,5,4,evaluable,3,2,0,3,0,0.6800516638132802,0.6954891236177092,1,not_estimable_no_ungrounded_predictions,0
GPT-Medium,r47D5H71a5s_case_0045,r47D5H71a5s,multi,5,8,evaluable,15,5,0,6,0,0.7108273893045243,0.6128765238635883,1,not_estimable_no_ungrounded_predictions,0
GPT-Medium,zsNo4HB9uLZ_case_0001,zsNo4HB9uLZ,single,1,1,invalid_artifact,25,1,0,26,1,,,0,not_estimable_no_ungrounded_predictions,0
GPT-Medium,zsNo4HB9uLZ_case_0002,zsNo4HB9uLZ,single,1,1,evaluable,6,1,0,7,0,0.3718923115476603,0.3718923115476603,0,not_estimable_no_ungrounded_predictions,0
GPT-Medium,zsNo4HB9uLZ_case_0003,zsNo4HB9uLZ,single,1,4,evaluable,116,4,0,29,0,0.6832716090434602,0.6832716090434603,1,not_estimable_no_ungrounded_predictions,0
GPT-Medium,zsNo4HB9uLZ_case_0004,zsNo4HB9uLZ,single,1,4,evaluable,69,4,0,29,0,0.44286498342069436,0.5094976217055628,1,not_estimable_no_ungrounded_predictions,0
GPT-Medium,zsNo4HB9uLZ_case_0005,zsNo4HB9uLZ,single,1,8,evaluable,34,7,0,12,0,0.5717277547094147,0.6563072249563829,1,not_estimable_no_ungrounded_predictions,0
GPT-Medium,zsNo4HB9uLZ_case_0006,zsNo4HB9uLZ,single,1,1,evaluable,12,1,0,13,0,0.7502746482692308,0.7502746482692308,1,not_estimable_no_ungrounded_predictions,0
GPT-Medium,zsNo4HB9uLZ_case_0008,zsNo4HB9uLZ,single,1,4,evaluable,16,4,0,7,0,0.7695135563173401,0.7571672501071476,1,not_estimable_no_ungrounded_predictions,0
GPT-Medium,zsNo4HB9uLZ_case_0009,zsNo4HB9uLZ,single,1,4,evaluable,116,4,0,29,0,0.4277450294991426,0.42774502949914267,1,not_estimable_no_ungrounded_predictions,0
GPT-Medium,zsNo4HB9uLZ_case_0010,zsNo4HB9uLZ,single,1,8,evaluable,84,6,0,29,0,0.4469081998769151,0.5538417125907267,1,not_estimable_no_ungrounded_predictions,0
GPT-Medium,zsNo4HB9uLZ_case_0011,zsNo4HB9uLZ,single,1,1,evaluable,15,1,0,16,0,0.31628269117094665,0.31628269117094665,1,not_estimable_no_ungrounded_predictions,0
GPT-Medium,zsNo4HB9uLZ_case_0012,zsNo4HB9uLZ,single,1,1,evaluable,3,1,0,4,0,0.7245631691055024,0.7245631691055024,1,not_estimable_no_ungrounded_predictions,0
GPT-Medium,zsNo4HB9uLZ_case_0013,zsNo4HB9uLZ,single,1,4,evaluable,60,4,0,29,0,0.6992763781483086,0.7849933287990941,1,not_estimable_no_ungrounded_predictions,0
GPT-Medium,zsNo4HB9uLZ_case_0014,zsNo4HB9uLZ,single,1,4,evaluable,14,4,0,6,0,0.5934914424531555,0.6514022934533626,1,not_estimable_no_ungrounded_predictions,0
GPT-Medium,zsNo4HB9uLZ_case_0015,zsNo4HB9uLZ,single,1,8,evaluable,32,7,0,11,0,0.7678184387656628,0.7532014352746892,1,not_estimable_no_ungrounded_predictions,0
GPT-Medium,zsNo4HB9uLZ_case_0016,zsNo4HB9uLZ,multi,3,1,evaluable,5,1,0,6,0,0.40701853879367833,0.40701853879367833,1,not_estimable_no_ungrounded_predictions,0
GPT-Medium,zsNo4HB9uLZ_case_0017,zsNo4HB9uLZ,multi,3,1,evaluable,3,1,0,4,0,0.9852676452966459,0.9852676452966459,1,not_estimable_no_ungrounded_predictions,0
GPT-Medium,zsNo4HB9uLZ_case_0018,zsNo4HB9uLZ,multi,3,4,evaluable,14,3,0,8,0,0.701091834263307,0.7265894247488224,1,not_estimable_no_ungrounded_predictions,0
GPT-Medium,zsNo4HB9uLZ_case_0019,zsNo4HB9uLZ,multi,3,4,evaluable,8,3,0,6,0,0.6842214963146698,0.6786022902705963,1,not_estimable_no_ungrounded_predictions,0
GPT-Medium,zsNo4HB9uLZ_case_0020,zsNo4HB9uLZ,multi,3,8,evaluable,33,7,0,8,0,0.6239863075941356,0.6371569600481128,1,not_estimable_no_ungrounded_predictions,0
GPT-Medium,zsNo4HB9uLZ_case_0045,zsNo4HB9uLZ,multi,5,8,evaluable,13,5,0,6,0,0.6493708303199064,0.6910913388146112,1,not_estimable_no_ungrounded_predictions,0
GPT-Medium,JF19kD82Mey_case_0003,JF19kD82Mey,single,1,4,evaluable,36,3,0,29,0,0.7173196876037253,0.8468201579879483,1,not_estimable_no_ungrounded_predictions,0
GPT-Medium,JF19kD82Mey_case_0004,JF19kD82Mey,single,1,4,evaluable,85,4,0,29,0,0.5474658030398795,0.5787919595624925,1,not_estimable_no_ungrounded_predictions,0
GPT-Medium,JF19kD82Mey_case_0006,JF19kD82Mey,single,1,1,evaluable,1,1,0,2,0,0.9917995805135847,0.9917995805135847,1,not_estimable_no_ungrounded_predictions,0
GPT-Medium,JF19kD82Mey_case_0007,JF19kD82Mey,single,1,1,evaluable,29,1,0,29,0,0.7247972339199088,0.7247972339199088,1,not_estimable_no_ungrounded_predictions,0
GPT-Medium,JF19kD82Mey_case_0016,JF19kD82Mey,multi,3,1,not_applicable_no_target_hypothesis,0,0,0,1,0,,,0,not_estimable_no_ungrounded_predictions,0
GPT-Medium,JF19kD82Mey_case_0018,JF19kD82Mey,multi,3,4,evaluable,13,2,0,9,0,0.7425264527237705,0.7724547616229952,1,not_estimable_no_ungrounded_predictions,0
GPT-Medium,JF19kD82Mey_case_0020,JF19kD82Mey,multi,3,8,evaluable,12,5,0,7,0,0.4720532366783862,0.5292560748799625,1,not_estimable_no_ungrounded_predictions,0
GPT-Medium,JF19kD82Mey_case_0021,JF19kD82Mey,multi,3,1,evaluable,2,1,0,3,0,0.9225981281971039,0.9225981281971039,1,not_estimable_no_ungrounded_predictions,0
GPT-Medium,JF19kD82Mey_case_0022,JF19kD82Mey,multi,3,1,evaluable,1,1,0,2,0,0.5180378680158543,0.5180378680158543,1,not_estimable_no_ungrounded_predictions,0
GPT-Medium,JF19kD82Mey_case_0023,JF19kD82Mey,multi,3,4,evaluable,5,2,0,5,0,0.5006138741084161,0.6643644624015228,1,not_estimable_no_ungrounded_predictions,0
GPT-Medium,JF19kD82Mey_case_0024,JF19kD82Mey,multi,3,4,evaluable,21,3,0,12,0,0.7451130024387604,0.7568145975570445,1,not_estimable_no_ungrounded_predictions,0
GPT-Medium,JF19kD82Mey_case_0025,JF19kD82Mey,multi,3,8,evaluable,33,7,0,12,0,0.7537222387792747,0.7864042798087263,1,not_estimable_no_ungrounded_predictions,0
GPT-Medium,JF19kD82Mey_case_0026,JF19kD82Mey,multi,3,1,not_applicable_no_target_hypothesis,0,0,0,1,0,,,0,not_estimable_no_ungrounded_predictions,0
GPT-Medium,JF19kD82Mey_case_0027,JF19kD82Mey,multi,3,1,not_applicable_no_target_hypothesis,0,0,0,1,0,,,0,not_estimable_no_ungrounded_predictions,0
GPT-Medium,JF19kD82Mey_case_0028,JF19kD82Mey,multi,3,4,evaluable,12,3,0,8,0,0.7124812750564211,0.7248362213766922,1,not_estimable_no_ungrounded_predictions,0
GPT-Medium,JF19kD82Mey_case_0029,JF19kD82Mey,multi,3,4,evaluable,8,3,0,5,0,0.87348666196824,0.8874518054649855,1,not_estimable_no_ungrounded_predictions,0
GPT-Medium,JF19kD82Mey_case_0030,JF19kD82Mey,multi,3,8,evaluable,18,5,0,9,0,0.557138195607251,0.6027937013145579,1,not_estimable_no_ungrounded_predictions,0
GPT-Medium,JF19kD82Mey_case_0031,JF19kD82Mey,multi,5,1,evaluable,3,1,0,4,0,0.4805139870436419,0.4805139870436419,1,not_estimable_no_ungrounded_predictions,0
GPT-Medium,JF19kD82Mey_case_0032,JF19kD82Mey,multi,5,1,not_applicable_no_target_hypothesis,0,0,0,1,0,,,0,not_estimable_no_ungrounded_predictions,0
GPT-Medium,JF19kD82Mey_case_0033,JF19kD82Mey,multi,5,4,evaluable,2,1,0,3,0,0.87903278804038,0.87903278804038,1,not_estimable_no_ungrounded_predictions,0
GPT-Medium,RPmz2sHmrrY_case_0021,RPmz2sHmrrY,multi,3,1,evaluable,1,1,0,2,0,0.8655378140547023,0.8655378140547023,1,not_estimable_no_ungrounded_predictions,0
GPT-Medium,RPmz2sHmrrY_case_0022,RPmz2sHmrrY,multi,3,1,evaluable,5,1,0,6,0,0.7756711172721895,0.7756711172721895,1,not_estimable_no_ungrounded_predictions,0
GPT-Medium,RPmz2sHmrrY_case_0023,RPmz2sHmrrY,multi,3,4,evaluable,28,3,0,26,0,0.7223753560967597,0.6626736865812272,1,not_estimable_no_ungrounded_predictions,0
GPT-Medium,RPmz2sHmrrY_case_0024,RPmz2sHmrrY,multi,3,4,evaluable,12,3,0,8,0,0.6691709919183476,0.7334395747671739,1,not_estimable_no_ungrounded_predictions,0
GPT-Medium,RPmz2sHmrrY_case_0025,RPmz2sHmrrY,multi,3,8,evaluable,14,5,0,5,0,0.7245747948936199,0.7551756948091375,1,not_estimable_no_ungrounded_predictions,0
GPT-Medium,RPmz2sHmrrY_case_0026,RPmz2sHmrrY,multi,3,1,evaluable,7,1,0,8,0,0.9132084346196766,0.9132084346196766,1,not_estimable_no_ungrounded_predictions,0
GPT-Medium,RPmz2sHmrrY_case_0027,RPmz2sHmrrY,multi,3,1,not_applicable_no_target_hypothesis,0,0,0,1,0,,,0,not_estimable_no_ungrounded_predictions,0
GPT-Medium,RPmz2sHmrrY_case_0028,RPmz2sHmrrY,multi,3,4,evaluable,32,3,0,18,0,0.6487780962277832,0.6676752815614836,1,not_estimable_no_ungrounded_predictions,0
GPT-Medium,RPmz2sHmrrY_case_0029,RPmz2sHmrrY,multi,3,4,evaluable,34,4,0,27,0,0.6919828669285139,0.7977098238752249,1,not_estimable_no_ungrounded_predictions,0
GPT-Medium,RPmz2sHmrrY_case_0030,RPmz2sHmrrY,multi,3,8,evaluable,25,5,0,9,0,0.6791594997232698,0.7282792631153823,1,not_estimable_no_ungrounded_predictions,0
GPT-Medium,RPmz2sHmrrY_case_0031,RPmz2sHmrrY,multi,5,1,not_applicable_no_target_hypothesis,0,0,0,1,0,,,0,not_estimable_no_ungrounded_predictions,0
GPT-Medium,RPmz2sHmrrY_case_0032,RPmz2sHmrrY,multi,5,1,not_applicable_no_target_hypothesis,0,0,0,1,0,,,0,not_estimable_no_ungrounded_predictions,0
GPT-Medium,RPmz2sHmrrY_case_0033,RPmz2sHmrrY,multi,5,4,evaluable,1,1,0,2,0,0.8148027357392043,0.8148027357392043,1,not_estimable_no_ungrounded_predictions,0
GPT-Medium,RPmz2sHmrrY_case_0034,RPmz2sHmrrY,multi,5,4,evaluable,10,2,0,9,0,0.8341131089008789,0.729643850534992,1,not_estimable_no_ungrounded_predictions,0
GPT-Medium,RPmz2sHmrrY_case_0035,RPmz2sHmrrY,multi,5,8,evaluable,8,3,0,6,0,0.8148079749466487,0.7362339971657024,1,not_estimable_no_ungrounded_predictions,0
GPT-Medium,RPmz2sHmrrY_case_0036,RPmz2sHmrrY,multi,5,1,evaluable,2,1,0,3,0,0.6154524442617494,0.6154524442617494,1,not_estimable_no_ungrounded_predictions,0
GPT-Medium,RPmz2sHmrrY_case_0037,RPmz2sHmrrY,multi,5,1,not_applicable_no_target_hypothesis,0,0,0,1,0,,,0,not_estimable_no_ungrounded_predictions,0
GPT-Medium,RPmz2sHmrrY_case_0038,RPmz2sHmrrY,multi,5,4,evaluable,10,3,0,6,0,0.7607597890309864,0.7410945591960152,1,not_estimable_no_ungrounded_predictions,0
GPT-Medium,RPmz2sHmrrY_case_0039,RPmz2sHmrrY,multi,5,4,evaluable,12,3,0,7,0,0.6538394391723799,0.6736487247639676,1,not_estimable_no_ungrounded_predictions,0
GPT-Medium,RPmz2sHmrrY_case_0040,RPmz2sHmrrY,multi,5,8,evaluable,19,5,0,6,0,0.690961548052226,0.6869259213762264,1,not_estimable_no_ungrounded_predictions,0
GPT-Medium,17DRP5sb8fy_case_0001,17DRP5sb8fy,single,1,1,evaluable,2,1,0,3,0,0.4360054564629293,0.4360054564629293,0,not_estimable_no_ungrounded_predictions,0
GPT-Medium,17DRP5sb8fy_case_0002,17DRP5sb8fy,single,1,1,evaluable,29,1,0,29,0,0.27020565563911025,0.27020565563911025,1,not_estimable_no_ungrounded_predictions,0
GPT-Medium,17DRP5sb8fy_case_0003,17DRP5sb8fy,single,1,4,evaluable,65,4,0,29,0,0.3307293673662867,0.6182518351671143,1,not_estimable_no_ungrounded_predictions,0
GPT-Medium,17DRP5sb8fy_case_0004,17DRP5sb8fy,single,1,4,evaluable,38,3,0,29,0,0.3778094665274851,0.2665301138223219,1,not_estimable_no_ungrounded_predictions,0
GPT-Medium,17DRP5sb8fy_case_0005,17DRP5sb8fy,single,1,8,evaluable,88,8,0,29,0,0.6887437733575735,0.5041403733336027,1,not_estimable_no_ungrounded_predictions,0
GPT-Medium,17DRP5sb8fy_case_0006,17DRP5sb8fy,single,1,1,evaluable,5,1,0,6,0,0.797208725389627,0.797208725389627,1,not_estimable_no_ungrounded_predictions,0
GPT-Medium,17DRP5sb8fy_case_0007,17DRP5sb8fy,single,1,1,evaluable,29,1,0,29,0,0.780638924509082,0.780638924509082,0,not_estimable_no_ungrounded_predictions,0
GPT-Medium,17DRP5sb8fy_case_0033,17DRP5sb8fy,multi,5,4,evaluable,4,2,0,4,0,0.8679944696033456,0.8567842787196369,1,not_estimable_no_ungrounded_predictions,0
GPT-Medium,17DRP5sb8fy_case_0034,17DRP5sb8fy,multi,5,4,evaluable,17,2,1,15,0,0.7546575469210041,0.835566876705546,1,not_estimable_no_ungrounded_predictions,0
GPT-Medium,17DRP5sb8fy_case_0035,17DRP5sb8fy,multi,5,8,evaluable,15,3,0,9,0,0.9222622812468608,0.9323739989555779,1,not_estimable_no_ungrounded_predictions,0
GPT-Medium,17DRP5sb8fy_case_0036,17DRP5sb8fy,multi,5,1,not_applicable_no_target_hypothesis,0,0,0,1,0,,,0,not_estimable_no_ungrounded_predictions,0
GPT-Medium,17DRP5sb8fy_case_0037,17DRP5sb8fy,multi,5,1,not_applicable_no_target_hypothesis,0,0,0,1,0,,,0,not_estimable_no_ungrounded_predictions,0
GPT-Medium,17DRP5sb8fy_case_0038,17DRP5sb8fy,multi,5,4,evaluable,8,2,0,5,0,0.5728450258899094,0.5728450258899094,1,not_estimable_no_ungrounded_predictions,0
GPT-Medium,17DRP5sb8fy_case_0039,17DRP5sb8fy,multi,5,4,evaluable,8,2,0,6,0,0.6812086108332385,0.6808546408315905,1,not_estimable_no_ungrounded_predictions,0
GPT-Medium,17DRP5sb8fy_case_0040,17DRP5sb8fy,multi,5,8,evaluable,23,6,1,13,0,0.6695156759200891,0.7422164624656852,1,not_estimable_no_ungrounded_predictions,0
GPT-Medium,17DRP5sb8fy_case_0041,17DRP5sb8fy,multi,5,1,evaluable,10,1,0,11,0,0.6886528062930413,0.6886528062930413,1,not_estimable_no_ungrounded_predictions,0
GPT-Medium,17DRP5sb8fy_case_0042,17DRP5sb8fy,multi,5,1,evaluable,3,1,0,4,0,0.8582626720768385,0.8582626720768385,0,not_estimable_no_ungrounded_predictions,0
GPT-Medium,17DRP5sb8fy_case_0043,17DRP5sb8fy,multi,5,4,evaluable,2,2,0,2,0,0.7500374846668303,0.7500374846668303,1,not_estimable_no_ungrounded_predictions,0
GPT-Medium,17DRP5sb8fy_case_0044,17DRP5sb8fy,multi,5,4,evaluable,17,2,0,14,0,0.6140168847230816,0.536026003319417,1,not_estimable_no_ungrounded_predictions,0
GPT-Medium,17DRP5sb8fy_case_0045,17DRP5sb8fy,multi,5,8,evaluable,22,4,1,12,0,0.6520017977341748,0.6665850560692492,1,not_estimable_no_ungrounded_predictions,0
Qwen-Thinking,r47D5H71a5s_case_0007,r47D5H71a5s,single,1,1,evaluable,23,1,0,24,0,0.3028719158295651,0.3028719158295651,1,not_estimable_no_ungrounded_predictions,0
Qwen-Thinking,r47D5H71a5s_case_0008,r47D5H71a5s,single,1,4,evaluable,77,4,0,29,0,0.7330876958560048,0.7320666344171476,1,not_estimable_no_ungrounded_predictions,0
Qwen-Thinking,r47D5H71a5s_case_0009,r47D5H71a5s,single,1,4,evaluable,80,4,0,29,0,0.4851769616554269,0.5369340250033459,1,not_estimable_no_ungrounded_predictions,0
Qwen-Thinking,r47D5H71a5s_case_0010,r47D5H71a5s,single,1,8,evaluable,62,7,0,17,0,0.6224171547792781,0.6432615803770506,1,not_estimable_no_ungrounded_predictions,0
Qwen-Thinking,r47D5H71a5s_case_0011,r47D5H71a5s,single,1,1,evaluable,29,1,0,29,0,0.6168793565881496,0.6168793565881496,1,not_estimable_no_ungrounded_predictions,0
Qwen-Thinking,r47D5H71a5s_case_0012,r47D5H71a5s,single,1,1,evaluable,18,1,0,19,0,0.4330698698421409,0.4330698698421409,1,not_estimable_no_ungrounded_predictions,0
Qwen-Thinking,r47D5H71a5s_case_0013,r47D5H71a5s,single,1,4,evaluable,79,4,0,29,0,0.4277748495505661,0.40749908152554676,1,not_estimable_no_ungrounded_predictions,0
Qwen-Thinking,r47D5H71a5s_case_0014,r47D5H71a5s,single,1,4,evaluable,50,4,0,29,0,0.4352154385830021,0.5712177852617955,1,not_estimable_no_ungrounded_predictions,0
Qwen-Thinking,r47D5H71a5s_case_0015,r47D5H71a5s,single,1,8,evaluable,131,7,0,29,0,0.49324754273287236,0.5256730900485309,1,not_estimable_no_ungrounded_predictions,0
Qwen-Thinking,r47D5H71a5s_case_0016,r47D5H71a5s,multi,3,1,evaluable,4,1,0,5,0,0.31854110925719503,0.31854110925719503,1,not_estimable_no_ungrounded_predictions,0
Qwen-Thinking,r47D5H71a5s_case_0017,r47D5H71a5s,multi,3,1,evaluable,4,1,0,5,0,0.24269264411631242,0.24269264411631242,1,not_estimable_no_ungrounded_predictions,0
Qwen-Thinking,r47D5H71a5s_case_0018,r47D5H71a5s,multi,3,4,evaluable,7,2,0,5,0,0.6942534712673865,0.6912619033182269,1,not_estimable_no_ungrounded_predictions,0
Qwen-Thinking,r47D5H71a5s_case_0019,r47D5H71a5s,multi,3,4,evaluable,14,3,0,9,0,0.36156512939607516,0.3708213526166116,1,not_estimable_no_ungrounded_predictions,0
Qwen-Thinking,r47D5H71a5s_case_0020,r47D5H71a5s,multi,3,8,evaluable,45,8,0,11,0,0.5771978165517618,0.5625523964511182,1,not_estimable_no_ungrounded_predictions,0
Qwen-Thinking,r47D5H71a5s_case_0036,r47D5H71a5s,multi,5,1,evaluable,1,1,0,2,0,0.6993554507254723,0.6993554507254723,1,not_estimable_no_ungrounded_predictions,0
Qwen-Thinking,r47D5H71a5s_case_0041,r47D5H71a5s,multi,5,1,not_applicable_no_target_hypothesis,0,0,0,1,0,,,0,not_estimable_no_ungrounded_predictions,0
Qwen-Thinking,r47D5H71a5s_case_0042,r47D5H71a5s,multi,5,1,evaluable,2,1,0,3,0,0.7571338902794971,0.7571338902794971,0,not_estimable_no_ungrounded_predictions,0
Qwen-Thinking,r47D5H71a5s_case_0043,r47D5H71a5s,multi,5,4,evaluable,2,1,0,3,0,0.5267825341516945,0.5267825341516945,1,not_estimable_no_ungrounded_predictions,0
Qwen-Thinking,r47D5H71a5s_case_0044,r47D5H71a5s,multi,5,4,evaluable,5,2,0,4,0,0.6006388075687145,0.5908514116165393,1,not_estimable_no_ungrounded_predictions,0
Qwen-Thinking,r47D5H71a5s_case_0045,r47D5H71a5s,multi,5,8,evaluable,17,5,0,8,0,0.6856953304441114,0.7508440889451428,1,not_estimable_no_ungrounded_predictions,0
Qwen-Thinking,zsNo4HB9uLZ_case_0001,zsNo4HB9uLZ,single,1,1,evaluable,6,1,0,7,0,0.6232240767938686,0.6232240767938686,0,not_estimable_no_ungrounded_predictions,0
Qwen-Thinking,zsNo4HB9uLZ_case_0002,zsNo4HB9uLZ,single,1,1,evaluable,2,1,0,3,0,0.26701046752927127,0.26701046752927127,0,not_estimable_no_ungrounded_predictions,0
Qwen-Thinking,zsNo4HB9uLZ_case_0003,zsNo4HB9uLZ,single,1,4,evaluable,43,3,0,25,0,0.58481811918304,0.6618657706039826,1,not_estimable_no_ungrounded_predictions,0
Qwen-Thinking,zsNo4HB9uLZ_case_0004,zsNo4HB9uLZ,single,1,4,evaluable,60,4,0,29,0,0.5102750616023349,0.5130238371378262,1,not_estimable_no_ungrounded_predictions,0
Qwen-Thinking,zsNo4HB9uLZ_case_0005,zsNo4HB9uLZ,single,1,8,evaluable,44,7,0,13,0,0.4840597598592508,0.5815215634595816,1,not_estimable_no_ungrounded_predictions,0
Qwen-Thinking,zsNo4HB9uLZ_case_0006,zsNo4HB9uLZ,single,1,1,evaluable,5,1,0,6,0,0.7445891618125046,0.7445891618125046,1,not_estimable_no_ungrounded_predictions,0
Qwen-Thinking,zsNo4HB9uLZ_case_0008,zsNo4HB9uLZ,single,1,4,evaluable,47,4,0,20,0,0.7679985286268995,0.7233293098824418,1,not_estimable_no_ungrounded_predictions,0
Qwen-Thinking,zsNo4HB9uLZ_case_0009,zsNo4HB9uLZ,single,1,4,evaluable,92,4,0,29,0,0.513931051079226,0.46703150687131373,1,not_estimable_no_ungrounded_predictions,0
Qwen-Thinking,zsNo4HB9uLZ_case_0010,zsNo4HB9uLZ,single,1,8,evaluable,83,6,0,29,0,0.481998781846413,0.5802327064376814,1,not_estimable_no_ungrounded_predictions,0
Qwen-Thinking,zsNo4HB9uLZ_case_0011,zsNo4HB9uLZ,single,1,1,evaluable,18,1,0,19,0,0.38539453131945667,0.38539453131945667,1,not_estimable_no_ungrounded_predictions,0
Qwen-Thinking,zsNo4HB9uLZ_case_0012,zsNo4HB9uLZ,single,1,1,evaluable,19,1,0,20,0,0.7773380427006146,0.7773380427006146,1,not_estimable_no_ungrounded_predictions,0
Qwen-Thinking,zsNo4HB9uLZ_case_0013,zsNo4HB9uLZ,single,1,4,evaluable,113,4,0,29,0,0.7227706650456713,0.720291327068859,1,not_estimable_no_ungrounded_predictions,0
Qwen-Thinking,zsNo4HB9uLZ_case_0014,zsNo4HB9uLZ,single,1,4,evaluable,28,3,0,12,0,0.6068320260088343,0.6295104807527783,1,not_estimable_no_ungrounded_predictions,0
Qwen-Thinking,zsNo4HB9uLZ_case_0015,zsNo4HB9uLZ,single,1,8,evaluable,144,8,0,29,0,0.5754477051990272,0.6801777251707687,1,not_estimable_no_ungrounded_predictions,0
Qwen-Thinking,zsNo4HB9uLZ_case_0016,zsNo4HB9uLZ,multi,3,1,evaluable,5,1,0,6,0,0.5149639371081273,0.5149639371081273,1,not_estimable_no_ungrounded_predictions,0
Qwen-Thinking,zsNo4HB9uLZ_case_0017,zsNo4HB9uLZ,multi,3,1,evaluable,3,1,0,4,0,0.8953842376336064,0.8953842376336064,1,not_estimable_no_ungrounded_predictions,0
Qwen-Thinking,zsNo4HB9uLZ_case_0018,zsNo4HB9uLZ,multi,3,4,evaluable,12,3,0,7,0,0.7602555460900694,0.6773882282337323,1,not_estimable_no_ungrounded_predictions,0
Qwen-Thinking,zsNo4HB9uLZ_case_0019,zsNo4HB9uLZ,multi,3,4,evaluable,8,4,0,5,0,0.6257625475543985,0.5814852577846494,1,not_estimable_no_ungrounded_predictions,0
Qwen-Thinking,zsNo4HB9uLZ_case_0020,zsNo4HB9uLZ,multi,3,8,evaluable,58,7,0,19,0,0.5657787594489446,0.5015476415329686,1,not_estimable_no_ungrounded_predictions,0
Qwen-Thinking,zsNo4HB9uLZ_case_0045,zsNo4HB9uLZ,multi,5,8,evaluable,16,6,0,6,0,0.6376700824111203,0.6461808759098259,1,not_estimable_no_ungrounded_predictions,0
Qwen-Thinking,JF19kD82Mey_case_0003,JF19kD82Mey,single,1,4,evaluable,59,3,0,29,0,0.6968030219211688,0.7700769691166974,1,not_estimable_no_ungrounded_predictions,0
Qwen-Thinking,JF19kD82Mey_case_0004,JF19kD82Mey,single,1,4,evaluable,84,4,0,29,0,0.6134031788612601,0.6280015108060368,1,not_estimable_no_ungrounded_predictions,0
Qwen-Thinking,JF19kD82Mey_case_0006,JF19kD82Mey,single,1,1,evaluable,1,1,0,2,0,0.9744870645011763,0.9744870645011763,1,not_estimable_no_ungrounded_predictions,0
Qwen-Thinking,JF19kD82Mey_case_0007,JF19kD82Mey,single,1,1,evaluable,27,1,0,28,0,0.887033330875524,0.887033330875524,1,not_estimable_no_ungrounded_predictions,0
Qwen-Thinking,JF19kD82Mey_case_0016,JF19kD82Mey,multi,3,1,not_applicable_no_target_hypothesis,0,0,0,1,0,,,0,not_estimable_no_ungrounded_predictions,0
Qwen-Thinking,JF19kD82Mey_case_0018,JF19kD82Mey,multi,3,4,evaluable,11,2,0,10,0,0.5841398682645255,0.6953620626712158,1,not_estimable_no_ungrounded_predictions,0
Qwen-Thinking,JF19kD82Mey_case_0020,JF19kD82Mey,multi,3,8,evaluable,23,6,0,10,0,0.5934846611914234,0.6058837558844669,1,not_estimable_no_ungrounded_predictions,0
Qwen-Thinking,JF19kD82Mey_case_0021,JF19kD82Mey,multi,3,1,evaluable,12,1,0,13,0,0.7977364692201901,0.7977364692201901,1,not_estimable_no_ungrounded_predictions,0
Qwen-Thinking,JF19kD82Mey_case_0022,JF19kD82Mey,multi,3,1,evaluable,1,1,0,2,0,0.4738086138662736,0.4738086138662736,1,not_estimable_no_ungrounded_predictions,0
Qwen-Thinking,JF19kD82Mey_case_0023,JF19kD82Mey,multi,3,4,evaluable,4,2,0,4,0,0.48960426776683647,0.5012303532860617,1,not_estimable_no_ungrounded_predictions,0
Qwen-Thinking,JF19kD82Mey_case_0024,JF19kD82Mey,multi,3,4,evaluable,14,3,0,7,0,0.7713037759678493,0.7688360764081518,1,not_estimable_no_ungrounded_predictions,0
Qwen-Thinking,JF19kD82Mey_case_0025,JF19kD82Mey,multi,3,8,evaluable,51,7,0,25,0,0.728815996979023,0.716071670679897,1,not_estimable_no_ungrounded_predictions,0
Qwen-Thinking,JF19kD82Mey_case_0026,JF19kD82Mey,multi,3,1,not_applicable_no_target_hypothesis,0,0,0,1,0,,,0,not_estimable_no_ungrounded_predictions,0
Qwen-Thinking,JF19kD82Mey_case_0027,JF19kD82Mey,multi,3,1,not_applicable_no_target_hypothesis,0,0,0,1,0,,,0,not_estimable_no_ungrounded_predictions,0
Qwen-Thinking,JF19kD82Mey_case_0028,JF19kD82Mey,multi,3,4,evaluable,19,3,0,12,0,0.6813135112078061,0.6990869352622212,1,not_estimable_no_ungrounded_predictions,0
Qwen-Thinking,JF19kD82Mey_case_0029,JF19kD82Mey,multi,3,4,evaluable,7,3,0,5,0,0.7635004523368567,0.6857437106578063,1,not_estimable_no_ungrounded_predictions,0
Qwen-Thinking,JF19kD82Mey_case_0030,JF19kD82Mey,multi,3,8,evaluable,23,4,0,12,0,0.5573104713469044,0.5154568499479433,1,not_estimable_no_ungrounded_predictions,0
Qwen-Thinking,JF19kD82Mey_case_0031,JF19kD82Mey,multi,5,1,evaluable,3,1,0,4,0,0.555042125791131,0.555042125791131,1,not_estimable_no_ungrounded_predictions,0
Qwen-Thinking,JF19kD82Mey_case_0032,JF19kD82Mey,multi,5,1,not_applicable_no_target_hypothesis,0,0,0,1,0,,,0,not_estimable_no_ungrounded_predictions,0
Qwen-Thinking,JF19kD82Mey_case_0033,JF19kD82Mey,multi,5,4,evaluable,3,2,0,3,0,0.6821250029811367,0.6464152327111958,1,not_estimable_no_ungrounded_predictions,0
Qwen-Thinking,RPmz2sHmrrY_case_0021,RPmz2sHmrrY,multi,3,1,evaluable,1,1,0,2,0,0.5242293086221406,0.5242293086221406,1,not_estimable_no_ungrounded_predictions,0
Qwen-Thinking,RPmz2sHmrrY_case_0022,RPmz2sHmrrY,multi,3,1,evaluable,2,1,0,3,0,0.7673751616844788,0.7673751616844788,1,not_estimable_no_ungrounded_predictions,0
Qwen-Thinking,RPmz2sHmrrY_case_0023,RPmz2sHmrrY,multi,3,4,evaluable,13,3,0,8,0,0.5616437268197262,0.5435751481427837,1,not_estimable_no_ungrounded_predictions,0
Qwen-Thinking,RPmz2sHmrrY_case_0024,RPmz2sHmrrY,multi,3,4,evaluable,11,3,0,5,0,0.6040587976256481,0.6224057081959227,1,not_estimable_no_ungrounded_predictions,0
Qwen-Thinking,RPmz2sHmrrY_case_0025,RPmz2sHmrrY,multi,3,8,evaluable,31,5,0,13,0,0.6387406193236862,0.6383419640057579,1,not_estimable_no_ungrounded_predictions,0
Qwen-Thinking,RPmz2sHmrrY_case_0026,RPmz2sHmrrY,multi,3,1,evaluable,4,1,0,5,0,0.8845135405912885,0.8845135405912885,1,not_estimable_no_ungrounded_predictions,0
Qwen-Thinking,RPmz2sHmrrY_case_0027,RPmz2sHmrrY,multi,3,1,not_applicable_no_target_hypothesis,0,0,0,1,0,,,0,not_estimable_no_ungrounded_predictions,0
Qwen-Thinking,RPmz2sHmrrY_case_0028,RPmz2sHmrrY,multi,3,4,evaluable,17,2,0,14,0,0.6289319243633398,0.5934949791793309,1,not_estimable_no_ungrounded_predictions,0
Qwen-Thinking,RPmz2sHmrrY_case_0029,RPmz2sHmrrY,multi,3,4,evaluable,36,4,0,29,0,0.6650650918014869,0.6859258462229798,1,not_estimable_no_ungrounded_predictions,0
Qwen-Thinking,RPmz2sHmrrY_case_0030,RPmz2sHmrrY,multi,3,8,evaluable,12,4,0,6,0,0.6263018787897502,0.6186315546990265,1,not_estimable_no_ungrounded_predictions,0
Qwen-Thinking,RPmz2sHmrrY_case_0031,RPmz2sHmrrY,multi,5,1,not_applicable_no_target_hypothesis,0,0,0,1,0,,,0,not_estimable_no_ungrounded_predictions,0
Qwen-Thinking,RPmz2sHmrrY_case_0032,RPmz2sHmrrY,multi,5,1,not_applicable_no_target_hypothesis,0,0,0,1,0,,,0,not_estimable_no_ungrounded_predictions,0
Qwen-Thinking,RPmz2sHmrrY_case_0033,RPmz2sHmrrY,multi,5,4,evaluable,1,1,0,2,0,0.5770533938045083,0.5770533938045083,1,not_estimable_no_ungrounded_predictions,0
Qwen-Thinking,RPmz2sHmrrY_case_0034,RPmz2sHmrrY,multi,5,4,evaluable,4,2,0,3,0,0.6411626486872549,0.6411626486872549,1,not_estimable_no_ungrounded_predictions,0
Qwen-Thinking,RPmz2sHmrrY_case_0035,RPmz2sHmrrY,multi,5,8,evaluable,6,3,0,4,0,0.655508513742717,0.6011947416552608,1,not_estimable_no_ungrounded_predictions,0
Qwen-Thinking,RPmz2sHmrrY_case_0036,RPmz2sHmrrY,multi,5,1,evaluable,13,1,0,14,0,0.6514958224425185,0.6514958224425185,1,not_estimable_no_ungrounded_predictions,0
Qwen-Thinking,RPmz2sHmrrY_case_0037,RPmz2sHmrrY,multi,5,1,not_applicable_no_target_hypothesis,0,0,0,1,0,,,0,not_estimable_no_ungrounded_predictions,0
Qwen-Thinking,RPmz2sHmrrY_case_0038,RPmz2sHmrrY,multi,5,4,evaluable,9,3,0,6,0,0.6655948195402897,0.661179214065008,1,not_estimable_no_ungrounded_predictions,0
Qwen-Thinking,RPmz2sHmrrY_case_0039,RPmz2sHmrrY,multi,5,4,evaluable,9,3,0,5,0,0.6590007555399127,0.6589334848902296,1,not_estimable_no_ungrounded_predictions,0
Qwen-Thinking,RPmz2sHmrrY_case_0040,RPmz2sHmrrY,multi,5,8,evaluable,20,6,0,6,0,0.7281692527560704,0.7158373158912879,1,not_estimable_no_ungrounded_predictions,0
Qwen-Thinking,17DRP5sb8fy_case_0001,17DRP5sb8fy,single,1,1,evaluable,7,1,0,8,0,0.3135242100846071,0.3135242100846071,0,not_estimable_no_ungrounded_predictions,0
Qwen-Thinking,17DRP5sb8fy_case_0002,17DRP5sb8fy,single,1,1,evaluable,29,1,0,29,0,0.2947155001806289,0.2947155001806289,1,not_estimable_no_ungrounded_predictions,0
Qwen-Thinking,17DRP5sb8fy_case_0003,17DRP5sb8fy,single,1,4,evaluable,43,4,0,29,0,0.47903995210258965,0.6227171640835255,1,not_estimable_no_ungrounded_predictions,0
Qwen-Thinking,17DRP5sb8fy_case_0004,17DRP5sb8fy,single,1,4,evaluable,52,3,0,29,0,0.33988310159313734,0.309617854192921,1,not_estimable_no_ungrounded_predictions,0
Qwen-Thinking,17DRP5sb8fy_case_0005,17DRP5sb8fy,single,1,8,evaluable,83,6,0,29,0,0.3785113293537328,0.5616667608357228,1,not_estimable_no_ungrounded_predictions,0
Qwen-Thinking,17DRP5sb8fy_case_0006,17DRP5sb8fy,single,1,1,evaluable,29,1,0,29,0,0.40342392369544433,0.40342392369544433,1,not_estimable_no_ungrounded_predictions,0
Qwen-Thinking,17DRP5sb8fy_case_0007,17DRP5sb8fy,single,1,1,not_applicable_no_target_hypothesis,0,0,0,1,0,,,0,not_estimable_no_ungrounded_predictions,0
Qwen-Thinking,17DRP5sb8fy_case_0033,17DRP5sb8fy,multi,5,4,evaluable,16,2,1,16,0,0.7494881103448799,0.7234151358061807,1,not_estimable_no_ungrounded_predictions,0
Qwen-Thinking,17DRP5sb8fy_case_0034,17DRP5sb8fy,multi,5,4,evaluable,14,2,1,14,0,0.806254883070712,0.8257026667749743,1,not_estimable_no_ungrounded_predictions,0
Qwen-Thinking,17DRP5sb8fy_case_0035,17DRP5sb8fy,multi,5,8,evaluable,28,5,1,22,0,0.8654867235684519,0.8528873503296024,1,not_estimable_no_ungrounded_predictions,0
Qwen-Thinking,17DRP5sb8fy_case_0036,17DRP5sb8fy,multi,5,1,evaluable,1,1,0,2,0,0.6083207314533373,0.6083207314533373,0,not_estimable_no_ungrounded_predictions,0
Qwen-Thinking,17DRP5sb8fy_case_0037,17DRP5sb8fy,multi,5,1,not_applicable_no_target_hypothesis,0,0,0,1,0,,,0,not_estimable_no_ungrounded_predictions,0
Qwen-Thinking,17DRP5sb8fy_case_0038,17DRP5sb8fy,multi,5,4,evaluable,7,2,0,5,0,0.503567151530062,0.5187747545388044,1,not_estimable_no_ungrounded_predictions,0
Qwen-Thinking,17DRP5sb8fy_case_0039,17DRP5sb8fy,multi,5,4,evaluable,8,2,0,6,0,0.6511213791229564,0.6435046211468114,1,not_estimable_no_ungrounded_predictions,0
Qwen-Thinking,17DRP5sb8fy_case_0040,17DRP5sb8fy,multi,5,8,evaluable,24,6,1,12,0,0.6096026413351574,0.6686576870697795,1,not_estimable_no_ungrounded_predictions,0
Qwen-Thinking,17DRP5sb8fy_case_0041,17DRP5sb8fy,multi,5,1,evaluable,1,1,0,2,0,0.6819816343406049,0.6819816343406049,1,not_estimable_no_ungrounded_predictions,0
Qwen-Thinking,17DRP5sb8fy_case_0042,17DRP5sb8fy,multi,5,1,evaluable,3,1,0,4,0,0.7581947196296337,0.7581947196296337,0,not_estimable_no_ungrounded_predictions,0
Qwen-Thinking,17DRP5sb8fy_case_0043,17DRP5sb8fy,multi,5,4,evaluable,4,2,0,4,0,0.7553075631667248,0.7223410739116651,1,not_estimable_no_ungrounded_predictions,0
Qwen-Thinking,17DRP5sb8fy_case_0044,17DRP5sb8fy,multi,5,4,evaluable,5,2,0,5,0,0.3304768164004535,0.43531959504117423,1,not_estimable_no_ungrounded_predictions,0
Qwen-Thinking,17DRP5sb8fy_case_0045,17DRP5sb8fy,multi,5,8,evaluable,28,4,1,14,0,0.6314281696552098,0.6401720015877836,1,not_estimable_no_ungrounded_predictions,0
Qwen-Instant,r47D5H71a5s_case_0007,r47D5H71a5s,single,1,1,evaluable,5,1,0,6,0,0.13321635965988138,0.13321635965988138,1,not_estimable_no_ungrounded_predictions,0
Qwen-Instant,r47D5H71a5s_case_0008,r47D5H71a5s,single,1,4,evaluable,116,4,0,29,0,0.7572420847150473,0.7572420847150472,1,not_estimable_no_ungrounded_predictions,0
Qwen-Instant,r47D5H71a5s_case_0009,r47D5H71a5s,single,1,4,evaluable,111,4,0,29,0,0.5317803822370939,0.543733570976895,1,not_estimable_no_ungrounded_predictions,0
Qwen-Instant,r47D5H71a5s_case_0010,r47D5H71a5s,single,1,8,evaluable,86,7,0,24,0,0.5732688716739842,0.594584489838546,1,not_estimable_no_ungrounded_predictions,0
Qwen-Instant,r47D5H71a5s_case_0011,r47D5H71a5s,single,1,1,evaluable,8,1,0,9,0,0.6182869819004907,0.6182869819004907,1,not_estimable_no_ungrounded_predictions,0
Qwen-Instant,r47D5H71a5s_case_0012,r47D5H71a5s,single,1,1,evaluable,29,1,0,29,0,0.48805818314815436,0.48805818314815436,1,not_estimable_no_ungrounded_predictions,0
Qwen-Instant,r47D5H71a5s_case_0013,r47D5H71a5s,single,1,4,evaluable,57,4,0,29,0,0.453715217668767,0.4572377303756289,1,not_estimable_no_ungrounded_predictions,0
Qwen-Instant,r47D5H71a5s_case_0014,r47D5H71a5s,single,1,4,evaluable,79,4,0,29,0,0.5773894404865935,0.5660023334862524,1,not_estimable_no_ungrounded_predictions,0
Qwen-Instant,r47D5H71a5s_case_0015,r47D5H71a5s,single,1,8,evaluable,81,7,0,29,0,0.5671527824639094,0.6109508477310769,1,not_estimable_no_ungrounded_predictions,0
Qwen-Instant,r47D5H71a5s_case_0016,r47D5H71a5s,multi,3,1,evaluable,29,1,0,29,0,0.48299267810320323,0.48299267810320323,1,not_estimable_no_ungrounded_predictions,0
Qwen-Instant,r47D5H71a5s_case_0017,r47D5H71a5s,multi,3,1,evaluable,4,1,0,5,0,0.27540326604888354,0.27540326604888354,1,not_estimable_no_ungrounded_predictions,0
Qwen-Instant,r47D5H71a5s_case_0018,r47D5H71a5s,multi,3,4,evaluable,11,3,0,7,0,0.6120367872488588,0.6699899109871454,1,not_estimable_no_ungrounded_predictions,0
Qwen-Instant,r47D5H71a5s_case_0019,r47D5H71a5s,multi,3,4,evaluable,26,3,0,18,0,0.3871093339168979,0.3992825652155054,1,not_estimable_no_ungrounded_predictions,0
Qwen-Instant,r47D5H71a5s_case_0020,r47D5H71a5s,multi,3,8,evaluable,44,8,0,12,0,0.5363007005693312,0.5275946603253986,1,not_estimable_no_ungrounded_predictions,0
Qwen-Instant,r47D5H71a5s_case_0036,r47D5H71a5s,multi,5,1,evaluable,2,1,0,3,0,0.6396416307374897,0.6396416307374897,1,not_estimable_no_ungrounded_predictions,0
Qwen-Instant,r47D5H71a5s_case_0041,r47D5H71a5s,multi,5,1,not_applicable_no_target_hypothesis,0,0,0,1,0,,,0,not_estimable_no_ungrounded_predictions,0
Qwen-Instant,r47D5H71a5s_case_0042,r47D5H71a5s,multi,5,1,evaluable,2,1,0,3,0,0.7446585882804106,0.7446585882804106,0,not_estimable_no_ungrounded_predictions,0
Qwen-Instant,r47D5H71a5s_case_0043,r47D5H71a5s,multi,5,4,evaluable,3,2,0,3,0,0.4413420689554863,0.43221843528225995,1,not_estimable_no_ungrounded_predictions,0
Qwen-Instant,r47D5H71a5s_case_0044,r47D5H71a5s,multi,5,4,evaluable,3,2,0,3,0,0.5528378607577177,0.5667139678464678,1,not_estimable_no_ungrounded_predictions,0
Qwen-Instant,r47D5H71a5s_case_0045,r47D5H71a5s,multi,5,8,evaluable,14,4,0,7,0,0.6208411018080181,0.6427408466437439,1,not_estimable_no_ungrounded_predictions,0
Qwen-Instant,zsNo4HB9uLZ_case_0001,zsNo4HB9uLZ,single,1,1,evaluable,29,1,0,29,0,0.5669928679685551,0.5669928679685551,0,not_estimable_no_ungrounded_predictions,0
Qwen-Instant,zsNo4HB9uLZ_case_0002,zsNo4HB9uLZ,single,1,1,evaluable,1,1,0,2,0,0.2944514680431749,0.2944514680431749,0,not_estimable_no_ungrounded_predictions,0
Qwen-Instant,zsNo4HB9uLZ_case_0003,zsNo4HB9uLZ,single,1,4,evaluable,58,3,0,29,0,0.5751246647562265,0.6408458342492099,1,not_estimable_no_ungrounded_predictions,0
Qwen-Instant,zsNo4HB9uLZ_case_0004,zsNo4HB9uLZ,single,1,4,evaluable,72,4,0,29,0,0.5265543338212283,0.5452408098999315,1,not_estimable_no_ungrounded_predictions,0
Qwen-Instant,zsNo4HB9uLZ_case_0005,zsNo4HB9uLZ,single,1,8,evaluable,58,7,0,18,0,0.5213024829801921,0.6124632766577245,1,not_estimable_no_ungrounded_predictions,0
Qwen-Instant,zsNo4HB9uLZ_case_0006,zsNo4HB9uLZ,single,1,1,evaluable,22,1,0,23,0,0.5476634040585965,0.5476634040585965,1,not_estimable_no_ungrounded_predictions,0
Qwen-Instant,zsNo4HB9uLZ_case_0008,zsNo4HB9uLZ,single,1,4,evaluable,44,4,0,29,0,0.5308286440357727,0.6342948780024132,1,not_estimable_no_ungrounded_predictions,0
Qwen-Instant,zsNo4HB9uLZ_case_0009,zsNo4HB9uLZ,single,1,4,evaluable,95,4,0,29,0,0.44579861798674786,0.4105610805428299,1,not_estimable_no_ungrounded_predictions,0
Qwen-Instant,zsNo4HB9uLZ_case_0010,zsNo4HB9uLZ,single,1,8,evaluable,92,6,0,29,0,0.5036630048862446,0.6046715188379754,1,not_estimable_no_ungrounded_predictions,0
Qwen-Instant,zsNo4HB9uLZ_case_0011,zsNo4HB9uLZ,single,1,1,evaluable,11,1,0,12,0,0.29656188537715505,0.29656188537715505,1,not_estimable_no_ungrounded_predictions,0
Qwen-Instant,zsNo4HB9uLZ_case_0012,zsNo4HB9uLZ,single,1,1,evaluable,11,1,0,12,0,0.7755777294922144,0.7755777294922144,1,not_estimable_no_ungrounded_predictions,0
Qwen-Instant,zsNo4HB9uLZ_case_0013,zsNo4HB9uLZ,single,1,4,evaluable,116,4,0,29,0,0.6541829004287666,0.6541829004287666,1,not_estimable_no_ungrounded_predictions,0
Qwen-Instant,zsNo4HB9uLZ_case_0014,zsNo4HB9uLZ,single,1,4,evaluable,43,3,0,29,0,0.5198402942385755,0.6570798695495124,1,not_estimable_no_ungrounded_predictions,0
Qwen-Instant,zsNo4HB9uLZ_case_0015,zsNo4HB9uLZ,single,1,8,evaluable,125,7,0,29,0,0.6804798311437619,0.749205610102417,1,not_estimable_no_ungrounded_predictions,0
Qwen-Instant,zsNo4HB9uLZ_case_0016,zsNo4HB9uLZ,multi,3,1,evaluable,4,1,0,5,0,0.3578716870478456,0.3578716870478456,1,not_estimable_no_ungrounded_predictions,0
Qwen-Instant,zsNo4HB9uLZ_case_0017,zsNo4HB9uLZ,multi,3,1,evaluable,3,1,0,4,0,0.8902141728309996,0.8902141728309996,1,not_estimable_no_ungrounded_predictions,0
Qwen-Instant,zsNo4HB9uLZ_case_0018,zsNo4HB9uLZ,multi,3,4,evaluable,17,3,0,14,0,0.518020232072585,0.6223474061316855,1,not_estimable_no_ungrounded_predictions,0
Qwen-Instant,zsNo4HB9uLZ_case_0019,zsNo4HB9uLZ,multi,3,4,evaluable,13,4,0,8,0,0.7453965411049922,0.560280458214916,1,not_estimable_no_ungrounded_predictions,0
Qwen-Instant,zsNo4HB9uLZ_case_0020,zsNo4HB9uLZ,multi,3,8,evaluable,52,7,0,18,0,0.5728567924491733,0.5272078343106829,1,not_estimable_no_ungrounded_predictions,0
Qwen-Instant,zsNo4HB9uLZ_case_0045,zsNo4HB9uLZ,multi,5,8,evaluable,15,5,0,7,0,0.5952439071514116,0.5930959132944086,1,not_estimable_no_ungrounded_predictions,0
Qwen-Instant,JF19kD82Mey_case_0003,JF19kD82Mey,single,1,4,evaluable,16,3,0,12,0,0.7491639466730518,0.7502700147885752,1,not_estimable_no_ungrounded_predictions,0
Qwen-Instant,JF19kD82Mey_case_0004,JF19kD82Mey,single,1,4,evaluable,116,4,0,29,0,0.5787174050916902,0.5787174050916903,1,not_estimable_no_ungrounded_predictions,0
Qwen-Instant,JF19kD82Mey_case_0006,JF19kD82Mey,single,1,1,evaluable,1,1,0,2,0,0.9768064222737967,0.9768064222737967,1,not_estimable_no_ungrounded_predictions,0
Qwen-Instant,JF19kD82Mey_case_0007,JF19kD82Mey,single,1,1,evaluable,29,1,0,29,0,0.7083166257559277,0.7083166257559277,1,not_estimable_no_ungrounded_predictions,0
Qwen-Instant,JF19kD82Mey_case_0016,JF19kD82Mey,multi,3,1,not_applicable_no_target_hypothesis,0,0,0,1,0,,,0,not_estimable_no_ungrounded_predictions,0
Qwen-Instant,JF19kD82Mey_case_0018,JF19kD82Mey,multi,3,4,evaluable,15,3,0,10,0,0.6649293959627234,0.6867773575797477,1,not_estimable_no_ungrounded_predictions,0
Qwen-Instant,JF19kD82Mey_case_0020,JF19kD82Mey,multi,3,8,evaluable,24,6,0,9,0,0.6316728326734763,0.590219719007067,1,not_estimable_no_ungrounded_predictions,0
Qwen-Instant,JF19kD82Mey_case_0021,JF19kD82Mey,multi,3,1,evaluable,13,1,0,14,0,0.8466931948011485,0.8466931948011485,1,not_estimable_no_ungrounded_predictions,0
Qwen-Instant,JF19kD82Mey_case_0022,JF19kD82Mey,multi,3,1,evaluable,1,1,0,2,0,0.44197215839171733,0.44197215839171733,1,not_estimable_no_ungrounded_predictions,0
Qwen-Instant,JF19kD82Mey_case_0023,JF19kD82Mey,multi,3,4,evaluable,7,2,0,7,0,0.6683814288903004,0.5904115263941201,1,not_estimable_no_ungrounded_predictions,0
Qwen-Instant,JF19kD82Mey_case_0024,JF19kD82Mey,multi,3,4,evaluable,21,3,0,13,0,0.5747187572428268,0.5475146609542868,1,not_estimable_no_ungrounded_predictions,0
Qwen-Instant,JF19kD82Mey_case_0025,JF19kD82Mey,multi,3,8,evaluable,28,6,0,14,0,0.6250852374580482,0.631898147774093,1,not_estimable_no_ungrounded_predictions,0
Qwen-Instant,JF19kD82Mey_case_0026,JF19kD82Mey,multi,3,1,not_applicable_no_target_hypothesis,0,0,0,1,0,,,0,not_estimable_no_ungrounded_predictions,0
Qwen-Instant,JF19kD82Mey_case_0027,JF19kD82Mey,multi,3,1,not_applicable_no_target_hypothesis,0,0,0,1,0,,,0,not_estimable_no_ungrounded_predictions,0
Qwen-Instant,JF19kD82Mey_case_0028,JF19kD82Mey,multi,3,4,evaluable,20,3,0,17,0,0.7681472027838534,0.7302869534243349,1,not_estimable_no_ungrounded_predictions,0
Qwen-Instant,JF19kD82Mey_case_0029,JF19kD82Mey,multi,3,4,evaluable,19,3,0,14,0,0.8158057510097851,0.796886395802995,1,not_estimable_no_ungrounded_predictions,0
Qwen-Instant,JF19kD82Mey_case_0030,JF19kD82Mey,multi,3,8,evaluable,22,3,0,13,0,0.6154602482075092,0.5860568903703354,1,not_estimable_no_ungrounded_predictions,0
Qwen-Instant,JF19kD82Mey_case_0031,JF19kD82Mey,multi,5,1,evaluable,2,1,0,3,0,0.5215382683273285,0.5215382683273285,1,not_estimable_no_ungrounded_predictions,0
Qwen-Instant,JF19kD82Mey_case_0032,JF19kD82Mey,multi,5,1,not_applicable_no_target_hypothesis,0,0,0,1,0,,,0,not_estimable_no_ungrounded_predictions,0
Qwen-Instant,JF19kD82Mey_case_0033,JF19kD82Mey,multi,5,4,evaluable,2,1,0,3,0,0.7221256440547419,0.7221256440547419,1,not_estimable_no_ungrounded_predictions,0
Qwen-Instant,RPmz2sHmrrY_case_0021,RPmz2sHmrrY,multi,3,1,evaluable,1,1,0,2,0,0.5891058842840384,0.5891058842840384,1,not_estimable_no_ungrounded_predictions,0
Qwen-Instant,RPmz2sHmrrY_case_0022,RPmz2sHmrrY,multi,3,1,evaluable,3,1,0,4,0,0.4797993147837098,0.4797993147837098,1,not_estimable_no_ungrounded_predictions,0
Qwen-Instant,RPmz2sHmrrY_case_0023,RPmz2sHmrrY,multi,3,4,evaluable,17,3,0,9,0,0.4949863358424519,0.4620028632236913,1,not_estimable_no_ungrounded_predictions,0
Qwen-Instant,RPmz2sHmrrY_case_0024,RPmz2sHmrrY,multi,3,4,evaluable,9,3,0,5,0,0.6006886530395836,0.6476238534009132,1,not_estimable_no_ungrounded_predictions,0
Qwen-Instant,RPmz2sHmrrY_case_0025,RPmz2sHmrrY,multi,3,8,evaluable,41,5,0,24,0,0.6291705911112544,0.6311744803986127,1,not_estimable_no_ungrounded_predictions,0
Qwen-Instant,RPmz2sHmrrY_case_0026,RPmz2sHmrrY,multi,3,1,evaluable,6,1,0,7,0,0.8115372487080252,0.8115372487080252,1,not_estimable_no_ungrounded_predictions,0
Qwen-Instant,RPmz2sHmrrY_case_0027,RPmz2sHmrrY,multi,3,1,not_applicable_no_target_hypothesis,0,0,0,1,0,,,0,not_estimable_no_ungrounded_predictions,0
Qwen-Instant,RPmz2sHmrrY_case_0028,RPmz2sHmrrY,multi,3,4,evaluable,36,3,0,24,0,0.660497195756913,0.6141316017961231,1,not_estimable_no_ungrounded_predictions,0
Qwen-Instant,RPmz2sHmrrY_case_0029,RPmz2sHmrrY,multi,3,4,evaluable,31,4,0,26,0,0.6626070551917028,0.6786990018104516,1,not_estimable_no_ungrounded_predictions,0
Qwen-Instant,RPmz2sHmrrY_case_0030,RPmz2sHmrrY,multi,3,8,evaluable,48,5,0,29,0,0.6270199147334907,0.6381623699482597,1,not_estimable_no_ungrounded_predictions,0
Qwen-Instant,RPmz2sHmrrY_case_0031,RPmz2sHmrrY,multi,5,1,not_applicable_no_target_hypothesis,0,0,0,1,0,,,0,not_estimable_no_ungrounded_predictions,0
Qwen-Instant,RPmz2sHmrrY_case_0032,RPmz2sHmrrY,multi,5,1,not_applicable_no_target_hypothesis,0,0,0,1,0,,,0,not_estimable_no_ungrounded_predictions,0
Qwen-Instant,RPmz2sHmrrY_case_0033,RPmz2sHmrrY,multi,5,4,evaluable,1,1,0,2,0,0.26780911177421385,0.26780911177421385,1,not_estimable_no_ungrounded_predictions,0
Qwen-Instant,RPmz2sHmrrY_case_0034,RPmz2sHmrrY,multi,5,4,evaluable,8,2,0,6,0,0.579611276119733,0.5679092238604382,1,not_estimable_no_ungrounded_predictions,0
Qwen-Instant,RPmz2sHmrrY_case_0035,RPmz2sHmrrY,multi,5,8,evaluable,22,5,0,13,0,0.6020023038559787,0.6365239514397969,1,not_estimable_no_ungrounded_predictions,0
Qwen-Instant,RPmz2sHmrrY_case_0036,RPmz2sHmrrY,multi,5,1,evaluable,13,1,0,14,0,0.5765002959607392,0.5765002959607392,1,not_estimable_no_ungrounded_predictions,0
Qwen-Instant,RPmz2sHmrrY_case_0037,RPmz2sHmrrY,multi,5,1,not_applicable_no_target_hypothesis,0,0,0,1,0,,,0,not_estimable_no_ungrounded_predictions,0
Qwen-Instant,RPmz2sHmrrY_case_0038,RPmz2sHmrrY,multi,5,4,evaluable,12,3,0,6,0,0.5980234192225048,0.5728310210967644,1,not_estimable_no_ungrounded_predictions,0
Qwen-Instant,RPmz2sHmrrY_case_0039,RPmz2sHmrrY,multi,5,4,evaluable,9,3,0,5,0,0.5436759052483969,0.5525122837910186,1,not_estimable_no_ungrounded_predictions,0
Qwen-Instant,RPmz2sHmrrY_case_0040,RPmz2sHmrrY,multi,5,8,evaluable,40,7,0,16,0,0.6442612569262868,0.6636567496523371,1,not_estimable_no_ungrounded_predictions,0
Qwen-Instant,17DRP5sb8fy_case_0001,17DRP5sb8fy,single,1,1,evaluable,9,1,0,10,0,0.37983356074535624,0.37983356074535624,0,not_estimable_no_ungrounded_predictions,0
Qwen-Instant,17DRP5sb8fy_case_0002,17DRP5sb8fy,single,1,1,evaluable,29,1,0,29,0,0.3179785600365498,0.3179785600365498,1,not_estimable_no_ungrounded_predictions,0
Qwen-Instant,17DRP5sb8fy_case_0003,17DRP5sb8fy,single,1,4,evaluable,43,4,0,29,0,0.515838617707606,0.6082771683515268,1,not_estimable_no_ungrounded_predictions,0
Qwen-Instant,17DRP5sb8fy_case_0004,17DRP5sb8fy,single,1,4,evaluable,47,3,0,29,0,0.30514272510289814,0.25772189034255544,1,not_estimable_no_ungrounded_predictions,0
Qwen-Instant,17DRP5sb8fy_case_0005,17DRP5sb8fy,single,1,8,evaluable,90,6,0,29,0,0.482470698506311,0.6498092618435957,1,not_estimable_no_ungrounded_predictions,0
Qwen-Instant,17DRP5sb8fy_case_0006,17DRP5sb8fy,single,1,1,evaluable,29,1,0,29,0,0.29732063731093694,0.29732063731093694,1,not_estimable_no_ungrounded_predictions,0
Qwen-Instant,17DRP5sb8fy_case_0007,17DRP5sb8fy,single,1,1,not_applicable_no_target_hypothesis,0,0,0,1,0,,,0,not_estimable_no_ungrounded_predictions,0
Qwen-Instant,17DRP5sb8fy_case_0033,17DRP5sb8fy,multi,5,4,evaluable,80,4,4,21,0,0.4602032825077466,0.46020328250774667,1,not_estimable_no_ungrounded_predictions,0
Qwen-Instant,17DRP5sb8fy_case_0034,17DRP5sb8fy,multi,5,4,evaluable,16,2,1,16,0,0.8070648410455045,0.8112984607373385,1,not_estimable_no_ungrounded_predictions,0
Qwen-Instant,17DRP5sb8fy_case_0035,17DRP5sb8fy,multi,5,8,evaluable,27,5,1,18,0,0.8195028754735993,0.7846954551729521,1,not_estimable_no_ungrounded_predictions,0
Qwen-Instant,17DRP5sb8fy_case_0036,17DRP5sb8fy,multi,5,1,evaluable,1,1,0,2,0,0.5583088352364156,0.5583088352364156,0,not_estimable_no_ungrounded_predictions,0
Qwen-Instant,17DRP5sb8fy_case_0037,17DRP5sb8fy,multi,5,1,not_applicable_no_target_hypothesis,0,0,0,1,0,,,0,not_estimable_no_ungrounded_predictions,0
Qwen-Instant,17DRP5sb8fy_case_0038,17DRP5sb8fy,multi,5,4,evaluable,8,2,0,5,0,0.5505296370030833,0.5505296370030833,1,not_estimable_no_ungrounded_predictions,0
Qwen-Instant,17DRP5sb8fy_case_0039,17DRP5sb8fy,multi,5,4,evaluable,14,2,0,12,0,0.6954291520261714,0.6728025429192808,1,not_estimable_no_ungrounded_predictions,0
Qwen-Instant,17DRP5sb8fy_case_0040,17DRP5sb8fy,multi,5,8,evaluable,22,5,1,13,0,0.6282418727259241,0.6736211312993469,1,not_estimable_no_ungrounded_predictions,0
Qwen-Instant,17DRP5sb8fy_case_0041,17DRP5sb8fy,multi,5,1,evaluable,1,1,0,2,0,0.6164980030045673,0.6164980030045673,1,not_estimable_no_ungrounded_predictions,0
Qwen-Instant,17DRP5sb8fy_case_0042,17DRP5sb8fy,multi,5,1,evaluable,1,1,0,2,0,0.6322124872226648,0.6322124872226648,0,not_estimable_no_ungrounded_predictions,0
Qwen-Instant,17DRP5sb8fy_case_0043,17DRP5sb8fy,multi,5,4,evaluable,2,2,0,2,0,0.6443102913121055,0.6443102913121055,1,not_estimable_no_ungrounded_predictions,0
Qwen-Instant,17DRP5sb8fy_case_0044,17DRP5sb8fy,multi,5,4,evaluable,16,2,0,13,0,0.5202994194369207,0.4582440795175075,1,not_estimable_no_ungrounded_predictions,0
Qwen-Instant,17DRP5sb8fy_case_0045,17DRP5sb8fy,multi,5,8,evaluable,22,4,1,10,0,0.6400180877023757,0.636449142014134,1,not_estimable_no_ungrounded_predictions,0
Gemma-Instant,r47D5H71a5s_case_0007,r47D5H71a5s,single,1,1,evaluable,17,1,0,18,0,0.1251882460190273,0.1251882460190273,1,not_estimable_no_ungrounded_predictions,0
Gemma-Instant,r47D5H71a5s_case_0008,r47D5H71a5s,single,1,4,evaluable,78,4,0,29,0,0.7076920154060884,0.7143560326364289,1,not_estimable_no_ungrounded_predictions,0
Gemma-Instant,r47D5H71a5s_case_0009,r47D5H71a5s,single,1,4,evaluable,64,4,0,25,0,0.5160423245301826,0.5103378223345107,1,not_estimable_no_ungrounded_predictions,0
Gemma-Instant,r47D5H71a5s_case_0010,r47D5H71a5s,single,1,8,evaluable,90,8,0,12,0,0.5803478266989883,0.5843800509740232,1,not_estimable_no_ungrounded_predictions,0
Gemma-Instant,r47D5H71a5s_case_0011,r47D5H71a5s,single,1,1,evaluable,3,1,0,4,0,0.6323567590587781,0.6323567590587781,1,not_estimable_no_ungrounded_predictions,0
Gemma-Instant,r47D5H71a5s_case_0012,r47D5H71a5s,single,1,1,evaluable,11,1,0,12,0,0.2996163402720286,0.2996163402720286,1,not_estimable_no_ungrounded_predictions,0
Gemma-Instant,r47D5H71a5s_case_0013,r47D5H71a5s,single,1,4,evaluable,116,4,0,29,0,0.5029922520682983,0.5029922520682983,1,not_estimable_no_ungrounded_predictions,0
Gemma-Instant,r47D5H71a5s_case_0014,r47D5H71a5s,single,1,4,evaluable,22,3,0,15,0,0.5904375098087522,0.6001168436208385,1,not_estimable_no_ungrounded_predictions,0
Gemma-Instant,r47D5H71a5s_case_0015,r47D5H71a5s,single,1,8,evaluable,217,8,0,29,0,0.5219028235678591,0.525567588198725,1,not_estimable_no_ungrounded_predictions,0
Gemma-Instant,r47D5H71a5s_case_0016,r47D5H71a5s,multi,3,1,evaluable,3,1,0,4,0,0.2485887979504071,0.2485887979504071,1,not_estimable_no_ungrounded_predictions,0
Gemma-Instant,r47D5H71a5s_case_0017,r47D5H71a5s,multi,3,1,evaluable,3,1,0,4,0,0.42686603819422714,0.42686603819422714,1,not_estimable_no_ungrounded_predictions,0
Gemma-Instant,r47D5H71a5s_case_0018,r47D5H71a5s,multi,3,4,evaluable,24,2,0,22,0,0.6176229980337257,0.6264411092679836,1,not_estimable_no_ungrounded_predictions,0
Gemma-Instant,r47D5H71a5s_case_0019,r47D5H71a5s,multi,3,4,evaluable,22,3,0,18,0,0.32746807947024065,0.33942885858063154,1,not_estimable_no_ungrounded_predictions,0
Gemma-Instant,r47D5H71a5s_case_0020,r47D5H71a5s,multi,3,8,evaluable,63,8,0,16,0,0.5382645743287152,0.547866432371748,1,not_estimable_no_ungrounded_predictions,0
Gemma-Instant,r47D5H71a5s_case_0036,r47D5H71a5s,multi,5,1,evaluable,1,1,0,2,0,0.6064093887038811,0.6064093887038811,1,not_estimable_no_ungrounded_predictions,0
Gemma-Instant,r47D5H71a5s_case_0041,r47D5H71a5s,multi,5,1,not_applicable_no_target_hypothesis,0,0,0,1,0,,,0,not_estimable_no_ungrounded_predictions,0
Gemma-Instant,r47D5H71a5s_case_0042,r47D5H71a5s,multi,5,1,evaluable,2,1,0,3,0,0.6561570460630433,0.6561570460630433,0,not_estimable_no_ungrounded_predictions,0
Gemma-Instant,r47D5H71a5s_case_0043,r47D5H71a5s,multi,5,4,evaluable,2,1,0,3,0,0.3444304265135613,0.3444304265135613,1,not_estimable_no_ungrounded_predictions,0
Gemma-Instant,r47D5H71a5s_case_0044,r47D5H71a5s,multi,5,4,evaluable,6,2,0,5,0,0.528815801446833,0.5677058279255192,1,not_estimable_no_ungrounded_predictions,0
Gemma-Instant,r47D5H71a5s_case_0045,r47D5H71a5s,multi,5,8,evaluable,17,4,0,11,0,0.5910004225754971,0.6437337727240212,1,not_estimable_no_ungrounded_predictions,0
Gemma-Instant,zsNo4HB9uLZ_case_0001,zsNo4HB9uLZ,single,1,1,not_applicable_no_target_hypothesis,0,0,1,1,0,,,0,not_estimable_no_ungrounded_predictions,0
Gemma-Instant,zsNo4HB9uLZ_case_0002,zsNo4HB9uLZ,single,1,1,not_applicable_no_target_hypothesis,0,0,1,1,0,,,0,not_estimable_no_ungrounded_predictions,0
Gemma-Instant,zsNo4HB9uLZ_case_0003,zsNo4HB9uLZ,single,1,4,evaluable,105,4,0,29,0,0.6472319749362322,0.6529455364279915,1,not_estimable_no_ungrounded_predictions,0
Gemma-Instant,zsNo4HB9uLZ_case_0004,zsNo4HB9uLZ,single,1,4,evaluable,49,4,0,29,0,0.5030712748805064,0.4922196331410294,1,not_estimable_no_ungrounded_predictions,0
Gemma-Instant,zsNo4HB9uLZ_case_0005,zsNo4HB9uLZ,single,1,8,evaluable,33,7,0,9,0,0.5763197335713545,0.6354977758788526,1,not_estimable_no_ungrounded_predictions,0
Gemma-Instant,zsNo4HB9uLZ_case_0006,zsNo4HB9uLZ,single,1,1,evaluable,5,1,0,6,0,0.7393130023459069,0.7393130023459069,1,not_estimable_no_ungrounded_predictions,0
Gemma-Instant,zsNo4HB9uLZ_case_0008,zsNo4HB9uLZ,single,1,4,evaluable,23,4,0,8,0,0.796829554977905,0.770329122108367,1,not_estimable_no_ungrounded_predictions,0
Gemma-Instant,zsNo4HB9uLZ_case_0009,zsNo4HB9uLZ,single,1,4,evaluable,24,4,0,6,0,0.28070431617532826,0.28070431617532826,1,not_estimable_no_ungrounded_predictions,0
Gemma-Instant,zsNo4HB9uLZ_case_0010,zsNo4HB9uLZ,single,1,8,evaluable,98,6,0,29,0,0.5163202719504169,0.5800939443084473,1,not_estimable_no_ungrounded_predictions,0
Gemma-Instant,zsNo4HB9uLZ_case_0011,zsNo4HB9uLZ,single,1,1,evaluable,29,1,0,29,0,0.44696534997052717,0.44696534997052717,1,not_estimable_no_ungrounded_predictions,0
Gemma-Instant,zsNo4HB9uLZ_case_0012,zsNo4HB9uLZ,single,1,1,evaluable,3,1,0,4,0,0.7133358144000365,0.7133358144000365,1,not_estimable_no_ungrounded_predictions,0
Gemma-Instant,zsNo4HB9uLZ_case_0013,zsNo4HB9uLZ,single,1,4,evaluable_with_invalid_target_time_excluded,12,4,0,4,0,0.6988434342710034,0.6988434342710034,1,not_estimable_no_ungrounded_predictions,0
Gemma-Instant,zsNo4HB9uLZ_case_0014,zsNo4HB9uLZ,single,1,4,evaluable,3,3,0,2,0,0.5603730486458538,0.5603730486458538,1,not_estimable_no_ungrounded_predictions,0
Gemma-Instant,zsNo4HB9uLZ_case_0015,zsNo4HB9uLZ,single,1,8,evaluable,40,7,0,13,0,0.6806676338205946,0.761351050038544,1,not_estimable_no_ungrounded_predictions,0
Gemma-Instant,zsNo4HB9uLZ_case_0016,zsNo4HB9uLZ,multi,3,1,evaluable,29,1,0,29,0,0.43065543279177837,0.43065543279177837,1,not_estimable_no_ungrounded_predictions,0
Gemma-Instant,zsNo4HB9uLZ_case_0017,zsNo4HB9uLZ,multi,3,1,evaluable,1,1,0,2,0,0.8529679723075616,0.8529679723075616,1,not_estimable_no_ungrounded_predictions,0
Gemma-Instant,zsNo4HB9uLZ_case_0018,zsNo4HB9uLZ,multi,3,4,evaluable,29,3,0,14,0,0.6250297207095722,0.6812760402113609,1,not_estimable_no_ungrounded_predictions,0
Gemma-Instant,zsNo4HB9uLZ_case_0019,zsNo4HB9uLZ,multi,3,4,evaluable,12,4,0,7,0,0.6956090838968664,0.601035980319794,1,not_estimable_no_ungrounded_predictions,0
Gemma-Instant,zsNo4HB9uLZ_case_0020,zsNo4HB9uLZ,multi,3,8,evaluable,43,7,0,13,0,0.5944232568222735,0.5449825313224911,1,not_estimable_no_ungrounded_predictions,0
Gemma-Instant,zsNo4HB9uLZ_case_0045,zsNo4HB9uLZ,multi,5,8,evaluable,17,6,0,6,0,0.5939651379607916,0.6171098957911019,1,not_estimable_no_ungrounded_predictions,0
Gemma-Instant,JF19kD82Mey_case_0003,JF19kD82Mey,single,1,4,evaluable,50,3,0,29,0,0.7131589898613455,0.7837408908692473,1,not_estimable_no_ungrounded_predictions,0
Gemma-Instant,JF19kD82Mey_case_0004,JF19kD82Mey,single,1,4,evaluable,112,4,0,29,0,0.5459852476940312,0.5470803701808117,1,not_estimable_no_ungrounded_predictions,0
Gemma-Instant,JF19kD82Mey_case_0006,JF19kD82Mey,single,1,1,evaluable,1,1,0,2,0,0.9506455925495522,0.9506455925495522,1,not_estimable_no_ungrounded_predictions,0
Gemma-Instant,JF19kD82Mey_case_0007,JF19kD82Mey,single,1,1,evaluable,12,1,0,12,0,0.6395300175488535,0.6395300175488535,1,not_estimable_no_ungrounded_predictions,0
Gemma-Instant,JF19kD82Mey_case_0016,JF19kD82Mey,multi,3,1,not_applicable_no_target_hypothesis,0,0,0,1,0,,,0,not_estimable_no_ungrounded_predictions,0
Gemma-Instant,JF19kD82Mey_case_0018,JF19kD82Mey,multi,3,4,evaluable,3,2,0,3,0,0.7074339715601073,0.6823673158286031,1,not_estimable_no_ungrounded_predictions,0
Gemma-Instant,JF19kD82Mey_case_0020,JF19kD82Mey,multi,3,8,evaluable,24,5,0,13,0,0.572453772804995,0.5967851807010259,1,not_estimable_no_ungrounded_predictions,0
Gemma-Instant,JF19kD82Mey_case_0021,JF19kD82Mey,multi,3,1,evaluable,20,1,0,21,0,0.8792727608488251,0.8792727608488251,1,not_estimable_no_ungrounded_predictions,0
Gemma-Instant,JF19kD82Mey_case_0022,JF19kD82Mey,multi,3,1,evaluable,1,1,0,2,0,0.4918348820118644,0.4918348820118644,1,not_estimable_no_ungrounded_predictions,0
Gemma-Instant,JF19kD82Mey_case_0023,JF19kD82Mey,multi,3,4,evaluable,4,2,0,4,0,0.5006547306713034,0.584404462359045,1,not_estimable_no_ungrounded_predictions,0
Gemma-Instant,JF19kD82Mey_case_0024,JF19kD82Mey,multi,3,4,evaluable,6,3,0,4,0,0.6533077897562628,0.649989635258806,1,not_estimable_no_ungrounded_predictions,0
Gemma-Instant,JF19kD82Mey_case_0025,JF19kD82Mey,multi,3,8,evaluable,36,7,0,13,0,0.7080872478437499,0.7461013402104689,1,not_estimable_no_ungrounded_predictions,0
Gemma-Instant,JF19kD82Mey_case_0026,JF19kD82Mey,multi,3,1,not_applicable_no_target_hypothesis,0,0,0,1,0,,,0,not_estimable_no_ungrounded_predictions,0
Gemma-Instant,JF19kD82Mey_case_0027,JF19kD82Mey,multi,3,1,not_applicable_no_target_hypothesis,0,0,0,1,0,,,0,not_estimable_no_ungrounded_predictions,0
Gemma-Instant,JF19kD82Mey_case_0028,JF19kD82Mey,multi,3,4,evaluable,11,3,0,6,0,0.6354723757143936,0.6291696270351036,1,not_estimable_no_ungrounded_predictions,0
Gemma-Instant,JF19kD82Mey_case_0029,JF19kD82Mey,multi,3,4,evaluable,11,3,0,6,0,0.8859641750139584,0.9004302440215256,1,not_estimable_no_ungrounded_predictions,0
Gemma-Instant,JF19kD82Mey_case_0030,JF19kD82Mey,multi,3,8,evaluable,11,4,0,7,0,0.6596518805720358,0.6529503297894472,1,not_estimable_no_ungrounded_predictions,0
Gemma-Instant,JF19kD82Mey_case_0031,JF19kD82Mey,multi,5,1,evaluable,4,1,0,5,0,0.45575105259085225,0.45575105259085225,1,not_estimable_no_ungrounded_predictions,0
Gemma-Instant,JF19kD82Mey_case_0032,JF19kD82Mey,multi,5,1,not_applicable_no_target_hypothesis,0,0,0,1,0,,,0,not_estimable_no_ungrounded_predictions,0
Gemma-Instant,JF19kD82Mey_case_0033,JF19kD82Mey,multi,5,4,evaluable,3,2,0,3,0,0.7042178996364713,0.6741729687187564,1,not_estimable_no_ungrounded_predictions,0
Gemma-Instant,RPmz2sHmrrY_case_0021,RPmz2sHmrrY,multi,3,1,evaluable,1,1,0,2,0,0.918966937289001,0.918966937289001,1,not_estimable_no_ungrounded_predictions,0
Gemma-Instant,RPmz2sHmrrY_case_0022,RPmz2sHmrrY,multi,3,1,evaluable,1,1,0,2,0,0.918197784432182,0.918197784432182,1,not_estimable_no_ungrounded_predictions,0
Gemma-Instant,RPmz2sHmrrY_case_0023,RPmz2sHmrrY,multi,3,4,evaluable,16,3,0,9,0,0.5972157634877582,0.5938234702642716,1,not_estimable_no_ungrounded_predictions,0
Gemma-Instant,RPmz2sHmrrY_case_0024,RPmz2sHmrrY,multi,3,4,evaluable,9,3,0,5,0,0.6590351644467801,0.708587924054291,1,not_estimable_no_ungrounded_predictions,0
Gemma-Instant,RPmz2sHmrrY_case_0025,RPmz2sHmrrY,multi,3,8,evaluable,34,4,0,20,0,0.6441491612977455,0.6925157054775064,1,not_estimable_no_ungrounded_predictions,0
Gemma-Instant,RPmz2sHmrrY_case_0026,RPmz2sHmrrY,multi,3,1,evaluable,5,1,0,6,0,0.9340436922230413,0.9340436922230413,1,not_estimable_no_ungrounded_predictions,0
Gemma-Instant,RPmz2sHmrrY_case_0027,RPmz2sHmrrY,multi,3,1,not_applicable_no_target_hypothesis,0,0,0,1,0,,,0,not_estimable_no_ungrounded_predictions,0
Gemma-Instant,RPmz2sHmrrY_case_0028,RPmz2sHmrrY,multi,3,4,evaluable,50,3,0,29,0,0.7555040290500591,0.670611814659788,1,not_estimable_no_ungrounded_predictions,0
Gemma-Instant,RPmz2sHmrrY_case_0029,RPmz2sHmrrY,multi,3,4,evaluable,29,4,0,24,0,0.6912738399263453,0.6714117203874859,1,not_estimable_no_ungrounded_predictions,0
Gemma-Instant,RPmz2sHmrrY_case_0030,RPmz2sHmrrY,multi,3,8,evaluable,32,5,0,19,0,0.7333611198967608,0.7442529913604446,1,not_estimable_no_ungrounded_predictions,0
Gemma-Instant,RPmz2sHmrrY_case_0031,RPmz2sHmrrY,multi,5,1,not_applicable_no_target_hypothesis,0,0,0,1,0,,,0,not_estimable_no_ungrounded_predictions,0
Gemma-Instant,RPmz2sHmrrY_case_0032,RPmz2sHmrrY,multi,5,1,not_applicable_no_target_hypothesis,0,0,0,1,0,,,0,not_estimable_no_ungrounded_predictions,0
Gemma-Instant,RPmz2sHmrrY_case_0033,RPmz2sHmrrY,multi,5,4,evaluable,1,1,0,2,0,0.6542108451720894,0.6542108451720894,1,not_estimable_no_ungrounded_predictions,0
Gemma-Instant,RPmz2sHmrrY_case_0034,RPmz2sHmrrY,multi,5,4,evaluable,6,2,0,6,0,0.7888630097373333,0.6983137017593668,1,not_estimable_no_ungrounded_predictions,0
Gemma-Instant,RPmz2sHmrrY_case_0035,RPmz2sHmrrY,multi,5,8,evaluable,10,3,0,6,0,0.7421655617874743,0.6997248899424792,1,not_estimable_no_ungrounded_predictions,0
Gemma-Instant,RPmz2sHmrrY_case_0036,RPmz2sHmrrY,multi,5,1,evaluable,13,1,0,14,0,0.7419613931299,0.7419613931299,1,not_estimable_no_ungrounded_predictions,0
Gemma-Instant,RPmz2sHmrrY_case_0037,RPmz2sHmrrY,multi,5,1,not_applicable_no_target_hypothesis,0,0,0,1,0,,,0,not_estimable_no_ungrounded_predictions,0
Gemma-Instant,RPmz2sHmrrY_case_0038,RPmz2sHmrrY,multi,5,4,evaluable,8,3,0,6,0,0.7077661742472965,0.6443205040015902,1,not_estimable_no_ungrounded_predictions,0
Gemma-Instant,RPmz2sHmrrY_case_0039,RPmz2sHmrrY,multi,5,4,evaluable,8,3,0,4,0,0.5156650786688178,0.5308758622648883,1,not_estimable_no_ungrounded_predictions,0
Gemma-Instant,RPmz2sHmrrY_case_0040,RPmz2sHmrrY,multi,5,8,evaluable,20,5,0,6,0,0.710970928409529,0.7106101212631284,1,not_estimable_no_ungrounded_predictions,0
Gemma-Instant,17DRP5sb8fy_case_0001,17DRP5sb8fy,single,1,1,not_applicable_no_target_hypothesis,0,0,1,1,0,,,0,not_estimable_no_ungrounded_predictions,0
Gemma-Instant,17DRP5sb8fy_case_0002,17DRP5sb8fy,single,1,1,evaluable,11,1,0,11,0,0.41179993632671685,0.41179993632671685,1,not_estimable_no_ungrounded_predictions,0
Gemma-Instant,17DRP5sb8fy_case_0003,17DRP5sb8fy,single,1,4,evaluable,116,4,0,29,0,0.6011071591720456,0.6011071591720456,1,not_estimable_no_ungrounded_predictions,0
Gemma-Instant,17DRP5sb8fy_case_0004,17DRP5sb8fy,single,1,4,evaluable,38,3,0,29,0,0.3191423017942769,0.3072576594677254,1,not_estimable_no_ungrounded_predictions,0
Gemma-Instant,17DRP5sb8fy_case_0005,17DRP5sb8fy,single,1,8,evaluable,50,6,0,16,0,0.4602932650948545,0.5834682207309279,1,not_estimable_no_ungrounded_predictions,0
Gemma-Instant,17DRP5sb8fy_case_0006,17DRP5sb8fy,single,1,1,evaluable,7,1,0,8,0,0.7552487530508879,0.7552487530508879,1,not_estimable_no_ungrounded_predictions,0
Gemma-Instant,17DRP5sb8fy_case_0007,17DRP5sb8fy,single,1,1,evaluable,3,1,0,3,0,0.9936028383363844,0.9936028383363844,0,not_estimable_no_ungrounded_predictions,0
Gemma-Instant,17DRP5sb8fy_case_0033,17DRP5sb8fy,multi,5,4,evaluable,44,4,4,12,0,0.591208582164522,0.5912085821645221,1,not_estimable_no_ungrounded_predictions,0
Gemma-Instant,17DRP5sb8fy_case_0034,17DRP5sb8fy,multi,5,4,evaluable,16,2,1,16,0,0.7959272680510585,0.8262946297007974,1,not_estimable_no_ungrounded_predictions,0
Gemma-Instant,17DRP5sb8fy_case_0035,17DRP5sb8fy,multi,5,8,evaluable,32,6,1,18,0,0.8718609427891493,0.8563587605872427,1,not_estimable_no_ungrounded_predictions,0
Gemma-Instant,17DRP5sb8fy_case_0036,17DRP5sb8fy,multi,5,1,evaluable,1,1,0,2,0,0.6083207314533373,0.6083207314533373,0,not_estimable_no_ungrounded_predictions,0
Gemma-Instant,17DRP5sb8fy_case_0037,17DRP5sb8fy,multi,5,1,not_applicable_no_target_hypothesis,0,0,0,1,0,,,0,not_estimable_no_ungrounded_predictions,0
Gemma-Instant,17DRP5sb8fy_case_0038,17DRP5sb8fy,multi,5,4,evaluable,7,2,0,5,0,0.4842705335470917,0.5217223383070193,1,not_estimable_no_ungrounded_predictions,0
Gemma-Instant,17DRP5sb8fy_case_0039,17DRP5sb8fy,multi,5,4,evaluable,10,2,0,7,0,0.4751511004022233,0.4549912199721603,1,not_estimable_no_ungrounded_predictions,0
Gemma-Instant,17DRP5sb8fy_case_0040,17DRP5sb8fy,multi,5,8,evaluable,34,6,1,17,0,0.6244924506305195,0.6947685060047397,1,not_estimable_no_ungrounded_predictions,0
Gemma-Instant,17DRP5sb8fy_case_0041,17DRP5sb8fy,multi,5,1,evaluable,17,1,0,18,0,0.4866106148952833,0.4866106148952833,1,not_estimable_no_ungrounded_predictions,0
Gemma-Instant,17DRP5sb8fy_case_0042,17DRP5sb8fy,multi,5,1,not_applicable_no_target_hypothesis,0,0,0,1,0,,,0,not_estimable_no_ungrounded_predictions,0
Gemma-Instant,17DRP5sb8fy_case_0043,17DRP5sb8fy,multi,5,4,evaluable,4,2,0,4,0,0.7875645021689138,0.7342130911958191,1,not_estimable_no_ungrounded_predictions,0
Gemma-Instant,17DRP5sb8fy_case_0044,17DRP5sb8fy,multi,5,4,evaluable,5,2,0,5,0,0.292310946779352,0.410107896092279,1,not_estimable_no_ungrounded_predictions,0
Gemma-Instant,17DRP5sb8fy_case_0045,17DRP5sb8fy,multi,5,8,evaluable,11,4,0,5,0,0.5630431750861942,0.5730917740431409,1,not_estimable_no_ungrounded_predictions,0
