method,case_id,scan_id,agent_group,agent_number,target_id,pwgs_pair_count,target_mean_pwgs,in_common_support
GPT-Medium,r47D5H71a5s_case_0007,r47D5H71a5s,single,1,2,21,0.3292930554882511,1
GPT-Medium,r47D5H71a5s_case_0008,r47D5H71a5s,single,1,2,4,0.8128283975838958,1
GPT-Medium,r47D5H71a5s_case_0008,r47D5H71a5s,single,1,4,18,0.4752652022871939,1
GPT-Medium,r47D5H71a5s_case_0008,r47D5H71a5s,single,1,7,7,0.9364209307950865,1
GPT-Medium,r47D5H71a5s_case_0009,r47D5H71a5s,single,1,0,19,0.2852315882094213,1
GPT-Medium,r47D5H71a5s_case_0009,r47D5H71a5s,single,1,1,29,0.45823587493745194,1
GPT-Medium,r47D5H71a5s_case_0009,r47D5H71a5s,single,1,5,17,0.6535172878749558,1
GPT-Medium,r47D5H71a5s_case_0009,r47D5H71a5s,single,1,6,12,0.7238115631617897,1
GPT-Medium,r47D5H71a5s_case_0010,r47D5H71a5s,single,1,0,29,0.43852637411514395,1
GPT-Medium,r47D5H71a5s_case_0010,r47D5H71a5s,single,1,1,10,0.7262050921790045,1
GPT-Medium,r47D5H71a5s_case_0010,r47D5H71a5s,single,1,2,29,0.4965046918907495,1
GPT-Medium,r47D5H71a5s_case_0010,r47D5H71a5s,single,1,3,4,0.3813250659050545,1
GPT-Medium,r47D5H71a5s_case_0010,r47D5H71a5s,single,1,4,3,0.5048933234719638,1
GPT-Medium,r47D5H71a5s_case_0010,r47D5H71a5s,single,1,5,13,0.8100500593206512,1
GPT-Medium,r47D5H71a5s_case_0010,r47D5H71a5s,single,1,6,1,0.9664382461936618,1
GPT-Medium,r47D5H71a5s_case_0011,r47D5H71a5s,single,1,3,2,0.5807115518162842,1
GPT-Medium,r47D5H71a5s_case_0012,r47D5H71a5s,single,1,1,8,0.42826391855519896,1
GPT-Medium,r47D5H71a5s_case_0013,r47D5H71a5s,single,1,0,26,0.7479296255181228,1
GPT-Medium,r47D5H71a5s_case_0013,r47D5H71a5s,single,1,5,29,0.21777845156571563,1
GPT-Medium,r47D5H71a5s_case_0013,r47D5H71a5s,single,1,6,4,0.17534787948079303,1
GPT-Medium,r47D5H71a5s_case_0013,r47D5H71a5s,single,1,7,24,0.550723438566019,1
GPT-Medium,r47D5H71a5s_case_0014,r47D5H71a5s,single,1,3,20,0.7272413444835738,1
GPT-Medium,r47D5H71a5s_case_0014,r47D5H71a5s,single,1,4,3,0.8383559910160358,1
GPT-Medium,r47D5H71a5s_case_0014,r47D5H71a5s,single,1,5,29,0.367368367994657,1
GPT-Medium,r47D5H71a5s_case_0015,r47D5H71a5s,single,1,0,25,0.2500673807440902,1
GPT-Medium,r47D5H71a5s_case_0015,r47D5H71a5s,single,1,1,17,0.5080804380598832,1
GPT-Medium,r47D5H71a5s_case_0015,r47D5H71a5s,single,1,2,17,0.4717511642314919,1
GPT-Medium,r47D5H71a5s_case_0015,r47D5H71a5s,single,1,3,3,0.31001108000063776,1
GPT-Medium,r47D5H71a5s_case_0015,r47D5H71a5s,single,1,4,1,0.5788775456182319,1
GPT-Medium,r47D5H71a5s_case_0015,r47D5H71a5s,single,1,5,16,0.771745048934537,1
GPT-Medium,r47D5H71a5s_case_0015,r47D5H71a5s,single,1,6,2,0.9827921214470832,1
GPT-Medium,r47D5H71a5s_case_0016,r47D5H71a5s,multi,3,4,4,0.26153989995452276,1
GPT-Medium,r47D5H71a5s_case_0017,r47D5H71a5s,multi,3,6,6,0.4807852614294236,1
GPT-Medium,r47D5H71a5s_case_0018,r47D5H71a5s,multi,3,0,2,0.9424269739693102,1
GPT-Medium,r47D5H71a5s_case_0018,r47D5H71a5s,multi,3,2,10,0.6669553161137503,1
GPT-Medium,r47D5H71a5s_case_0019,r47D5H71a5s,multi,3,1,1,0.27761102401207693,1
GPT-Medium,r47D5H71a5s_case_0019,r47D5H71a5s,multi,3,3,1,0.5921741866213461,1
GPT-Medium,r47D5H71a5s_case_0019,r47D5H71a5s,multi,3,5,9,0.3430685685362936,1
GPT-Medium,r47D5H71a5s_case_0020,r47D5H71a5s,multi,3,0,6,0.6311170681315964,1
GPT-Medium,r47D5H71a5s_case_0020,r47D5H71a5s,multi,3,1,1,0.3697445013735393,1
GPT-Medium,r47D5H71a5s_case_0020,r47D5H71a5s,multi,3,2,9,0.7422932244729168,1
GPT-Medium,r47D5H71a5s_case_0020,r47D5H71a5s,multi,3,3,3,0.8161917682657095,1
GPT-Medium,r47D5H71a5s_case_0020,r47D5H71a5s,multi,3,5,9,0.3620634888863118,1
GPT-Medium,r47D5H71a5s_case_0020,r47D5H71a5s,multi,3,6,8,0.4680366477015535,1
GPT-Medium,r47D5H71a5s_case_0020,r47D5H71a5s,multi,3,7,1,0.8542476086680802,1
GPT-Medium,r47D5H71a5s_case_0036,r47D5H71a5s,multi,5,3,2,0.575641200848001,1
GPT-Medium,r47D5H71a5s_case_0043,r47D5H71a5s,multi,5,6,4,0.6671042379705234,1
GPT-Medium,r47D5H71a5s_case_0044,r47D5H71a5s,multi,5,1,1,0.7418015030309957,1
GPT-Medium,r47D5H71a5s_case_0044,r47D5H71a5s,multi,5,5,2,0.6491767442044226,1
GPT-Medium,r47D5H71a5s_case_0045,r47D5H71a5s,multi,5,0,4,0.7264994116642709,1
GPT-Medium,r47D5H71a5s_case_0045,r47D5H71a5s,multi,5,1,3,0.6641955312112573,1
GPT-Medium,r47D5H71a5s_case_0045,r47D5H71a5s,multi,5,2,5,0.88394952457164,1
GPT-Medium,r47D5H71a5s_case_0045,r47D5H71a5s,multi,5,3,2,0.554340824548035,1
GPT-Medium,r47D5H71a5s_case_0045,r47D5H71a5s,multi,5,4,1,0.2353973273227381,1
GPT-Medium,zsNo4HB9uLZ_case_0001,zsNo4HB9uLZ,single,1,2,25,0.571492500709472,0
GPT-Medium,zsNo4HB9uLZ_case_0002,zsNo4HB9uLZ,single,1,3,6,0.3718923115476603,0
GPT-Medium,zsNo4HB9uLZ_case_0003,zsNo4HB9uLZ,single,1,1,29,0.7566539533685902,1
GPT-Medium,zsNo4HB9uLZ_case_0003,zsNo4HB9uLZ,single,1,3,29,0.8527308262015599,1
GPT-Medium,zsNo4HB9uLZ_case_0003,zsNo4HB9uLZ,single,1,4,29,0.37332406186037054,1
GPT-Medium,zsNo4HB9uLZ_case_0003,zsNo4HB9uLZ,single,1,7,29,0.7503775947433204,1
GPT-Medium,zsNo4HB9uLZ_case_0004,zsNo4HB9uLZ,single,1,0,29,0.27726751458173277,1
GPT-Medium,zsNo4HB9uLZ_case_0004,zsNo4HB9uLZ,single,1,2,17,0.6590409237605747,1
GPT-Medium,zsNo4HB9uLZ_case_0004,zsNo4HB9uLZ,single,1,5,8,0.7445714997101807,1
GPT-Medium,zsNo4HB9uLZ_case_0004,zsNo4HB9uLZ,single,1,7,15,0.3571105487697629,1
GPT-Medium,zsNo4HB9uLZ_case_0005,zsNo4HB9uLZ,single,1,0,2,0.7701489808358353,1
GPT-Medium,zsNo4HB9uLZ_case_0005,zsNo4HB9uLZ,single,1,2,3,0.7682164296028002,1
GPT-Medium,zsNo4HB9uLZ_case_0005,zsNo4HB9uLZ,single,1,3,2,0.8834346663564314,1
GPT-Medium,zsNo4HB9uLZ_case_0005,zsNo4HB9uLZ,single,1,4,11,0.4298201087055229,1
GPT-Medium,zsNo4HB9uLZ_case_0005,zsNo4HB9uLZ,single,1,5,8,0.7591140923024199,1
GPT-Medium,zsNo4HB9uLZ_case_0005,zsNo4HB9uLZ,single,1,6,6,0.2647901372409282,1
GPT-Medium,zsNo4HB9uLZ_case_0005,zsNo4HB9uLZ,single,1,7,2,0.7186261596507423,1
GPT-Medium,zsNo4HB9uLZ_case_0006,zsNo4HB9uLZ,single,1,0,12,0.7502746482692308,1
GPT-Medium,zsNo4HB9uLZ_case_0008,zsNo4HB9uLZ,single,1,1,5,0.6315700886749871,1
GPT-Medium,zsNo4HB9uLZ_case_0008,zsNo4HB9uLZ,single,1,4,6,0.915659286106874,1
GPT-Medium,zsNo4HB9uLZ_case_0008,zsNo4HB9uLZ,single,1,6,2,0.7839081358789257,1
GPT-Medium,zsNo4HB9uLZ_case_0008,zsNo4HB9uLZ,single,1,7,3,0.6975314897678034,1
GPT-Medium,zsNo4HB9uLZ_case_0009,zsNo4HB9uLZ,single,1,3,29,0.28146955214853436,1
GPT-Medium,zsNo4HB9uLZ_case_0009,zsNo4HB9uLZ,single,1,5,29,0.4147253798747299,1
GPT-Medium,zsNo4HB9uLZ_case_0009,zsNo4HB9uLZ,single,1,6,29,0.6329276946744247,1
GPT-Medium,zsNo4HB9uLZ_case_0009,zsNo4HB9uLZ,single,1,7,29,0.38185749129888175,1
GPT-Medium,zsNo4HB9uLZ_case_0010,zsNo4HB9uLZ,single,1,0,29,0.3385532552421505,1
GPT-Medium,zsNo4HB9uLZ_case_0010,zsNo4HB9uLZ,single,1,1,29,0.32335439587389553,1
GPT-Medium,zsNo4HB9uLZ_case_0010,zsNo4HB9uLZ,single,1,2,12,0.6628830329188847,1
GPT-Medium,zsNo4HB9uLZ_case_0010,zsNo4HB9uLZ,single,1,5,7,0.6611688087660385,1
GPT-Medium,zsNo4HB9uLZ_case_0010,zsNo4HB9uLZ,single,1,6,6,0.8850196136326507,1
GPT-Medium,zsNo4HB9uLZ_case_0010,zsNo4HB9uLZ,single,1,7,1,0.4520711691107401,1
GPT-Medium,zsNo4HB9uLZ_case_0011,zsNo4HB9uLZ,single,1,6,15,0.31628269117094665,1
GPT-Medium,zsNo4HB9uLZ_case_0012,zsNo4HB9uLZ,single,1,7,3,0.7245631691055024,1
GPT-Medium,zsNo4HB9uLZ_case_0013,zsNo4HB9uLZ,single,1,0,1,0.7536658375641573,1
GPT-Medium,zsNo4HB9uLZ_case_0013,zsNo4HB9uLZ,single,1,4,29,0.6793516826808051,1
GPT-Medium,zsNo4HB9uLZ_case_0013,zsNo4HB9uLZ,single,1,6,29,0.7069557949514141,1
GPT-Medium,zsNo4HB9uLZ_case_0013,zsNo4HB9uLZ,single,1,7,1,1.0,1
GPT-Medium,zsNo4HB9uLZ_case_0014,zsNo4HB9uLZ,single,1,0,2,0.8158780426795262,1
GPT-Medium,zsNo4HB9uLZ_case_0014,zsNo4HB9uLZ,single,1,2,3,0.7570258330419296,1
GPT-Medium,zsNo4HB9uLZ_case_0014,zsNo4HB9uLZ,single,1,6,5,0.2752254174913581,1
GPT-Medium,zsNo4HB9uLZ_case_0014,zsNo4HB9uLZ,single,1,7,4,0.7574798806006366,1
GPT-Medium,zsNo4HB9uLZ_case_0015,zsNo4HB9uLZ,single,1,0,1,0.8633467717738714,1
GPT-Medium,zsNo4HB9uLZ_case_0015,zsNo4HB9uLZ,single,1,1,9,0.8494667077893818,1
GPT-Medium,zsNo4HB9uLZ_case_0015,zsNo4HB9uLZ,single,1,2,1,0.9883678649465509,1
GPT-Medium,zsNo4HB9uLZ_case_0015,zsNo4HB9uLZ,single,1,4,3,0.4401967330816006,1
GPT-Medium,zsNo4HB9uLZ_case_0015,zsNo4HB9uLZ,single,1,5,10,0.8714261595176451,1
GPT-Medium,zsNo4HB9uLZ_case_0015,zsNo4HB9uLZ,single,1,6,4,0.4510279657156453,1
GPT-Medium,zsNo4HB9uLZ_case_0015,zsNo4HB9uLZ,single,1,7,4,0.8085778440981294,1
GPT-Medium,zsNo4HB9uLZ_case_0016,zsNo4HB9uLZ,multi,3,5,5,0.40701853879367833,1
GPT-Medium,zsNo4HB9uLZ_case_0017,zsNo4HB9uLZ,multi,3,4,3,0.9852676452966459,1
GPT-Medium,zsNo4HB9uLZ_case_0018,zsNo4HB9uLZ,multi,3,0,4,0.6422354737550359,1
GPT-Medium,zsNo4HB9uLZ_case_0018,zsNo4HB9uLZ,multi,3,2,7,0.6584363457979652,1
GPT-Medium,zsNo4HB9uLZ_case_0018,zsNo4HB9uLZ,multi,3,4,3,0.8790964546934661,1
GPT-Medium,zsNo4HB9uLZ_case_0019,zsNo4HB9uLZ,multi,3,4,2,0.9642663712160336,1
GPT-Medium,zsNo4HB9uLZ_case_0019,zsNo4HB9uLZ,multi,3,5,5,0.6184246821223841,1
GPT-Medium,zsNo4HB9uLZ_case_0019,zsNo4HB9uLZ,multi,3,7,1,0.45311581747337115,1
GPT-Medium,zsNo4HB9uLZ_case_0020,zsNo4HB9uLZ,multi,3,0,5,0.45891911912115757,1
GPT-Medium,zsNo4HB9uLZ_case_0020,zsNo4HB9uLZ,multi,3,1,7,0.520068095286453,1
GPT-Medium,zsNo4HB9uLZ_case_0020,zsNo4HB9uLZ,multi,3,2,6,0.6023615328452131,1
GPT-Medium,zsNo4HB9uLZ_case_0020,zsNo4HB9uLZ,multi,3,3,1,0.6886553394707391,1
GPT-Medium,zsNo4HB9uLZ_case_0020,zsNo4HB9uLZ,multi,3,4,4,0.9323701852931796,1
GPT-Medium,zsNo4HB9uLZ_case_0020,zsNo4HB9uLZ,multi,3,5,7,0.7127493163301608,1
GPT-Medium,zsNo4HB9uLZ_case_0020,zsNo4HB9uLZ,multi,3,7,3,0.5449751319898861,1
GPT-Medium,zsNo4HB9uLZ_case_0045,zsNo4HB9uLZ,multi,5,0,5,0.5284412005701855,1
GPT-Medium,zsNo4HB9uLZ_case_0045,zsNo4HB9uLZ,multi,5,2,3,0.6650537023202827,1
GPT-Medium,zsNo4HB9uLZ_case_0045,zsNo4HB9uLZ,multi,5,3,1,0.7194698980181672,1
GPT-Medium,zsNo4HB9uLZ_case_0045,zsNo4HB9uLZ,multi,5,4,2,0.9070528310117549,1
GPT-Medium,zsNo4HB9uLZ_case_0045,zsNo4HB9uLZ,multi,5,5,2,0.6354390621526653,1
GPT-Medium,JF19kD82Mey_case_0003,JF19kD82Mey,single,1,0,1,0.9775392713937838,1
GPT-Medium,JF19kD82Mey_case_0003,JF19kD82Mey,single,1,5,29,0.6725409681269547,1
GPT-Medium,JF19kD82Mey_case_0003,JF19kD82Mey,single,1,7,6,0.8903802344431063,1
GPT-Medium,JF19kD82Mey_case_0004,JF19kD82Mey,single,1,0,11,0.6149535695404451,1
GPT-Medium,JF19kD82Mey_case_0004,JF19kD82Mey,single,1,2,29,0.45689247200269745,1
GPT-Medium,JF19kD82Mey_case_0004,JF19kD82Mey,single,1,4,16,0.7335469076254897,1
GPT-Medium,JF19kD82Mey_case_0004,JF19kD82Mey,single,1,7,29,0.5097748890813377,1
GPT-Medium,JF19kD82Mey_case_0006,JF19kD82Mey,single,1,4,1,0.9917995805135847,1
GPT-Medium,JF19kD82Mey_case_0007,JF19kD82Mey,single,1,0,29,0.7247972339199088,1
GPT-Medium,JF19kD82Mey_case_0018,JF19kD82Mey,multi,3,0,5,0.9021441001863023,1
GPT-Medium,JF19kD82Mey_case_0018,JF19kD82Mey,multi,3,4,8,0.6427654230596881,1
GPT-Medium,JF19kD82Mey_case_0020,JF19kD82Mey,multi,3,0,2,0.8571638267438795,1
GPT-Medium,JF19kD82Mey_case_0020,JF19kD82Mey,multi,3,1,1,0.6270106407846894,1
GPT-Medium,JF19kD82Mey_case_0020,JF19kD82Mey,multi,3,3,2,0.3530766049006791,1
GPT-Medium,JF19kD82Mey_case_0020,JF19kD82Mey,multi,3,4,6,0.3616236068192527,1
GPT-Medium,JF19kD82Mey_case_0020,JF19kD82Mey,multi,3,6,1,0.44740569515131157,1
GPT-Medium,JF19kD82Mey_case_0021,JF19kD82Mey,multi,3,7,2,0.9225981281971039,1
GPT-Medium,JF19kD82Mey_case_0022,JF19kD82Mey,multi,3,6,1,0.5180378680158543,1
GPT-Medium,JF19kD82Mey_case_0023,JF19kD82Mey,multi,3,2,1,0.9372821095567007,1
GPT-Medium,JF19kD82Mey_case_0023,JF19kD82Mey,multi,3,4,4,0.39144681524634495,1
GPT-Medium,JF19kD82Mey_case_0024,JF19kD82Mey,multi,3,0,5,0.8974630548141324,1
GPT-Medium,JF19kD82Mey_case_0024,JF19kD82Mey,multi,3,1,5,0.6571217232139501,1
GPT-Medium,JF19kD82Mey_case_0024,JF19kD82Mey,multi,3,3,11,0.7158590146430508,1
GPT-Medium,JF19kD82Mey_case_0025,JF19kD82Mey,multi,3,0,3,0.8369162360844786,1
GPT-Medium,JF19kD82Mey_case_0025,JF19kD82Mey,multi,3,1,7,0.69827194159471,1
GPT-Medium,JF19kD82Mey_case_0025,JF19kD82Mey,multi,3,3,9,0.7443673706449643,1
GPT-Medium,JF19kD82Mey_case_0025,JF19kD82Mey,multi,3,4,1,0.9611322093182555,1
GPT-Medium,JF19kD82Mey_case_0025,JF19kD82Mey,multi,3,5,11,0.7549600834158052,1
GPT-Medium,JF19kD82Mey_case_0025,JF19kD82Mey,multi,3,6,1,0.5264289392469808,1
GPT-Medium,JF19kD82Mey_case_0025,JF19kD82Mey,multi,3,7,1,0.9827531783558894,1
GPT-Medium,JF19kD82Mey_case_0028,JF19kD82Mey,multi,3,0,2,0.8107582791532271,1
GPT-Medium,JF19kD82Mey_case_0028,JF19kD82Mey,multi,3,1,3,0.6544984881168369,1
GPT-Medium,JF19kD82Mey_case_0028,JF19kD82Mey,multi,3,3,7,0.7092518968600127,1
GPT-Medium,JF19kD82Mey_case_0029,JF19kD82Mey,multi,3,2,2,0.8820486733158441,1
GPT-Medium,JF19kD82Mey_case_0029,JF19kD82Mey,multi,3,3,4,0.8315912314780034,1
GPT-Medium,JF19kD82Mey_case_0029,JF19kD82Mey,multi,3,7,2,0.948715511601109,1
GPT-Medium,JF19kD82Mey_case_0030,JF19kD82Mey,multi,3,0,1,0.8862501122994904,1
GPT-Medium,JF19kD82Mey_case_0030,JF19kD82Mey,multi,3,1,1,0.5902597026452137,1
GPT-Medium,JF19kD82Mey_case_0030,JF19kD82Mey,multi,3,3,8,0.6354655234474718,1
GPT-Medium,JF19kD82Mey_case_0030,JF19kD82Mey,multi,3,4,7,0.42771005837090403,1
GPT-Medium,JF19kD82Mey_case_0030,JF19kD82Mey,multi,3,6,1,0.47428310980970967,1
GPT-Medium,JF19kD82Mey_case_0031,JF19kD82Mey,multi,5,3,3,0.4805139870436419,1
GPT-Medium,JF19kD82Mey_case_0033,JF19kD82Mey,multi,5,0,2,0.87903278804038,1
GPT-Medium,RPmz2sHmrrY_case_0021,RPmz2sHmrrY,multi,3,0,1,0.8655378140547023,1
GPT-Medium,RPmz2sHmrrY_case_0022,RPmz2sHmrrY,multi,3,1,5,0.7756711172721895,1
GPT-Medium,RPmz2sHmrrY_case_0023,RPmz2sHmrrY,multi,3,1,1,0.5087551495731368,1
GPT-Medium,RPmz2sHmrrY_case_0023,RPmz2sHmrrY,multi,3,5,2,0.7506040405707598,1
GPT-Medium,RPmz2sHmrrY_case_0023,RPmz2sHmrrY,multi,3,7,25,0.7286618695997846,1
GPT-Medium,RPmz2sHmrrY_case_0024,RPmz2sHmrrY,multi,3,0,3,0.6130748053512739,1
GPT-Medium,RPmz2sHmrrY_case_0024,RPmz2sHmrrY,multi,3,2,2,0.983975989137077,1
GPT-Medium,RPmz2sHmrrY_case_0024,RPmz2sHmrrY,multi,3,7,7,0.6032679298131709,1
GPT-Medium,RPmz2sHmrrY_case_0025,RPmz2sHmrrY,multi,3,0,4,0.7480378255696678,1
GPT-Medium,RPmz2sHmrrY_case_0025,RPmz2sHmrrY,multi,3,1,4,0.7018361956749353,1
GPT-Medium,RPmz2sHmrrY_case_0025,RPmz2sHmrrY,multi,3,2,1,0.9479319117670159,1
GPT-Medium,RPmz2sHmrrY_case_0025,RPmz2sHmrrY,multi,3,5,2,0.7375984913369558,1
GPT-Medium,RPmz2sHmrrY_case_0025,RPmz2sHmrrY,multi,3,7,3,0.6404740496971127,1
GPT-Medium,RPmz2sHmrrY_case_0026,RPmz2sHmrrY,multi,3,2,7,0.9132084346196766,1
GPT-Medium,RPmz2sHmrrY_case_0028,RPmz2sHmrrY,multi,3,0,1,0.7181384941612277,1
GPT-Medium,RPmz2sHmrrY_case_0028,RPmz2sHmrrY,multi,3,4,17,0.6847792259342365,1
GPT-Medium,RPmz2sHmrrY_case_0028,RPmz2sHmrrY,multi,3,7,14,0.6001081245889868,1
GPT-Medium,RPmz2sHmrrY_case_0029,RPmz2sHmrrY,multi,3,2,1,0.949436018438272,1
GPT-Medium,RPmz2sHmrrY_case_0029,RPmz2sHmrrY,multi,3,4,5,0.8103369810463239,1
GPT-Medium,RPmz2sHmrrY_case_0029,RPmz2sHmrrY,multi,3,5,2,0.7783927976885132,1
GPT-Medium,RPmz2sHmrrY_case_0029,RPmz2sHmrrY,multi,3,7,26,0.6526734983277904,1
GPT-Medium,RPmz2sHmrrY_case_0030,RPmz2sHmrrY,multi,3,0,3,0.8809571356237504,1
GPT-Medium,RPmz2sHmrrY_case_0030,RPmz2sHmrrY,multi,3,1,2,0.8532920999005417,1
GPT-Medium,RPmz2sHmrrY_case_0030,RPmz2sHmrrY,multi,3,2,8,0.6219843850165241,1
GPT-Medium,RPmz2sHmrrY_case_0030,RPmz2sHmrrY,multi,3,5,5,0.6712410294877238,1
GPT-Medium,RPmz2sHmrrY_case_0030,RPmz2sHmrrY,multi,3,7,7,0.6139216655483715,1
GPT-Medium,RPmz2sHmrrY_case_0033,RPmz2sHmrrY,multi,5,0,1,0.8148027357392043,1
GPT-Medium,RPmz2sHmrrY_case_0034,RPmz2sHmrrY,multi,5,1,2,0.5555284199251806,1
GPT-Medium,RPmz2sHmrrY_case_0034,RPmz2sHmrrY,multi,5,2,8,0.9037592811448033,1
GPT-Medium,RPmz2sHmrrY_case_0035,RPmz2sHmrrY,multi,5,1,1,0.5647927067913633,1
GPT-Medium,RPmz2sHmrrY_case_0035,RPmz2sHmrrY,multi,5,2,5,0.8886175077901131,1
GPT-Medium,RPmz2sHmrrY_case_0035,RPmz2sHmrrY,multi,5,5,2,0.7552917769156307,1
GPT-Medium,RPmz2sHmrrY_case_0036,RPmz2sHmrrY,multi,5,7,2,0.6154524442617494,1
GPT-Medium,RPmz2sHmrrY_case_0038,RPmz2sHmrrY,multi,5,0,1,0.655725200431359,1
GPT-Medium,RPmz2sHmrrY_case_0038,RPmz2sHmrrY,multi,5,2,4,0.8859196959049271,1
GPT-Medium,RPmz2sHmrrY_case_0038,RPmz2sHmrrY,multi,5,5,5,0.6816387812517594,1
GPT-Medium,RPmz2sHmrrY_case_0039,RPmz2sHmrrY,multi,5,0,6,0.621298492103438,1
GPT-Medium,RPmz2sHmrrY_case_0039,RPmz2sHmrrY,multi,5,1,4,0.6594934765355005,1
GPT-Medium,RPmz2sHmrrY_case_0039,RPmz2sHmrrY,multi,5,5,2,0.7401542056529643,1
GPT-Medium,RPmz2sHmrrY_case_0040,RPmz2sHmrrY,multi,5,0,2,0.5683440901124633,1
GPT-Medium,RPmz2sHmrrY_case_0040,RPmz2sHmrrY,multi,5,2,4,0.8669382555992808,1
GPT-Medium,RPmz2sHmrrY_case_0040,RPmz2sHmrrY,multi,5,5,3,0.7364540477383484,1
GPT-Medium,RPmz2sHmrrY_case_0040,RPmz2sHmrrY,multi,5,6,5,0.6315498832249563,1
GPT-Medium,RPmz2sHmrrY_case_0040,RPmz2sHmrrY,multi,5,7,5,0.6313433302060834,1
GPT-Medium,17DRP5sb8fy_case_0001,17DRP5sb8fy,single,1,0,2,0.4360054564629293,0
GPT-Medium,17DRP5sb8fy_case_0002,17DRP5sb8fy,single,1,4,29,0.27020565563911025,1
GPT-Medium,17DRP5sb8fy_case_0003,17DRP5sb8fy,single,1,2,29,0.11833643389127547,1
GPT-Medium,17DRP5sb8fy_case_0003,17DRP5sb8fy,single,1,5,29,0.3861899862387352,1
GPT-Medium,17DRP5sb8fy_case_0003,17DRP5sb8fy,single,1,6,5,0.9763936179871449,1
GPT-Medium,17DRP5sb8fy_case_0003,17DRP5sb8fy,single,1,7,2,0.992087302551302,1
GPT-Medium,17DRP5sb8fy_case_0004,17DRP5sb8fy,single,1,0,2,0.17400580123476328,1
GPT-Medium,17DRP5sb8fy_case_0004,17DRP5sb8fy,single,1,2,8,0.175380950046338,1
GPT-Medium,17DRP5sb8fy_case_0004,17DRP5sb8fy,single,1,5,28,0.45020359018586437,1
GPT-Medium,17DRP5sb8fy_case_0005,17DRP5sb8fy,single,1,0,1,0.10137124059483682,1
GPT-Medium,17DRP5sb8fy_case_0005,17DRP5sb8fy,single,1,1,27,0.31005149207885563,1
GPT-Medium,17DRP5sb8fy_case_0005,17DRP5sb8fy,single,1,2,1,0.07381612097196955,1
GPT-Medium,17DRP5sb8fy_case_0005,17DRP5sb8fy,single,1,3,29,0.9445985147601434,1
GPT-Medium,17DRP5sb8fy_case_0005,17DRP5sb8fy,single,1,4,27,0.8487012254408993,1
GPT-Medium,17DRP5sb8fy_case_0005,17DRP5sb8fy,single,1,5,1,0.10137124059483682,1
GPT-Medium,17DRP5sb8fy_case_0005,17DRP5sb8fy,single,1,6,1,1.0,1
GPT-Medium,17DRP5sb8fy_case_0005,17DRP5sb8fy,single,1,7,1,0.6532131522272804,1
GPT-Medium,17DRP5sb8fy_case_0006,17DRP5sb8fy,single,1,1,5,0.797208725389627,1
GPT-Medium,17DRP5sb8fy_case_0007,17DRP5sb8fy,single,1,2,29,0.780638924509082,0
GPT-Medium,17DRP5sb8fy_case_0033,17DRP5sb8fy,multi,5,3,3,0.8792046604870541,1
GPT-Medium,17DRP5sb8fy_case_0033,17DRP5sb8fy,multi,5,5,1,0.8343638969522197,1
GPT-Medium,17DRP5sb8fy_case_0034,17DRP5sb8fy,multi,5,0,3,0.960608568190747,1
GPT-Medium,17DRP5sb8fy_case_0034,17DRP5sb8fy,multi,5,5,14,0.710525185220345,1
GPT-Medium,17DRP5sb8fy_case_0035,17DRP5sb8fy,multi,5,0,1,0.9426187301358153,1
GPT-Medium,17DRP5sb8fy_case_0035,17DRP5sb8fy,multi,5,1,6,0.9723553226401246,1
GPT-Medium,17DRP5sb8fy_case_0035,17DRP5sb8fy,multi,5,5,8,0.8821479440907938,1
GPT-Medium,17DRP5sb8fy_case_0038,17DRP5sb8fy,multi,5,1,4,0.8468332387284148,1
GPT-Medium,17DRP5sb8fy_case_0038,17DRP5sb8fy,multi,5,4,4,0.2988568130514039,1
GPT-Medium,17DRP5sb8fy_case_0039,17DRP5sb8fy,multi,5,4,3,0.6794387608249988,1
GPT-Medium,17DRP5sb8fy_case_0039,17DRP5sb8fy,multi,5,6,5,0.6822705208381823,1
GPT-Medium,17DRP5sb8fy_case_0040,17DRP5sb8fy,multi,5,0,1,0.7828776182908694,1
GPT-Medium,17DRP5sb8fy_case_0040,17DRP5sb8fy,multi,5,1,3,0.4736371951949591,1
GPT-Medium,17DRP5sb8fy_case_0040,17DRP5sb8fy,multi,5,3,2,0.9477278578380504,1
GPT-Medium,17DRP5sb8fy_case_0040,17DRP5sb8fy,multi,5,4,4,0.6140099800814371,1
GPT-Medium,17DRP5sb8fy_case_0040,17DRP5sb8fy,multi,5,5,12,0.6553208711723325,1
GPT-Medium,17DRP5sb8fy_case_0040,17DRP5sb8fy,multi,5,7,1,0.9797252522164623,1
GPT-Medium,17DRP5sb8fy_case_0041,17DRP5sb8fy,multi,5,5,10,0.6886528062930413,1
GPT-Medium,17DRP5sb8fy_case_0042,17DRP5sb8fy,multi,5,3,3,0.8582626720768385,0
GPT-Medium,17DRP5sb8fy_case_0043,17DRP5sb8fy,multi,5,3,1,0.7311248027295681,1
GPT-Medium,17DRP5sb8fy_case_0043,17DRP5sb8fy,multi,5,5,1,0.7689501666040925,1
GPT-Medium,17DRP5sb8fy_case_0044,17DRP5sb8fy,multi,5,4,4,0.38870989400138367,1
GPT-Medium,17DRP5sb8fy_case_0044,17DRP5sb8fy,multi,5,5,13,0.6833421126374503,1
GPT-Medium,17DRP5sb8fy_case_0045,17DRP5sb8fy,multi,5,1,3,0.8867536013806055,1
GPT-Medium,17DRP5sb8fy_case_0045,17DRP5sb8fy,multi,5,3,4,0.8994277631814739,1
GPT-Medium,17DRP5sb8fy_case_0045,17DRP5sb8fy,multi,5,4,4,0.2279542519399944,1
GPT-Medium,17DRP5sb8fy_case_0045,17DRP5sb8fy,multi,5,5,11,0.6522046077749232,1
Qwen-Thinking,r47D5H71a5s_case_0007,r47D5H71a5s,single,1,2,23,0.3028719158295651,1
Qwen-Thinking,r47D5H71a5s_case_0008,r47D5H71a5s,single,1,0,29,0.6779790112060732,1
Qwen-Thinking,r47D5H71a5s_case_0008,r47D5H71a5s,single,1,2,7,0.8483634578232626,1
Qwen-Thinking,r47D5H71a5s_case_0008,r47D5H71a5s,single,1,4,12,0.5769400552567635,1
Qwen-Thinking,r47D5H71a5s_case_0008,r47D5H71a5s,single,1,7,29,0.8249840133824912,1
Qwen-Thinking,r47D5H71a5s_case_0009,r47D5H71a5s,single,1,0,29,0.288526246565084,1
Qwen-Thinking,r47D5H71a5s_case_0009,r47D5H71a5s,single,1,1,26,0.5221275392219804,1
Qwen-Thinking,r47D5H71a5s_case_0009,r47D5H71a5s,single,1,5,18,0.6829094147900898,1
Qwen-Thinking,r47D5H71a5s_case_0009,r47D5H71a5s,single,1,6,7,0.6541728994362292,1
Qwen-Thinking,r47D5H71a5s_case_0010,r47D5H71a5s,single,1,0,4,0.38681976460197043,1
Qwen-Thinking,r47D5H71a5s_case_0010,r47D5H71a5s,single,1,1,12,0.6718082711154825,1
Qwen-Thinking,r47D5H71a5s_case_0010,r47D5H71a5s,single,1,2,10,0.6044944121645779,1
Qwen-Thinking,r47D5H71a5s_case_0010,r47D5H71a5s,single,1,3,16,0.4833429927227946,1
Qwen-Thinking,r47D5H71a5s_case_0010,r47D5H71a5s,single,1,4,5,0.5362632826635174,1
Qwen-Thinking,r47D5H71a5s_case_0010,r47D5H71a5s,single,1,5,14,0.8231565020478829,1
Qwen-Thinking,r47D5H71a5s_case_0010,r47D5H71a5s,single,1,6,1,0.9969458373231288,1
Qwen-Thinking,r47D5H71a5s_case_0011,r47D5H71a5s,single,1,3,29,0.6168793565881496,1
Qwen-Thinking,r47D5H71a5s_case_0012,r47D5H71a5s,single,1,1,18,0.4330698698421409,1
Qwen-Thinking,r47D5H71a5s_case_0013,r47D5H71a5s,single,1,0,24,0.5624303313239911,1
Qwen-Thinking,r47D5H71a5s_case_0013,r47D5H71a5s,single,1,5,29,0.2048492893856441,1
Qwen-Thinking,r47D5H71a5s_case_0013,r47D5H71a5s,single,1,6,4,0.25691731933893813,1
Qwen-Thinking,r47D5H71a5s_case_0013,r47D5H71a5s,single,1,7,22,0.6057993860536137,1
Qwen-Thinking,r47D5H71a5s_case_0014,r47D5H71a5s,single,1,1,7,0.6234633727570197,1
Qwen-Thinking,r47D5H71a5s_case_0014,r47D5H71a5s,single,1,3,4,0.7049264094954109,1
Qwen-Thinking,r47D5H71a5s_case_0014,r47D5H71a5s,single,1,4,10,0.6926914064830767,1
Qwen-Thinking,r47D5H71a5s_case_0014,r47D5H71a5s,single,1,5,29,0.2637899523116744,1
Qwen-Thinking,r47D5H71a5s_case_0015,r47D5H71a5s,single,1,0,29,0.3005136962876416,1
Qwen-Thinking,r47D5H71a5s_case_0015,r47D5H71a5s,single,1,1,29,0.5480427028243267,1
Qwen-Thinking,r47D5H71a5s_case_0015,r47D5H71a5s,single,1,2,23,0.5414688009763077,1
Qwen-Thinking,r47D5H71a5s_case_0015,r47D5H71a5s,single,1,3,1,0.2588539204615633,1
Qwen-Thinking,r47D5H71a5s_case_0015,r47D5H71a5s,single,1,4,23,0.3488431946026309,1
Qwen-Thinking,r47D5H71a5s_case_0015,r47D5H71a5s,single,1,5,23,0.7112647379710154,1
Qwen-Thinking,r47D5H71a5s_case_0015,r47D5H71a5s,single,1,6,3,0.9707245772162313,1
Qwen-Thinking,r47D5H71a5s_case_0016,r47D5H71a5s,multi,3,4,4,0.31854110925719503,1
Qwen-Thinking,r47D5H71a5s_case_0017,r47D5H71a5s,multi,3,6,4,0.24269264411631242,1
Qwen-Thinking,r47D5H71a5s_case_0018,r47D5H71a5s,multi,3,0,3,0.6703209276741102,1
Qwen-Thinking,r47D5H71a5s_case_0018,r47D5H71a5s,multi,3,2,4,0.7122028789623436,1
Qwen-Thinking,r47D5H71a5s_case_0019,r47D5H71a5s,multi,3,1,2,0.31769724596662674,1
Qwen-Thinking,r47D5H71a5s_case_0019,r47D5H71a5s,multi,3,3,4,0.4829042938634664,1
Qwen-Thinking,r47D5H71a5s_case_0019,r47D5H71a5s,multi,3,5,8,0.3118625180197416,1
Qwen-Thinking,r47D5H71a5s_case_0020,r47D5H71a5s,multi,3,0,7,0.5475819091857582,1
Qwen-Thinking,r47D5H71a5s_case_0020,r47D5H71a5s,multi,3,1,3,0.34275578806208823,1
Qwen-Thinking,r47D5H71a5s_case_0020,r47D5H71a5s,multi,3,2,10,0.6943168395034369,1
Qwen-Thinking,r47D5H71a5s_case_0020,r47D5H71a5s,multi,3,3,3,0.5865718226893083,1
Qwen-Thinking,r47D5H71a5s_case_0020,r47D5H71a5s,multi,3,4,1,0.6075530509116462,1
Qwen-Thinking,r47D5H71a5s_case_0020,r47D5H71a5s,multi,3,5,9,0.40036185955678866,1
Qwen-Thinking,r47D5H71a5s_case_0020,r47D5H71a5s,multi,3,6,9,0.7058389435363194,1
Qwen-Thinking,r47D5H71a5s_case_0020,r47D5H71a5s,multi,3,7,3,0.6154389581635996,1
Qwen-Thinking,r47D5H71a5s_case_0036,r47D5H71a5s,multi,5,3,1,0.6993554507254723,1
Qwen-Thinking,r47D5H71a5s_case_0042,r47D5H71a5s,multi,5,1,2,0.7571338902794971,0
Qwen-Thinking,r47D5H71a5s_case_0043,r47D5H71a5s,multi,5,6,2,0.5267825341516945,1
Qwen-Thinking,r47D5H71a5s_case_0044,r47D5H71a5s,multi,5,1,2,0.541914431855664,1
Qwen-Thinking,r47D5H71a5s_case_0044,r47D5H71a5s,multi,5,5,3,0.6397883913774147,1
Qwen-Thinking,r47D5H71a5s_case_0045,r47D5H71a5s,multi,5,0,4,0.5118288802549572,1
Qwen-Thinking,r47D5H71a5s_case_0045,r47D5H71a5s,multi,5,1,3,0.7230201425555158,1
Qwen-Thinking,r47D5H71a5s_case_0045,r47D5H71a5s,multi,5,2,7,0.6803403650066071,1
Qwen-Thinking,r47D5H71a5s_case_0045,r47D5H71a5s,multi,5,3,2,0.8390310569086334,1
Qwen-Thinking,r47D5H71a5s_case_0045,r47D5H71a5s,multi,5,6,1,1.0,1
Qwen-Thinking,zsNo4HB9uLZ_case_0001,zsNo4HB9uLZ,single,1,2,6,0.6232240767938686,0
Qwen-Thinking,zsNo4HB9uLZ_case_0002,zsNo4HB9uLZ,single,1,3,2,0.26701046752927127,0
Qwen-Thinking,zsNo4HB9uLZ_case_0003,zsNo4HB9uLZ,single,1,1,11,0.8058138637533852,1
Qwen-Thinking,zsNo4HB9uLZ_case_0003,zsNo4HB9uLZ,single,1,4,24,0.42780993994468636,1
Qwen-Thinking,zsNo4HB9uLZ_case_0003,zsNo4HB9uLZ,single,1,7,8,0.7519735081138762,1
Qwen-Thinking,zsNo4HB9uLZ_case_0004,zsNo4HB9uLZ,single,1,0,29,0.4095871730909671,1
Qwen-Thinking,zsNo4HB9uLZ_case_0004,zsNo4HB9uLZ,single,1,2,24,0.6175224795405218,1
Qwen-Thinking,zsNo4HB9uLZ_case_0004,zsNo4HB9uLZ,single,1,5,5,0.6226549252299648,1
Qwen-Thinking,zsNo4HB9uLZ_case_0004,zsNo4HB9uLZ,single,1,7,2,0.4023307706898511,1
Qwen-Thinking,zsNo4HB9uLZ_case_0005,zsNo4HB9uLZ,single,1,0,2,0.8638376552204303,1
Qwen-Thinking,zsNo4HB9uLZ_case_0005,zsNo4HB9uLZ,single,1,2,7,0.6884698057432466,1
Qwen-Thinking,zsNo4HB9uLZ_case_0005,zsNo4HB9uLZ,single,1,3,5,0.9018243542463182,1
Qwen-Thinking,zsNo4HB9uLZ_case_0005,zsNo4HB9uLZ,single,1,4,9,0.3218523502852277,1
Qwen-Thinking,zsNo4HB9uLZ_case_0005,zsNo4HB9uLZ,single,1,5,8,0.44253917689534417,1
Qwen-Thinking,zsNo4HB9uLZ_case_0005,zsNo4HB9uLZ,single,1,6,12,0.26849377657959567,1
Qwen-Thinking,zsNo4HB9uLZ_case_0005,zsNo4HB9uLZ,single,1,7,1,0.5836338252469091,1
Qwen-Thinking,zsNo4HB9uLZ_case_0006,zsNo4HB9uLZ,single,1,0,5,0.7445891618125046,1
Qwen-Thinking,zsNo4HB9uLZ_case_0008,zsNo4HB9uLZ,single,1,1,18,0.7510057148730298,1
Qwen-Thinking,zsNo4HB9uLZ_case_0008,zsNo4HB9uLZ,single,1,4,19,0.813904792431435,1
Qwen-Thinking,zsNo4HB9uLZ_case_0008,zsNo4HB9uLZ,single,1,6,3,0.546302551006159,1
Qwen-Thinking,zsNo4HB9uLZ_case_0008,zsNo4HB9uLZ,single,1,7,7,0.7821041812191434,1
Qwen-Thinking,zsNo4HB9uLZ_case_0009,zsNo4HB9uLZ,single,1,3,5,0.28724992074098343,1
Qwen-Thinking,zsNo4HB9uLZ_case_0009,zsNo4HB9uLZ,single,1,5,29,0.4788487026752725,1
Qwen-Thinking,zsNo4HB9uLZ_case_0009,zsNo4HB9uLZ,single,1,6,29,0.7801036023350969,1
Qwen-Thinking,zsNo4HB9uLZ_case_0009,zsNo4HB9uLZ,single,1,7,29,0.321923801733902,1
Qwen-Thinking,zsNo4HB9uLZ_case_0010,zsNo4HB9uLZ,single,1,0,29,0.42978552998693587,1
Qwen-Thinking,zsNo4HB9uLZ_case_0010,zsNo4HB9uLZ,single,1,1,29,0.3938646185781434,1
Qwen-Thinking,zsNo4HB9uLZ_case_0010,zsNo4HB9uLZ,single,1,2,20,0.6305247861558548,1
Qwen-Thinking,zsNo4HB9uLZ_case_0010,zsNo4HB9uLZ,single,1,5,2,0.549213118595696,1
Qwen-Thinking,zsNo4HB9uLZ_case_0010,zsNo4HB9uLZ,single,1,6,2,0.93311443924703,1
Qwen-Thinking,zsNo4HB9uLZ_case_0010,zsNo4HB9uLZ,single,1,7,1,0.5448937460624287,1
Qwen-Thinking,zsNo4HB9uLZ_case_0011,zsNo4HB9uLZ,single,1,6,18,0.38539453131945667,1
Qwen-Thinking,zsNo4HB9uLZ_case_0012,zsNo4HB9uLZ,single,1,7,19,0.7773380427006146,1
Qwen-Thinking,zsNo4HB9uLZ_case_0013,zsNo4HB9uLZ,single,1,0,26,0.6269029299422642,1
Qwen-Thinking,zsNo4HB9uLZ_case_0013,zsNo4HB9uLZ,single,1,4,29,0.7587070487136687,1
Qwen-Thinking,zsNo4HB9uLZ_case_0013,zsNo4HB9uLZ,single,1,6,29,0.7686460599356841,1
Qwen-Thinking,zsNo4HB9uLZ_case_0013,zsNo4HB9uLZ,single,1,7,29,0.7269092696838191,1
Qwen-Thinking,zsNo4HB9uLZ_case_0014,zsNo4HB9uLZ,single,1,0,7,0.8707182868312936,1
Qwen-Thinking,zsNo4HB9uLZ_case_0014,zsNo4HB9uLZ,single,1,6,10,0.29967598926914574,1
Qwen-Thinking,zsNo4HB9uLZ_case_0014,zsNo4HB9uLZ,single,1,7,11,0.7181371661578955,1
Qwen-Thinking,zsNo4HB9uLZ_case_0015,zsNo4HB9uLZ,single,1,0,7,0.8704521564336025,1
Qwen-Thinking,zsNo4HB9uLZ_case_0015,zsNo4HB9uLZ,single,1,1,7,0.7718205366236509,1
Qwen-Thinking,zsNo4HB9uLZ_case_0015,zsNo4HB9uLZ,single,1,2,7,0.8578908716537192,1
Qwen-Thinking,zsNo4HB9uLZ_case_0015,zsNo4HB9uLZ,single,1,3,29,0.8206930597480389,1
Qwen-Thinking,zsNo4HB9uLZ_case_0015,zsNo4HB9uLZ,single,1,4,29,0.4295905089769753,1
Qwen-Thinking,zsNo4HB9uLZ_case_0015,zsNo4HB9uLZ,single,1,5,29,0.4746880026375652,1
Qwen-Thinking,zsNo4HB9uLZ_case_0015,zsNo4HB9uLZ,single,1,6,29,0.3102337440509154,1
Qwen-Thinking,zsNo4HB9uLZ_case_0015,zsNo4HB9uLZ,single,1,7,7,0.9060529212416821,1
Qwen-Thinking,zsNo4HB9uLZ_case_0016,zsNo4HB9uLZ,multi,3,5,5,0.5149639371081273,1
Qwen-Thinking,zsNo4HB9uLZ_case_0017,zsNo4HB9uLZ,multi,3,4,3,0.8953842376336064,1
Qwen-Thinking,zsNo4HB9uLZ_case_0018,zsNo4HB9uLZ,multi,3,0,1,0.4961650238009102,1
Qwen-Thinking,zsNo4HB9uLZ_case_0018,zsNo4HB9uLZ,multi,3,2,5,0.5890964361217976,1
Qwen-Thinking,zsNo4HB9uLZ_case_0018,zsNo4HB9uLZ,multi,3,4,6,0.946903224778489,1
Qwen-Thinking,zsNo4HB9uLZ_case_0019,zsNo4HB9uLZ,multi,3,3,1,0.4121615981752751,1
Qwen-Thinking,zsNo4HB9uLZ_case_0019,zsNo4HB9uLZ,multi,3,4,2,0.9152224374309319,1
Qwen-Thinking,zsNo4HB9uLZ_case_0019,zsNo4HB9uLZ,multi,3,5,4,0.5883123039552196,1
Qwen-Thinking,zsNo4HB9uLZ_case_0019,zsNo4HB9uLZ,multi,3,7,1,0.4102446915771709,1
Qwen-Thinking,zsNo4HB9uLZ_case_0020,zsNo4HB9uLZ,multi,3,0,7,0.3712090909012346,1
Qwen-Thinking,zsNo4HB9uLZ_case_0020,zsNo4HB9uLZ,multi,3,1,17,0.388567085732454,1
Qwen-Thinking,zsNo4HB9uLZ_case_0020,zsNo4HB9uLZ,multi,3,2,8,0.5337234953850057,1
Qwen-Thinking,zsNo4HB9uLZ_case_0020,zsNo4HB9uLZ,multi,3,3,1,0.4114138441323161,1
Qwen-Thinking,zsNo4HB9uLZ_case_0020,zsNo4HB9uLZ,multi,3,4,18,0.852168035538947,1
Qwen-Thinking,zsNo4HB9uLZ_case_0020,zsNo4HB9uLZ,multi,3,5,6,0.5274171136648392,1
Qwen-Thinking,zsNo4HB9uLZ_case_0020,zsNo4HB9uLZ,multi,3,7,1,0.426334825375983,1
Qwen-Thinking,zsNo4HB9uLZ_case_0045,zsNo4HB9uLZ,multi,5,0,5,0.6778403897212794,1
Qwen-Thinking,zsNo4HB9uLZ_case_0045,zsNo4HB9uLZ,multi,5,2,3,0.6141585395612822,1
Qwen-Thinking,zsNo4HB9uLZ_case_0045,zsNo4HB9uLZ,multi,5,3,1,0.6962182866918827,1
Qwen-Thinking,zsNo4HB9uLZ_case_0045,zsNo4HB9uLZ,multi,5,4,2,0.7902716394400301,1
Qwen-Thinking,zsNo4HB9uLZ_case_0045,zsNo4HB9uLZ,multi,5,5,4,0.5318952618904191,1
Qwen-Thinking,zsNo4HB9uLZ_case_0045,zsNo4HB9uLZ,multi,5,7,1,0.5667011381540616,1
Qwen-Thinking,JF19kD82Mey_case_0003,JF19kD82Mey,single,1,0,1,0.9244756435644184,1
Qwen-Thinking,JF19kD82Mey_case_0003,JF19kD82Mey,single,1,5,29,0.6686124267777608,1
Qwen-Thinking,JF19kD82Mey_case_0003,JF19kD82Mey,single,1,7,29,0.717142837007913,1
Qwen-Thinking,JF19kD82Mey_case_0004,JF19kD82Mey,single,1,0,24,0.7038898307937976,1
Qwen-Thinking,JF19kD82Mey_case_0004,JF19kD82Mey,single,1,2,21,0.46094887623416075,1
Qwen-Thinking,JF19kD82Mey_case_0004,JF19kD82Mey,single,1,4,11,0.7510647487715271,1
Qwen-Thinking,JF19kD82Mey_case_0004,JF19kD82Mey,single,1,7,28,0.5961025874246617,1
Qwen-Thinking,JF19kD82Mey_case_0006,JF19kD82Mey,single,1,4,1,0.9744870645011763,1
Qwen-Thinking,JF19kD82Mey_case_0007,JF19kD82Mey,single,1,0,27,0.887033330875524,1
Qwen-Thinking,JF19kD82Mey_case_0018,JF19kD82Mey,multi,3,0,2,0.8701397967388721,1
Qwen-Thinking,JF19kD82Mey_case_0018,JF19kD82Mey,multi,3,4,9,0.5205843286035594,1
Qwen-Thinking,JF19kD82Mey_case_0020,JF19kD82Mey,multi,3,0,2,0.8012989623474853,1
Qwen-Thinking,JF19kD82Mey_case_0020,JF19kD82Mey,multi,3,1,2,0.5772407341611168,1
Qwen-Thinking,JF19kD82Mey_case_0020,JF19kD82Mey,multi,3,3,7,0.6997962912365038,1
Qwen-Thinking,JF19kD82Mey_case_0020,JF19kD82Mey,multi,3,4,9,0.465680953630085,1
Qwen-Thinking,JF19kD82Mey_case_0020,JF19kD82Mey,multi,3,5,2,0.7120795991276327,1
Qwen-Thinking,JF19kD82Mey_case_0020,JF19kD82Mey,multi,3,6,1,0.3792059948039772,1
Qwen-Thinking,JF19kD82Mey_case_0021,JF19kD82Mey,multi,3,7,12,0.7977364692201901,1
Qwen-Thinking,JF19kD82Mey_case_0022,JF19kD82Mey,multi,3,6,1,0.4738086138662736,1
Qwen-Thinking,JF19kD82Mey_case_0023,JF19kD82Mey,multi,3,2,1,0.524482524324512,1
Qwen-Thinking,JF19kD82Mey_case_0023,JF19kD82Mey,multi,3,4,3,0.4779781822476113,1
Qwen-Thinking,JF19kD82Mey_case_0024,JF19kD82Mey,multi,3,0,4,0.8689318316595096,1
Qwen-Thinking,JF19kD82Mey_case_0024,JF19kD82Mey,multi,3,1,4,0.6514664242389119,1
Qwen-Thinking,JF19kD82Mey_case_0024,JF19kD82Mey,multi,3,3,6,0.7861099733260337,1
Qwen-Thinking,JF19kD82Mey_case_0025,JF19kD82Mey,multi,3,0,6,0.8650537626749966,1
Qwen-Thinking,JF19kD82Mey_case_0025,JF19kD82Mey,multi,3,1,7,0.6541588375016018,1
Qwen-Thinking,JF19kD82Mey_case_0025,JF19kD82Mey,multi,3,3,24,0.7803481118441303,1
Qwen-Thinking,JF19kD82Mey_case_0025,JF19kD82Mey,multi,3,4,1,0.7762924499907312,1
Qwen-Thinking,JF19kD82Mey_case_0025,JF19kD82Mey,multi,3,5,11,0.5958885740371304,1
Qwen-Thinking,JF19kD82Mey_case_0025,JF19kD82Mey,multi,3,6,1,0.49752808995477993,1
Qwen-Thinking,JF19kD82Mey_case_0025,JF19kD82Mey,multi,3,7,1,0.8432318687559086,1
Qwen-Thinking,JF19kD82Mey_case_0028,JF19kD82Mey,multi,3,0,3,0.8342463126281462,1
Qwen-Thinking,JF19kD82Mey_case_0028,JF19kD82Mey,multi,3,1,5,0.5751569416133019,1
Qwen-Thinking,JF19kD82Mey_case_0028,JF19kD82Mey,multi,3,3,11,0.6878575515452153,1
Qwen-Thinking,JF19kD82Mey_case_0029,JF19kD82Mey,multi,3,3,2,0.8613306233981406,1
Qwen-Thinking,JF19kD82Mey_case_0029,JF19kD82Mey,multi,3,6,1,0.387253371579799,1
Qwen-Thinking,JF19kD82Mey_case_0029,JF19kD82Mey,multi,3,7,4,0.8086471369954793,1
Qwen-Thinking,JF19kD82Mey_case_0030,JF19kD82Mey,multi,3,1,3,0.5796604130426792,1
Qwen-Thinking,JF19kD82Mey_case_0030,JF19kD82Mey,multi,3,3,8,0.6573144026154116,1
Qwen-Thinking,JF19kD82Mey_case_0030,JF19kD82Mey,multi,3,4,11,0.49957917967937887,1
Qwen-Thinking,JF19kD82Mey_case_0030,JF19kD82Mey,multi,3,6,1,0.3252734044543034,1
Qwen-Thinking,JF19kD82Mey_case_0031,JF19kD82Mey,multi,5,3,3,0.555042125791131,1
Qwen-Thinking,JF19kD82Mey_case_0033,JF19kD82Mey,multi,5,0,2,0.7535445435210184,1
Qwen-Thinking,JF19kD82Mey_case_0033,JF19kD82Mey,multi,5,2,1,0.5392859219013731,1
Qwen-Thinking,RPmz2sHmrrY_case_0021,RPmz2sHmrrY,multi,3,0,1,0.5242293086221406,1
Qwen-Thinking,RPmz2sHmrrY_case_0022,RPmz2sHmrrY,multi,3,1,2,0.7673751616844788,1
Qwen-Thinking,RPmz2sHmrrY_case_0023,RPmz2sHmrrY,multi,3,1,1,0.49879261728555624,1
Qwen-Thinking,RPmz2sHmrrY_case_0023,RPmz2sHmrrY,multi,3,5,5,0.5604769793143403,1
Qwen-Thinking,RPmz2sHmrrY_case_0023,RPmz2sHmrrY,multi,3,7,7,0.5714558478284547,1
Qwen-Thinking,RPmz2sHmrrY_case_0024,RPmz2sHmrrY,multi,3,0,4,0.5126856183957809,1
Qwen-Thinking,RPmz2sHmrrY_case_0024,RPmz2sHmrrY,multi,3,2,3,0.8242217244689426,1
Qwen-Thinking,RPmz2sHmrrY_case_0024,RPmz2sHmrrY,multi,3,7,4,0.5303097817230445,1
Qwen-Thinking,RPmz2sHmrrY_case_0025,RPmz2sHmrrY,multi,3,0,7,0.655125627738159,1
Qwen-Thinking,RPmz2sHmrrY_case_0025,RPmz2sHmrrY,multi,3,1,12,0.6814773478352757,1
Qwen-Thinking,RPmz2sHmrrY_case_0025,RPmz2sHmrrY,multi,3,2,3,0.8526300962578262,1
Qwen-Thinking,RPmz2sHmrrY_case_0025,RPmz2sHmrrY,multi,3,5,4,0.5329223989172711,1
Qwen-Thinking,RPmz2sHmrrY_case_0025,RPmz2sHmrrY,multi,3,7,5,0.46955434928025763,1
Qwen-Thinking,RPmz2sHmrrY_case_0026,RPmz2sHmrrY,multi,3,2,4,0.8845135405912885,1
Qwen-Thinking,RPmz2sHmrrY_case_0028,RPmz2sHmrrY,multi,3,4,4,0.526558527165092,1
Qwen-Thinking,RPmz2sHmrrY_case_0028,RPmz2sHmrrY,multi,3,7,13,0.66043143119357,1
Qwen-Thinking,RPmz2sHmrrY_case_0029,RPmz2sHmrrY,multi,3,2,1,0.8924188789079565,1
Qwen-Thinking,RPmz2sHmrrY_case_0029,RPmz2sHmrrY,multi,3,4,5,0.6564010995634629,1
Qwen-Thinking,RPmz2sHmrrY_case_0029,RPmz2sHmrrY,multi,3,5,2,0.5264929404479133,1
Qwen-Thinking,RPmz2sHmrrY_case_0029,RPmz2sHmrrY,multi,3,7,28,0.6683904659725867,1
Qwen-Thinking,RPmz2sHmrrY_case_0030,RPmz2sHmrrY,multi,3,1,2,0.7857165685993814,1
Qwen-Thinking,RPmz2sHmrrY_case_0030,RPmz2sHmrrY,multi,3,2,1,0.46011580845771094,1
Qwen-Thinking,RPmz2sHmrrY_case_0030,RPmz2sHmrrY,multi,3,5,4,0.6593956088745389,1
Qwen-Thinking,RPmz2sHmrrY_case_0030,RPmz2sHmrrY,multi,3,7,5,0.5692982328644748,1
Qwen-Thinking,RPmz2sHmrrY_case_0033,RPmz2sHmrrY,multi,5,0,1,0.5770533938045083,1
Qwen-Thinking,RPmz2sHmrrY_case_0034,RPmz2sHmrrY,multi,5,1,2,0.5367255255208082,1
Qwen-Thinking,RPmz2sHmrrY_case_0034,RPmz2sHmrrY,multi,5,2,2,0.7455997718537016,1
Qwen-Thinking,RPmz2sHmrrY_case_0035,RPmz2sHmrrY,multi,5,1,1,0.3873369608769627,1
Qwen-Thinking,RPmz2sHmrrY_case_0035,RPmz2sHmrrY,multi,5,2,2,0.703027670687119,1
Qwen-Thinking,RPmz2sHmrrY_case_0035,RPmz2sHmrrY,multi,5,5,3,0.7132195934017006,1
Qwen-Thinking,RPmz2sHmrrY_case_0036,RPmz2sHmrrY,multi,5,7,13,0.6514958224425185,1
Qwen-Thinking,RPmz2sHmrrY_case_0038,RPmz2sHmrrY,multi,5,0,1,0.6167058952219686,1
Qwen-Thinking,RPmz2sHmrrY_case_0038,RPmz2sHmrrY,multi,5,2,3,0.73025562711232,1
Qwen-Thinking,RPmz2sHmrrY_case_0038,RPmz2sHmrrY,multi,5,5,5,0.6365761198607356,1
Qwen-Thinking,RPmz2sHmrrY_case_0039,RPmz2sHmrrY,multi,5,0,3,0.6753851678019224,1
Qwen-Thinking,RPmz2sHmrrY_case_0039,RPmz2sHmrrY,multi,5,1,4,0.6510103613579569,1
Qwen-Thinking,RPmz2sHmrrY_case_0039,RPmz2sHmrrY,multi,5,5,2,0.6504049255108095,1
Qwen-Thinking,RPmz2sHmrrY_case_0040,RPmz2sHmrrY,multi,5,0,4,0.8593264348035323,1
Qwen-Thinking,RPmz2sHmrrY_case_0040,RPmz2sHmrrY,multi,5,1,5,0.8603229270129275,1
Qwen-Thinking,RPmz2sHmrrY_case_0040,RPmz2sHmrrY,multi,5,2,4,0.8265302840049351,1
Qwen-Thinking,RPmz2sHmrrY_case_0040,RPmz2sHmrrY,multi,5,3,1,0.832618553101375,1
Qwen-Thinking,RPmz2sHmrrY_case_0040,RPmz2sHmrrY,multi,5,5,2,0.4895888969891532,1
Qwen-Thinking,RPmz2sHmrrY_case_0040,RPmz2sHmrrY,multi,5,7,4,0.4266367994358044,1
Qwen-Thinking,17DRP5sb8fy_case_0001,17DRP5sb8fy,single,1,0,7,0.3135242100846071,0
Qwen-Thinking,17DRP5sb8fy_case_0002,17DRP5sb8fy,single,1,4,29,0.2947155001806289,1
Qwen-Thinking,17DRP5sb8fy_case_0003,17DRP5sb8fy,single,1,2,5,0.18950448960601946,1
Qwen-Thinking,17DRP5sb8fy_case_0003,17DRP5sb8fy,single,1,5,29,0.3825944130183652,1
Qwen-Thinking,17DRP5sb8fy_case_0003,17DRP5sb8fy,single,1,6,6,0.9332160845731717,1
Qwen-Thinking,17DRP5sb8fy_case_0003,17DRP5sb8fy,single,1,7,3,0.9855536691365457,1
Qwen-Thinking,17DRP5sb8fy_case_0004,17DRP5sb8fy,single,1,0,15,0.3694859251440378,1
Qwen-Thinking,17DRP5sb8fy_case_0004,17DRP5sb8fy,single,1,2,8,0.19476328952021216,1
Qwen-Thinking,17DRP5sb8fy_case_0004,17DRP5sb8fy,single,1,5,29,0.364604347914513,1
Qwen-Thinking,17DRP5sb8fy_case_0005,17DRP5sb8fy,single,1,1,29,0.14381374039593656,1
Qwen-Thinking,17DRP5sb8fy_case_0005,17DRP5sb8fy,single,1,2,8,0.16412901029998023,1
Qwen-Thinking,17DRP5sb8fy_case_0005,17DRP5sb8fy,single,1,3,7,0.925032195258195,1
Qwen-Thinking,17DRP5sb8fy_case_0005,17DRP5sb8fy,single,1,4,4,0.9255872902657722,1
Qwen-Thinking,17DRP5sb8fy_case_0005,17DRP5sb8fy,single,1,5,29,0.3689828383408978,1
Qwen-Thinking,17DRP5sb8fy_case_0005,17DRP5sb8fy,single,1,7,6,0.8424554904535547,1
Qwen-Thinking,17DRP5sb8fy_case_0006,17DRP5sb8fy,single,1,1,29,0.40342392369544433,1
Qwen-Thinking,17DRP5sb8fy_case_0033,17DRP5sb8fy,multi,5,3,1,0.6936174506190957,1
Qwen-Thinking,17DRP5sb8fy_case_0033,17DRP5sb8fy,multi,5,5,15,0.7532128209932656,1
Qwen-Thinking,17DRP5sb8fy_case_0034,17DRP5sb8fy,multi,5,0,1,0.8483917477632801,1
Qwen-Thinking,17DRP5sb8fy_case_0034,17DRP5sb8fy,multi,5,5,13,0.8030135857866684,1
Qwen-Thinking,17DRP5sb8fy_case_0035,17DRP5sb8fy,multi,5,0,3,0.8812736891108045,1
Qwen-Thinking,17DRP5sb8fy_case_0035,17DRP5sb8fy,multi,5,1,2,0.7745430084836553,1
Qwen-Thinking,17DRP5sb8fy_case_0035,17DRP5sb8fy,multi,5,3,1,0.8922810261222415,1
Qwen-Thinking,17DRP5sb8fy_case_0035,17DRP5sb8fy,multi,5,4,1,0.8447339718531419,1
Qwen-Thinking,17DRP5sb8fy_case_0035,17DRP5sb8fy,multi,5,5,21,0.8716050560781687,1
Qwen-Thinking,17DRP5sb8fy_case_0036,17DRP5sb8fy,multi,5,3,1,0.6083207314533373,0
Qwen-Thinking,17DRP5sb8fy_case_0038,17DRP5sb8fy,multi,5,1,3,0.6252279756000004,1
Qwen-Thinking,17DRP5sb8fy_case_0038,17DRP5sb8fy,multi,5,4,4,0.41232153347760836,1
Qwen-Thinking,17DRP5sb8fy_case_0039,17DRP5sb8fy,multi,5,4,3,0.6130375892422313,1
Qwen-Thinking,17DRP5sb8fy_case_0039,17DRP5sb8fy,multi,5,6,5,0.6739716530513915,1
Qwen-Thinking,17DRP5sb8fy_case_0040,17DRP5sb8fy,multi,5,0,1,0.7107037480863372,1
Qwen-Thinking,17DRP5sb8fy_case_0040,17DRP5sb8fy,multi,5,1,4,0.6027314016071971,1
Qwen-Thinking,17DRP5sb8fy_case_0040,17DRP5sb8fy,multi,5,3,3,0.7953819351531868,1
Qwen-Thinking,17DRP5sb8fy_case_0040,17DRP5sb8fy,multi,5,4,4,0.5046013738716504,1
Qwen-Thinking,17DRP5sb8fy_case_0040,17DRP5sb8fy,multi,5,5,11,0.5705755072882185,1
Qwen-Thinking,17DRP5sb8fy_case_0040,17DRP5sb8fy,multi,5,7,1,0.8279521564120867,1
Qwen-Thinking,17DRP5sb8fy_case_0041,17DRP5sb8fy,multi,5,5,1,0.6819816343406049,1
Qwen-Thinking,17DRP5sb8fy_case_0042,17DRP5sb8fy,multi,5,3,3,0.7581947196296337,0
Qwen-Thinking,17DRP5sb8fy_case_0043,17DRP5sb8fy,multi,5,3,3,0.7882740524217843,1
Qwen-Thinking,17DRP5sb8fy_case_0043,17DRP5sb8fy,multi,5,5,1,0.6564080954015461,1
Qwen-Thinking,17DRP5sb8fy_case_0044,17DRP5sb8fy,multi,5,4,4,0.260581630639973,1
Qwen-Thinking,17DRP5sb8fy_case_0044,17DRP5sb8fy,multi,5,5,1,0.6100575594423754,1
Qwen-Thinking,17DRP5sb8fy_case_0045,17DRP5sb8fy,multi,5,1,3,0.5636918971249915,1
Qwen-Thinking,17DRP5sb8fy_case_0045,17DRP5sb8fy,multi,5,3,6,0.8015159660046782,1
Qwen-Thinking,17DRP5sb8fy_case_0045,17DRP5sb8fy,multi,5,4,6,0.6230606569908875,1
Qwen-Thinking,17DRP5sb8fy_case_0045,17DRP5sb8fy,multi,5,5,13,0.5724194862305774,1
Qwen-Instant,r47D5H71a5s_case_0007,r47D5H71a5s,single,1,2,5,0.13321635965988138,1
Qwen-Instant,r47D5H71a5s_case_0008,r47D5H71a5s,single,1,0,29,0.7776811692495981,1
Qwen-Instant,r47D5H71a5s_case_0008,r47D5H71a5s,single,1,2,29,0.8753784657045287,1
Qwen-Instant,r47D5H71a5s_case_0008,r47D5H71a5s,single,1,4,29,0.554087956557536,1
Qwen-Instant,r47D5H71a5s_case_0008,r47D5H71a5s,single,1,7,29,0.821820747348526,1
Qwen-Instant,r47D5H71a5s_case_0009,r47D5H71a5s,single,1,0,29,0.27245786534867183,1
Qwen-Instant,r47D5H71a5s_case_0009,r47D5H71a5s,single,1,1,29,0.44856581444199756,1
Qwen-Instant,r47D5H71a5s_case_0009,r47D5H71a5s,single,1,5,29,0.6448162431164313,1
Qwen-Instant,r47D5H71a5s_case_0009,r47D5H71a5s,single,1,6,24,0.8090943610004793,1
Qwen-Instant,r47D5H71a5s_case_0010,r47D5H71a5s,single,1,0,23,0.4903708924754323,1
Qwen-Instant,r47D5H71a5s_case_0010,r47D5H71a5s,single,1,1,16,0.5897842772185169,1
Qwen-Instant,r47D5H71a5s_case_0010,r47D5H71a5s,single,1,2,17,0.5764261989220177,1
Qwen-Instant,r47D5H71a5s_case_0010,r47D5H71a5s,single,1,3,1,0.35795023371795,1
Qwen-Instant,r47D5H71a5s_case_0010,r47D5H71a5s,single,1,4,16,0.5169249724636689,1
Qwen-Instant,r47D5H71a5s_case_0010,r47D5H71a5s,single,1,5,12,0.775219452058931,1
Qwen-Instant,r47D5H71a5s_case_0010,r47D5H71a5s,single,1,6,1,0.8554154020133047,1
Qwen-Instant,r47D5H71a5s_case_0011,r47D5H71a5s,single,1,3,8,0.6182869819004907,1
Qwen-Instant,r47D5H71a5s_case_0012,r47D5H71a5s,single,1,1,29,0.48805818314815436,1
Qwen-Instant,r47D5H71a5s_case_0013,r47D5H71a5s,single,1,0,13,0.6208371555891918,1
Qwen-Instant,r47D5H71a5s_case_0013,r47D5H71a5s,single,1,5,29,0.34351102704990943,1
Qwen-Instant,r47D5H71a5s_case_0013,r47D5H71a5s,single,1,6,4,0.24022364678352928,1
Qwen-Instant,r47D5H71a5s_case_0013,r47D5H71a5s,single,1,7,11,0.6243790920798852,1
Qwen-Instant,r47D5H71a5s_case_0014,r47D5H71a5s,single,1,1,29,0.5861148165645803,1
Qwen-Instant,r47D5H71a5s_case_0014,r47D5H71a5s,single,1,3,29,0.6630797145002267,1
Qwen-Instant,r47D5H71a5s_case_0014,r47D5H71a5s,single,1,4,6,0.6483441828490618,1
Qwen-Instant,r47D5H71a5s_case_0014,r47D5H71a5s,single,1,5,15,0.3664706200311409,1
Qwen-Instant,r47D5H71a5s_case_0015,r47D5H71a5s,single,1,0,23,0.4325106159328495,1
Qwen-Instant,r47D5H71a5s_case_0015,r47D5H71a5s,single,1,1,3,0.562485522674168,1
Qwen-Instant,r47D5H71a5s_case_0015,r47D5H71a5s,single,1,2,28,0.6696456826016585,1
Qwen-Instant,r47D5H71a5s_case_0015,r47D5H71a5s,single,1,3,4,0.3862602169015118,1
Qwen-Instant,r47D5H71a5s_case_0015,r47D5H71a5s,single,1,4,15,0.4894376155062371,1
Qwen-Instant,r47D5H71a5s_case_0015,r47D5H71a5s,single,1,5,7,0.82186235859191,1
Qwen-Instant,r47D5H71a5s_case_0015,r47D5H71a5s,single,1,6,1,0.9144539219092028,1
Qwen-Instant,r47D5H71a5s_case_0016,r47D5H71a5s,multi,3,4,29,0.48299267810320323,1
Qwen-Instant,r47D5H71a5s_case_0017,r47D5H71a5s,multi,3,6,4,0.27540326604888354,1
Qwen-Instant,r47D5H71a5s_case_0018,r47D5H71a5s,multi,3,0,6,0.5768881388918085,1
Qwen-Instant,r47D5H71a5s_case_0018,r47D5H71a5s,multi,3,2,4,0.6126647441056559,1
Qwen-Instant,r47D5H71a5s_case_0018,r47D5H71a5s,multi,3,7,1,0.8204168499639721,1
Qwen-Instant,r47D5H71a5s_case_0019,r47D5H71a5s,multi,3,1,3,0.3216512324987382,1
Qwen-Instant,r47D5H71a5s_case_0019,r47D5H71a5s,multi,3,3,6,0.5268591717426454,1
Qwen-Instant,r47D5H71a5s_case_0019,r47D5H71a5s,multi,3,5,17,0.34933729140513275,1
Qwen-Instant,r47D5H71a5s_case_0020,r47D5H71a5s,multi,3,0,6,0.4516441710566877,1
Qwen-Instant,r47D5H71a5s_case_0020,r47D5H71a5s,multi,3,1,3,0.3440848981217095,1
Qwen-Instant,r47D5H71a5s_case_0020,r47D5H71a5s,multi,3,2,11,0.6332030983145889,1
Qwen-Instant,r47D5H71a5s_case_0020,r47D5H71a5s,multi,3,3,4,0.5754646342218074,1
Qwen-Instant,r47D5H71a5s_case_0020,r47D5H71a5s,multi,3,4,2,0.5160766640607627,1
Qwen-Instant,r47D5H71a5s_case_0020,r47D5H71a5s,multi,3,5,9,0.436302519888674,1
Qwen-Instant,r47D5H71a5s_case_0020,r47D5H71a5s,multi,3,6,6,0.6123995293537158,1
Qwen-Instant,r47D5H71a5s_case_0020,r47D5H71a5s,multi,3,7,3,0.6515817675852427,1
Qwen-Instant,r47D5H71a5s_case_0036,r47D5H71a5s,multi,5,3,2,0.6396416307374897,1
Qwen-Instant,r47D5H71a5s_case_0042,r47D5H71a5s,multi,5,1,2,0.7446585882804106,0
Qwen-Instant,r47D5H71a5s_case_0043,r47D5H71a5s,multi,5,4,1,0.404847534262581,1
Qwen-Instant,r47D5H71a5s_case_0043,r47D5H71a5s,multi,5,6,2,0.4595893363019389,1
Qwen-Instant,r47D5H71a5s_case_0044,r47D5H71a5s,multi,5,1,1,0.6083422891127179,1
Qwen-Instant,r47D5H71a5s_case_0044,r47D5H71a5s,multi,5,5,2,0.5250856465802176,1
Qwen-Instant,r47D5H71a5s_case_0045,r47D5H71a5s,multi,5,0,6,0.5345400841636379,1
Qwen-Instant,r47D5H71a5s_case_0045,r47D5H71a5s,multi,5,1,2,0.6785282048600068,1
Qwen-Instant,r47D5H71a5s_case_0045,r47D5H71a5s,multi,5,2,4,0.7058441577538748,1
Qwen-Instant,r47D5H71a5s_case_0045,r47D5H71a5s,multi,5,3,2,0.6520509397974562,1
Qwen-Instant,zsNo4HB9uLZ_case_0001,zsNo4HB9uLZ,single,1,2,29,0.5669928679685551,0
Qwen-Instant,zsNo4HB9uLZ_case_0002,zsNo4HB9uLZ,single,1,3,1,0.2944514680431749,0
Qwen-Instant,zsNo4HB9uLZ_case_0003,zsNo4HB9uLZ,single,1,1,19,0.8690024186242727,1
Qwen-Instant,zsNo4HB9uLZ_case_0003,zsNo4HB9uLZ,single,1,4,29,0.3321491453034939,1
Qwen-Instant,zsNo4HB9uLZ_case_0003,zsNo4HB9uLZ,single,1,7,10,0.7213859388198633,1
Qwen-Instant,zsNo4HB9uLZ_case_0004,zsNo4HB9uLZ,single,1,0,29,0.4425406397653254,1
Qwen-Instant,zsNo4HB9uLZ_case_0004,zsNo4HB9uLZ,single,1,2,29,0.574664930999483,1
Qwen-Instant,zsNo4HB9uLZ_case_0004,zsNo4HB9uLZ,single,1,5,8,0.7152022349697464,1
Qwen-Instant,zsNo4HB9uLZ_case_0004,zsNo4HB9uLZ,single,1,7,6,0.44855543386517116,1
Qwen-Instant,zsNo4HB9uLZ_case_0005,zsNo4HB9uLZ,single,1,0,2,0.80263944025262,1
Qwen-Instant,zsNo4HB9uLZ_case_0005,zsNo4HB9uLZ,single,1,2,12,0.7397826241488117,1
Qwen-Instant,zsNo4HB9uLZ_case_0005,zsNo4HB9uLZ,single,1,3,2,0.8992181434718456,1
Qwen-Instant,zsNo4HB9uLZ_case_0005,zsNo4HB9uLZ,single,1,4,17,0.4085493846891007,1
Qwen-Instant,zsNo4HB9uLZ_case_0005,zsNo4HB9uLZ,single,1,5,13,0.5189246419561087,1
Qwen-Instant,zsNo4HB9uLZ_case_0005,zsNo4HB9uLZ,single,1,6,11,0.3344948768386758,1
Qwen-Instant,zsNo4HB9uLZ_case_0005,zsNo4HB9uLZ,single,1,7,1,0.5836338252469091,1
Qwen-Instant,zsNo4HB9uLZ_case_0006,zsNo4HB9uLZ,single,1,0,22,0.5476634040585965,1
Qwen-Instant,zsNo4HB9uLZ_case_0008,zsNo4HB9uLZ,single,1,1,13,0.8713481134210668,1
Qwen-Instant,zsNo4HB9uLZ_case_0008,zsNo4HB9uLZ,single,1,4,29,0.37011083801826944,1
Qwen-Instant,zsNo4HB9uLZ_case_0008,zsNo4HB9uLZ,single,1,6,1,0.5268475277862252,1
Qwen-Instant,zsNo4HB9uLZ_case_0008,zsNo4HB9uLZ,single,1,7,1,0.7688730327840916,1
Qwen-Instant,zsNo4HB9uLZ_case_0009,zsNo4HB9uLZ,single,1,3,8,0.25115317305843904,1
Qwen-Instant,zsNo4HB9uLZ_case_0009,zsNo4HB9uLZ,single,1,5,29,0.42164915453316587,1
Qwen-Instant,zsNo4HB9uLZ_case_0009,zsNo4HB9uLZ,single,1,6,29,0.7154926620057939,1
Qwen-Instant,zsNo4HB9uLZ_case_0009,zsNo4HB9uLZ,single,1,7,29,0.25394933257392077,1
Qwen-Instant,zsNo4HB9uLZ_case_0010,zsNo4HB9uLZ,single,1,0,29,0.42431876762615495,1
Qwen-Instant,zsNo4HB9uLZ_case_0010,zsNo4HB9uLZ,single,1,1,29,0.45690404436733717,1
Qwen-Instant,zsNo4HB9uLZ_case_0010,zsNo4HB9uLZ,single,1,2,29,0.586921854380832,1
Qwen-Instant,zsNo4HB9uLZ_case_0010,zsNo4HB9uLZ,single,1,5,2,0.6199353063795854,1
Qwen-Instant,zsNo4HB9uLZ_case_0010,zsNo4HB9uLZ,single,1,6,2,0.9809813716459893,1
Qwen-Instant,zsNo4HB9uLZ_case_0010,zsNo4HB9uLZ,single,1,7,1,0.5589677686279537,1
Qwen-Instant,zsNo4HB9uLZ_case_0011,zsNo4HB9uLZ,single,1,6,11,0.29656188537715505,1
Qwen-Instant,zsNo4HB9uLZ_case_0012,zsNo4HB9uLZ,single,1,7,11,0.7755777294922144,1
Qwen-Instant,zsNo4HB9uLZ_case_0013,zsNo4HB9uLZ,single,1,0,29,0.7801211285212586,1
Qwen-Instant,zsNo4HB9uLZ_case_0013,zsNo4HB9uLZ,single,1,4,29,0.5006363194366332,1
Qwen-Instant,zsNo4HB9uLZ_case_0013,zsNo4HB9uLZ,single,1,6,29,0.5231059266026109,1
Qwen-Instant,zsNo4HB9uLZ_case_0013,zsNo4HB9uLZ,single,1,7,29,0.8128682271545637,1
Qwen-Instant,zsNo4HB9uLZ_case_0014,zsNo4HB9uLZ,single,1,0,3,0.8264877702673825,1
Qwen-Instant,zsNo4HB9uLZ_case_0014,zsNo4HB9uLZ,single,1,6,29,0.40452217329243867,1
Qwen-Instant,zsNo4HB9uLZ_case_0014,zsNo4HB9uLZ,single,1,7,11,0.7402296650887158,1
Qwen-Instant,zsNo4HB9uLZ_case_0015,zsNo4HB9uLZ,single,1,0,5,0.8940967002933897,1
Qwen-Instant,zsNo4HB9uLZ_case_0015,zsNo4HB9uLZ,single,1,1,29,0.8138362401171928,1
Qwen-Instant,zsNo4HB9uLZ_case_0015,zsNo4HB9uLZ,single,1,2,1,0.9426701915222868,1
Qwen-Instant,zsNo4HB9uLZ_case_0015,zsNo4HB9uLZ,single,1,4,29,0.6528565362004328,1
Qwen-Instant,zsNo4HB9uLZ_case_0015,zsNo4HB9uLZ,single,1,5,3,0.7375259149290402,1
Qwen-Instant,zsNo4HB9uLZ_case_0015,zsNo4HB9uLZ,single,1,6,29,0.5302002420199512,1
Qwen-Instant,zsNo4HB9uLZ_case_0015,zsNo4HB9uLZ,single,1,7,29,0.6732534456346259,1
Qwen-Instant,zsNo4HB9uLZ_case_0016,zsNo4HB9uLZ,multi,3,5,4,0.3578716870478456,1
Qwen-Instant,zsNo4HB9uLZ_case_0017,zsNo4HB9uLZ,multi,3,4,3,0.8902141728309996,1
Qwen-Instant,zsNo4HB9uLZ_case_0018,zsNo4HB9uLZ,multi,3,0,13,0.43575258949497636,1
Qwen-Instant,zsNo4HB9uLZ_case_0018,zsNo4HB9uLZ,multi,3,2,1,0.5761543024504944,1
Qwen-Instant,zsNo4HB9uLZ_case_0018,zsNo4HB9uLZ,multi,3,4,3,0.8551353264495859,1
Qwen-Instant,zsNo4HB9uLZ_case_0019,zsNo4HB9uLZ,multi,3,3,1,0.27605697190266376,1
Qwen-Instant,zsNo4HB9uLZ_case_0019,zsNo4HB9uLZ,multi,3,4,7,0.9281908977885829,1
Qwen-Instant,zsNo4HB9uLZ_case_0019,zsNo4HB9uLZ,multi,3,5,4,0.6266292715912464,1
Qwen-Instant,zsNo4HB9uLZ_case_0019,zsNo4HB9uLZ,multi,3,7,1,0.4102446915771709,1
Qwen-Instant,zsNo4HB9uLZ_case_0020,zsNo4HB9uLZ,multi,3,0,7,0.43014556788467573,1
Qwen-Instant,zsNo4HB9uLZ_case_0020,zsNo4HB9uLZ,multi,3,1,13,0.5641150359741604,1
Qwen-Instant,zsNo4HB9uLZ_case_0020,zsNo4HB9uLZ,multi,3,2,6,0.5371978470474114,1
Qwen-Instant,zsNo4HB9uLZ_case_0020,zsNo4HB9uLZ,multi,3,3,1,0.4114138441323161,1
Qwen-Instant,zsNo4HB9uLZ_case_0020,zsNo4HB9uLZ,multi,3,4,17,0.6736576900220714,1
Qwen-Instant,zsNo4HB9uLZ_case_0020,zsNo4HB9uLZ,multi,3,5,5,0.5677412711828829,1
Qwen-Instant,zsNo4HB9uLZ_case_0020,zsNo4HB9uLZ,multi,3,7,3,0.506183583931262,1
Qwen-Instant,zsNo4HB9uLZ_case_0045,zsNo4HB9uLZ,multi,5,0,6,0.6040222375039875,1
Qwen-Instant,zsNo4HB9uLZ_case_0045,zsNo4HB9uLZ,multi,5,2,3,0.6305807473057424,1
Qwen-Instant,zsNo4HB9uLZ_case_0045,zsNo4HB9uLZ,multi,5,3,2,0.6696058377114922,1
Qwen-Instant,zsNo4HB9uLZ_case_0045,zsNo4HB9uLZ,multi,5,4,1,0.5551204834727134,1
Qwen-Instant,zsNo4HB9uLZ_case_0045,zsNo4HB9uLZ,multi,5,5,3,0.5061502604781075,1
Qwen-Instant,JF19kD82Mey_case_0003,JF19kD82Mey,single,1,0,1,0.9704605815872283,1
Qwen-Instant,JF19kD82Mey_case_0003,JF19kD82Mey,single,1,5,4,0.4382402179116963,1
Qwen-Instant,JF19kD82Mey_case_0003,JF19kD82Mey,single,1,7,11,0.8421092448668013,1
Qwen-Instant,JF19kD82Mey_case_0004,JF19kD82Mey,single,1,0,29,0.6246229336019504,1
Qwen-Instant,JF19kD82Mey_case_0004,JF19kD82Mey,single,1,2,29,0.43562383011948425,1
Qwen-Instant,JF19kD82Mey_case_0004,JF19kD82Mey,single,1,4,29,0.7650875016280309,1
Qwen-Instant,JF19kD82Mey_case_0004,JF19kD82Mey,single,1,7,29,0.4895353550172957,1
Qwen-Instant,JF19kD82Mey_case_0006,JF19kD82Mey,single,1,4,1,0.9768064222737967,1
Qwen-Instant,JF19kD82Mey_case_0007,JF19kD82Mey,single,1,0,29,0.7083166257559277,1
Qwen-Instant,JF19kD82Mey_case_0018,JF19kD82Mey,multi,3,0,4,0.8255397262832871,1
Qwen-Instant,JF19kD82Mey_case_0018,JF19kD82Mey,multi,3,4,9,0.6003139059136847,1
Qwen-Instant,JF19kD82Mey_case_0018,JF19kD82Mey,multi,3,5,2,0.634478440542271,1
Qwen-Instant,JF19kD82Mey_case_0020,JF19kD82Mey,multi,3,0,5,0.832709443517655,1
Qwen-Instant,JF19kD82Mey_case_0020,JF19kD82Mey,multi,3,1,6,0.5758051674022149,1
Qwen-Instant,JF19kD82Mey_case_0020,JF19kD82Mey,multi,3,3,2,0.5509853645254557,1
Qwen-Instant,JF19kD82Mey_case_0020,JF19kD82Mey,multi,3,4,8,0.6051428921461118,1
Qwen-Instant,JF19kD82Mey_case_0020,JF19kD82Mey,multi,3,5,2,0.621980449491097,1
Qwen-Instant,JF19kD82Mey_case_0020,JF19kD82Mey,multi,3,6,1,0.3546949969598677,1
Qwen-Instant,JF19kD82Mey_case_0021,JF19kD82Mey,multi,3,7,13,0.8466931948011485,1
Qwen-Instant,JF19kD82Mey_case_0022,JF19kD82Mey,multi,3,6,1,0.44197215839171733,1
Qwen-Instant,JF19kD82Mey_case_0023,JF19kD82Mey,multi,3,2,1,0.4812536628994677,1
Qwen-Instant,JF19kD82Mey_case_0023,JF19kD82Mey,multi,3,4,6,0.6995693898887726,1
Qwen-Instant,JF19kD82Mey_case_0024,JF19kD82Mey,multi,3,0,2,0.522239213854851,1
Qwen-Instant,JF19kD82Mey_case_0024,JF19kD82Mey,multi,3,1,7,0.4838083507412899,1
Qwen-Instant,JF19kD82Mey_case_0024,JF19kD82Mey,multi,3,3,12,0.6364964182667194,1
Qwen-Instant,JF19kD82Mey_case_0025,JF19kD82Mey,multi,3,0,2,0.6895073739374151,1
Qwen-Instant,JF19kD82Mey_case_0025,JF19kD82Mey,multi,3,3,10,0.7295581091270146,1
Qwen-Instant,JF19kD82Mey_case_0025,JF19kD82Mey,multi,3,4,1,0.7091801849879504,1
Qwen-Instant,JF19kD82Mey_case_0025,JF19kD82Mey,multi,3,5,13,0.5379556171750205,1
Qwen-Instant,JF19kD82Mey_case_0025,JF19kD82Mey,multi,3,6,1,0.49097990765337074,1
Qwen-Instant,JF19kD82Mey_case_0025,JF19kD82Mey,multi,3,7,1,0.6342076937637867,1
Qwen-Instant,JF19kD82Mey_case_0028,JF19kD82Mey,multi,3,0,2,0.8526452748003284,1
Qwen-Instant,JF19kD82Mey_case_0028,JF19kD82Mey,multi,3,1,2,0.5538425615347438,1
Qwen-Instant,JF19kD82Mey_case_0028,JF19kD82Mey,multi,3,3,16,0.7843730239379327,1
Qwen-Instant,JF19kD82Mey_case_0029,JF19kD82Mey,multi,3,2,1,0.7512019396220527,1
Qwen-Instant,JF19kD82Mey_case_0029,JF19kD82Mey,multi,3,3,5,0.8204796114582817,1
Qwen-Instant,JF19kD82Mey_case_0029,JF19kD82Mey,multi,3,7,13,0.8189776363286505,1
Qwen-Instant,JF19kD82Mey_case_0030,JF19kD82Mey,multi,3,1,1,0.5356306685253334,1
Qwen-Instant,JF19kD82Mey_case_0030,JF19kD82Mey,multi,3,3,12,0.6672115895896041,1
Qwen-Instant,JF19kD82Mey_case_0030,JF19kD82Mey,multi,3,4,9,0.5553284129960687,1
Qwen-Instant,JF19kD82Mey_case_0031,JF19kD82Mey,multi,5,3,2,0.5215382683273285,1
Qwen-Instant,JF19kD82Mey_case_0033,JF19kD82Mey,multi,5,0,2,0.7221256440547419,1
Qwen-Instant,RPmz2sHmrrY_case_0021,RPmz2sHmrrY,multi,3,0,1,0.5891058842840384,1
Qwen-Instant,RPmz2sHmrrY_case_0022,RPmz2sHmrrY,multi,3,1,3,0.4797993147837098,1
Qwen-Instant,RPmz2sHmrrY_case_0023,RPmz2sHmrrY,multi,3,1,2,0.3615968293684524,1
Qwen-Instant,RPmz2sHmrrY_case_0023,RPmz2sHmrrY,multi,3,5,7,0.5037200318361951,1
Qwen-Instant,RPmz2sHmrrY_case_0023,RPmz2sHmrrY,multi,3,7,8,0.5206917284664264,1
Qwen-Instant,RPmz2sHmrrY_case_0024,RPmz2sHmrrY,multi,3,0,4,0.47053484071975393,1
Qwen-Instant,RPmz2sHmrrY_case_0024,RPmz2sHmrrY,multi,3,2,2,0.8929516439717196,1
Qwen-Instant,RPmz2sHmrrY_case_0024,RPmz2sHmrrY,multi,3,7,3,0.5793850755112662,1
Qwen-Instant,RPmz2sHmrrY_case_0025,RPmz2sHmrrY,multi,3,0,1,0.7509193623643526,1
Qwen-Instant,RPmz2sHmrrY_case_0025,RPmz2sHmrrY,multi,3,1,5,0.5164516444686397,1
Qwen-Instant,RPmz2sHmrrY_case_0025,RPmz2sHmrrY,multi,3,2,23,0.6582218529545967,1
Qwen-Instant,RPmz2sHmrrY_case_0025,RPmz2sHmrrY,multi,3,5,5,0.6441213812700817,1
Qwen-Instant,RPmz2sHmrrY_case_0025,RPmz2sHmrrY,multi,3,7,7,0.5861581609353926,1
Qwen-Instant,RPmz2sHmrrY_case_0026,RPmz2sHmrrY,multi,3,2,6,0.8115372487080252,1
Qwen-Instant,RPmz2sHmrrY_case_0028,RPmz2sHmrrY,multi,3,0,1,0.5576987519189915,1
Qwen-Instant,RPmz2sHmrrY_case_0028,RPmz2sHmrrY,multi,3,4,23,0.7094406957906676,1
Qwen-Instant,RPmz2sHmrrY_case_0028,RPmz2sHmrrY,multi,3,7,12,0.5752553576787104,1
Qwen-Instant,RPmz2sHmrrY_case_0029,RPmz2sHmrrY,multi,3,2,1,0.9443050287090331,1
Qwen-Instant,RPmz2sHmrrY_case_0029,RPmz2sHmrrY,multi,3,4,3,0.5927677758261649,1
Qwen-Instant,RPmz2sHmrrY_case_0029,RPmz2sHmrrY,multi,3,5,2,0.5054291179526068,1
Qwen-Instant,RPmz2sHmrrY_case_0029,RPmz2sHmrrY,multi,3,7,25,0.6722940847540018,1
Qwen-Instant,RPmz2sHmrrY_case_0030,RPmz2sHmrrY,multi,3,0,1,0.6711177986993054,1
Qwen-Instant,RPmz2sHmrrY_case_0030,RPmz2sHmrrY,multi,3,1,2,0.6883184518659714,1
Qwen-Instant,RPmz2sHmrrY_case_0030,RPmz2sHmrrY,multi,3,2,29,0.6392089713936704,1
Qwen-Instant,RPmz2sHmrrY_case_0030,RPmz2sHmrrY,multi,3,5,7,0.6086793078406484,1
Qwen-Instant,RPmz2sHmrrY_case_0030,RPmz2sHmrrY,multi,3,7,9,0.5834873199417028,1
Qwen-Instant,RPmz2sHmrrY_case_0033,RPmz2sHmrrY,multi,5,0,1,0.26780911177421385,1
Qwen-Instant,RPmz2sHmrrY_case_0034,RPmz2sHmrrY,multi,5,1,3,0.5211010148232592,1
Qwen-Instant,RPmz2sHmrrY_case_0034,RPmz2sHmrrY,multi,5,2,5,0.6147174328976173,1
Qwen-Instant,RPmz2sHmrrY_case_0035,RPmz2sHmrrY,multi,5,0,1,0.5904367088372007,1
Qwen-Instant,RPmz2sHmrrY_case_0035,RPmz2sHmrrY,multi,5,1,1,0.6190075406544974,1
Qwen-Instant,RPmz2sHmrrY_case_0035,RPmz2sHmrrY,multi,5,2,3,0.8273385812070858,1
Qwen-Instant,RPmz2sHmrrY_case_0035,RPmz2sHmrrY,multi,5,5,5,0.5996360608976902,1
Qwen-Instant,RPmz2sHmrrY_case_0035,RPmz2sHmrrY,multi,5,6,12,0.5462008656025107,1
Qwen-Instant,RPmz2sHmrrY_case_0036,RPmz2sHmrrY,multi,5,7,13,0.5765002959607392,1
Qwen-Instant,RPmz2sHmrrY_case_0038,RPmz2sHmrrY,multi,5,0,2,0.47206142859380296,1
Qwen-Instant,RPmz2sHmrrY_case_0038,RPmz2sHmrrY,multi,5,2,5,0.5901678610427432,1
Qwen-Instant,RPmz2sHmrrY_case_0038,RPmz2sHmrrY,multi,5,5,5,0.6562637736537471,1
Qwen-Instant,RPmz2sHmrrY_case_0039,RPmz2sHmrrY,multi,5,0,3,0.5555054858895279,1
Qwen-Instant,RPmz2sHmrrY_case_0039,RPmz2sHmrrY,multi,5,1,4,0.5112519792999664,1
Qwen-Instant,RPmz2sHmrrY_case_0039,RPmz2sHmrrY,multi,5,5,2,0.5907793861835615,1
Qwen-Instant,RPmz2sHmrrY_case_0040,RPmz2sHmrrY,multi,5,0,3,0.5976021711275346,1
Qwen-Instant,RPmz2sHmrrY_case_0040,RPmz2sHmrrY,multi,5,1,1,0.601826096854724,1
Qwen-Instant,RPmz2sHmrrY_case_0040,RPmz2sHmrrY,multi,5,2,3,0.830143134487623,1
Qwen-Instant,RPmz2sHmrrY_case_0040,RPmz2sHmrrY,multi,5,3,2,0.7498347441754738,1
Qwen-Instant,RPmz2sHmrrY_case_0040,RPmz2sHmrrY,multi,5,5,4,0.6101642433545401,1
Qwen-Instant,RPmz2sHmrrY_case_0040,RPmz2sHmrrY,multi,5,6,12,0.6317803539716005,1
Qwen-Instant,RPmz2sHmrrY_case_0040,RPmz2sHmrrY,multi,5,7,15,0.624246503594864,1
Qwen-Instant,17DRP5sb8fy_case_0001,17DRP5sb8fy,single,1,0,9,0.37983356074535624,0
Qwen-Instant,17DRP5sb8fy_case_0002,17DRP5sb8fy,single,1,4,29,0.3179785600365498,1
Qwen-Instant,17DRP5sb8fy_case_0003,17DRP5sb8fy,single,1,2,2,0.1901410554528492,1
Qwen-Instant,17DRP5sb8fy_case_0003,17DRP5sb8fy,single,1,5,29,0.3589398003106724,1
Qwen-Instant,17DRP5sb8fy_case_0003,17DRP5sb8fy,single,1,6,3,0.9274543528785686,1
Qwen-Instant,17DRP5sb8fy_case_0003,17DRP5sb8fy,single,1,7,9,0.9565734647640168,1
Qwen-Instant,17DRP5sb8fy_case_0004,17DRP5sb8fy,single,1,0,6,0.23815601228917163,1
Qwen-Instant,17DRP5sb8fy_case_0004,17DRP5sb8fy,single,1,2,12,0.15308871160677429,1
Qwen-Instant,17DRP5sb8fy_case_0004,17DRP5sb8fy,single,1,5,29,0.3819209471317204,1
Qwen-Instant,17DRP5sb8fy_case_0005,17DRP5sb8fy,single,1,1,29,0.3998421372525453,1
Qwen-Instant,17DRP5sb8fy_case_0005,17DRP5sb8fy,single,1,2,21,0.303714460713469,1
Qwen-Instant,17DRP5sb8fy_case_0005,17DRP5sb8fy,single,1,3,3,0.8798312848558943,1
Qwen-Instant,17DRP5sb8fy_case_0005,17DRP5sb8fy,single,1,4,3,0.9180198272129424,1
Qwen-Instant,17DRP5sb8fy_case_0005,17DRP5sb8fy,single,1,5,29,0.54450602370505,1
Qwen-Instant,17DRP5sb8fy_case_0005,17DRP5sb8fy,single,1,7,5,0.8529418373216731,1
Qwen-Instant,17DRP5sb8fy_case_0006,17DRP5sb8fy,single,1,1,29,0.29732063731093694,1
Qwen-Instant,17DRP5sb8fy_case_0033,17DRP5sb8fy,multi,5,3,20,0.3832063357658818,1
Qwen-Instant,17DRP5sb8fy_case_0033,17DRP5sb8fy,multi,5,5,20,0.781160000152263,1
Qwen-Instant,17DRP5sb8fy_case_0033,17DRP5sb8fy,multi,5,6,20,0.30769928922819073,1
Qwen-Instant,17DRP5sb8fy_case_0033,17DRP5sb8fy,multi,5,7,20,0.36874750488465124,1
Qwen-Instant,17DRP5sb8fy_case_0034,17DRP5sb8fy,multi,5,0,1,0.8161368832422915,1
Qwen-Instant,17DRP5sb8fy_case_0034,17DRP5sb8fy,multi,5,5,15,0.8064600382323854,1
Qwen-Instant,17DRP5sb8fy_case_0035,17DRP5sb8fy,multi,5,0,1,0.8891655468756798,1
Qwen-Instant,17DRP5sb8fy_case_0035,17DRP5sb8fy,multi,5,1,7,0.7959058215745719,1
Qwen-Instant,17DRP5sb8fy_case_0035,17DRP5sb8fy,multi,5,2,1,0.5373928619823438,1
Qwen-Instant,17DRP5sb8fy_case_0035,17DRP5sb8fy,multi,5,3,1,0.8617839559024778,1
Qwen-Instant,17DRP5sb8fy_case_0035,17DRP5sb8fy,multi,5,5,17,0.839229089529687,1
Qwen-Instant,17DRP5sb8fy_case_0036,17DRP5sb8fy,multi,5,3,1,0.5583088352364156,0
Qwen-Instant,17DRP5sb8fy_case_0038,17DRP5sb8fy,multi,5,1,4,0.7250843649285013,1
Qwen-Instant,17DRP5sb8fy_case_0038,17DRP5sb8fy,multi,5,4,4,0.3759749090776654,1
Qwen-Instant,17DRP5sb8fy_case_0039,17DRP5sb8fy,multi,5,4,3,0.6332059769822219,1
Qwen-Instant,17DRP5sb8fy_case_0039,17DRP5sb8fy,multi,5,6,11,0.7123991088563396,1
Qwen-Instant,17DRP5sb8fy_case_0040,17DRP5sb8fy,multi,5,1,2,0.4908663308734603,1
Qwen-Instant,17DRP5sb8fy_case_0040,17DRP5sb8fy,multi,5,3,3,0.7887880972901767,1
Qwen-Instant,17DRP5sb8fy_case_0040,17DRP5sb8fy,multi,5,4,4,0.6732613073922471,1
Qwen-Instant,17DRP5sb8fy_case_0040,17DRP5sb8fy,multi,5,5,12,0.5786353723493675,1
Qwen-Instant,17DRP5sb8fy_case_0040,17DRP5sb8fy,multi,5,7,1,0.8365545485914825,1
Qwen-Instant,17DRP5sb8fy_case_0041,17DRP5sb8fy,multi,5,5,1,0.6164980030045673,1
Qwen-Instant,17DRP5sb8fy_case_0042,17DRP5sb8fy,multi,5,3,1,0.6322124872226648,0
Qwen-Instant,17DRP5sb8fy_case_0043,17DRP5sb8fy,multi,5,3,1,0.6322124872226648,1
Qwen-Instant,17DRP5sb8fy_case_0043,17DRP5sb8fy,multi,5,5,1,0.6564080954015461,1
Qwen-Instant,17DRP5sb8fy_case_0044,17DRP5sb8fy,multi,5,4,4,0.33413339967868116,1
Qwen-Instant,17DRP5sb8fy_case_0044,17DRP5sb8fy,multi,5,5,12,0.5823547593563339,1
Qwen-Instant,17DRP5sb8fy_case_0045,17DRP5sb8fy,multi,5,1,4,0.748608138685331,1
Qwen-Instant,17DRP5sb8fy_case_0045,17DRP5sb8fy,multi,5,3,5,0.816347173002003,1
Qwen-Instant,17DRP5sb8fy_case_0045,17DRP5sb8fy,multi,5,4,4,0.36466835952437915,1
Qwen-Instant,17DRP5sb8fy_case_0045,17DRP5sb8fy,multi,5,5,9,0.6161728968448232,1
Gemma-Instant,r47D5H71a5s_case_0007,r47D5H71a5s,single,1,2,17,0.1251882460190273,1
Gemma-Instant,r47D5H71a5s_case_0008,r47D5H71a5s,single,1,0,28,0.7961773508945467,1
Gemma-Instant,r47D5H71a5s_case_0008,r47D5H71a5s,single,1,2,6,0.845008364980054,1
Gemma-Instant,r47D5H71a5s_case_0008,r47D5H71a5s,single,1,4,18,0.4731546993377138,1
Gemma-Instant,r47D5H71a5s_case_0008,r47D5H71a5s,single,1,7,26,0.7430837153334008,1
Gemma-Instant,r47D5H71a5s_case_0009,r47D5H71a5s,single,1,0,7,0.21831617930535702,1
Gemma-Instant,r47D5H71a5s_case_0009,r47D5H71a5s,single,1,1,23,0.29534027510336025,1
Gemma-Instant,r47D5H71a5s_case_0009,r47D5H71a5s,single,1,5,24,0.673480059865975,1
Gemma-Instant,r47D5H71a5s_case_0009,r47D5H71a5s,single,1,6,10,0.8542147750633505,1
Gemma-Instant,r47D5H71a5s_case_0010,r47D5H71a5s,single,1,0,12,0.36668096349369755,1
Gemma-Instant,r47D5H71a5s_case_0010,r47D5H71a5s,single,1,1,12,0.6288263036144154,1
Gemma-Instant,r47D5H71a5s_case_0010,r47D5H71a5s,single,1,2,12,0.5700125046209837,1
Gemma-Instant,r47D5H71a5s_case_0010,r47D5H71a5s,single,1,3,12,0.4010440098167105,1
Gemma-Instant,r47D5H71a5s_case_0010,r47D5H71a5s,single,1,4,10,0.5187754865570648,1
Gemma-Instant,r47D5H71a5s_case_0010,r47D5H71a5s,single,1,5,12,0.7738863809477352,1
Gemma-Instant,r47D5H71a5s_case_0010,r47D5H71a5s,single,1,6,10,0.9080680859332559,1
Gemma-Instant,r47D5H71a5s_case_0010,r47D5H71a5s,single,1,7,10,0.5077466728083229,1
Gemma-Instant,r47D5H71a5s_case_0011,r47D5H71a5s,single,1,3,3,0.6323567590587781,1
Gemma-Instant,r47D5H71a5s_case_0012,r47D5H71a5s,single,1,1,11,0.2996163402720286,1
Gemma-Instant,r47D5H71a5s_case_0013,r47D5H71a5s,single,1,0,29,0.589355717410176,1
Gemma-Instant,r47D5H71a5s_case_0013,r47D5H71a5s,single,1,5,29,0.3607667746113409,1
Gemma-Instant,r47D5H71a5s_case_0013,r47D5H71a5s,single,1,6,29,0.4320063088167238,1
Gemma-Instant,r47D5H71a5s_case_0013,r47D5H71a5s,single,1,7,29,0.6298402074349527,1
Gemma-Instant,r47D5H71a5s_case_0014,r47D5H71a5s,single,1,3,1,0.7336483416337922,1
Gemma-Instant,r47D5H71a5s_case_0014,r47D5H71a5s,single,1,4,14,0.6841516499368134,1
Gemma-Instant,r47D5H71a5s_case_0014,r47D5H71a5s,single,1,5,7,0.3825505392919097,1
Gemma-Instant,r47D5H71a5s_case_0015,r47D5H71a5s,single,1,0,29,0.4298406033646154,1
Gemma-Instant,r47D5H71a5s_case_0015,r47D5H71a5s,single,1,1,29,0.5256404383264406,1
Gemma-Instant,r47D5H71a5s_case_0015,r47D5H71a5s,single,1,2,24,0.5430494392210277,1
Gemma-Instant,r47D5H71a5s_case_0015,r47D5H71a5s,single,1,3,29,0.41893232544771436,1
Gemma-Instant,r47D5H71a5s_case_0015,r47D5H71a5s,single,1,4,24,0.45711045945261675,1
Gemma-Instant,r47D5H71a5s_case_0015,r47D5H71a5s,single,1,5,29,0.5669514168396563,1
Gemma-Instant,r47D5H71a5s_case_0015,r47D5H71a5s,single,1,6,24,0.7355936509021075,1
Gemma-Instant,r47D5H71a5s_case_0015,r47D5H71a5s,single,1,7,29,0.5274223720356211,1
Gemma-Instant,r47D5H71a5s_case_0016,r47D5H71a5s,multi,3,4,3,0.2485887979504071,1
Gemma-Instant,r47D5H71a5s_case_0017,r47D5H71a5s,multi,3,6,3,0.42686603819422714,1
Gemma-Instant,r47D5H71a5s_case_0018,r47D5H71a5s,multi,3,0,21,0.6146836276223064,1
Gemma-Instant,r47D5H71a5s_case_0018,r47D5H71a5s,multi,3,2,3,0.6381985909136606,1
Gemma-Instant,r47D5H71a5s_case_0019,r47D5H71a5s,multi,3,1,3,0.21137939464533428,1
Gemma-Instant,r47D5H71a5s_case_0019,r47D5H71a5s,multi,3,3,2,0.4764841676154823,1
Gemma-Instant,r47D5H71a5s_case_0019,r47D5H71a5s,multi,3,5,17,0.330423013481078,1
Gemma-Instant,r47D5H71a5s_case_0020,r47D5H71a5s,multi,3,0,15,0.5269937856256243,1
Gemma-Instant,r47D5H71a5s_case_0020,r47D5H71a5s,multi,3,1,3,0.3397315121941964,1
Gemma-Instant,r47D5H71a5s_case_0020,r47D5H71a5s,multi,3,2,13,0.6387490659990067,1
Gemma-Instant,r47D5H71a5s_case_0020,r47D5H71a5s,multi,3,3,4,0.49319745363107925,1
Gemma-Instant,r47D5H71a5s_case_0020,r47D5H71a5s,multi,3,4,1,0.7973270591006283,1
Gemma-Instant,r47D5H71a5s_case_0020,r47D5H71a5s,multi,3,5,14,0.44525955508764786,1
Gemma-Instant,r47D5H71a5s_case_0020,r47D5H71a5s,multi,3,6,10,0.6077227538422287,1
Gemma-Instant,r47D5H71a5s_case_0020,r47D5H71a5s,multi,3,7,3,0.5339502734935727,1
Gemma-Instant,r47D5H71a5s_case_0036,r47D5H71a5s,multi,5,3,1,0.6064093887038811,1
Gemma-Instant,r47D5H71a5s_case_0042,r47D5H71a5s,multi,5,1,2,0.6561570460630433,0
Gemma-Instant,r47D5H71a5s_case_0043,r47D5H71a5s,multi,5,6,2,0.3444304265135613,1
Gemma-Instant,r47D5H71a5s_case_0044,r47D5H71a5s,multi,5,1,2,0.6843759073615774,1
Gemma-Instant,r47D5H71a5s_case_0044,r47D5H71a5s,multi,5,5,4,0.4510357484894608,1
Gemma-Instant,r47D5H71a5s_case_0045,r47D5H71a5s,multi,5,0,10,0.5250856479952888,1
Gemma-Instant,r47D5H71a5s_case_0045,r47D5H71a5s,multi,5,1,3,0.6964518180289709,1
Gemma-Instant,r47D5H71a5s_case_0045,r47D5H71a5s,multi,5,2,2,0.7434393748716007,1
Gemma-Instant,r47D5H71a5s_case_0045,r47D5H71a5s,multi,5,3,2,0.6099582500002243,1
Gemma-Instant,zsNo4HB9uLZ_case_0003,zsNo4HB9uLZ,single,1,1,18,0.7074840779402379,1
Gemma-Instant,zsNo4HB9uLZ_case_0003,zsNo4HB9uLZ,single,1,3,29,0.8520352241875857,1
Gemma-Instant,zsNo4HB9uLZ_case_0003,zsNo4HB9uLZ,single,1,4,29,0.3199499781471732,1
Gemma-Instant,zsNo4HB9uLZ_case_0003,zsNo4HB9uLZ,single,1,7,29,0.7323128654369688,1
Gemma-Instant,zsNo4HB9uLZ_case_0004,zsNo4HB9uLZ,single,1,0,13,0.3556361459780224,1
Gemma-Instant,zsNo4HB9uLZ_case_0004,zsNo4HB9uLZ,single,1,2,29,0.5548035551018051,1
Gemma-Instant,zsNo4HB9uLZ_case_0004,zsNo4HB9uLZ,single,1,5,5,0.6070139368365302,1
Gemma-Instant,zsNo4HB9uLZ_case_0004,zsNo4HB9uLZ,single,1,7,2,0.45142489464775987,1
Gemma-Instant,zsNo4HB9uLZ_case_0005,zsNo4HB9uLZ,single,1,0,2,0.7456611337046177,1
Gemma-Instant,zsNo4HB9uLZ_case_0005,zsNo4HB9uLZ,single,1,2,5,0.7499628836106564,1
Gemma-Instant,zsNo4HB9uLZ_case_0005,zsNo4HB9uLZ,single,1,3,4,0.8842738429881096,1
Gemma-Instant,zsNo4HB9uLZ_case_0005,zsNo4HB9uLZ,single,1,4,8,0.4774859758569625,1
Gemma-Instant,zsNo4HB9uLZ_case_0005,zsNo4HB9uLZ,single,1,5,6,0.576998744671257,1
Gemma-Instant,zsNo4HB9uLZ_case_0005,zsNo4HB9uLZ,single,1,6,7,0.3240561708726885,1
Gemma-Instant,zsNo4HB9uLZ_case_0005,zsNo4HB9uLZ,single,1,7,1,0.6900456794476759,1
Gemma-Instant,zsNo4HB9uLZ_case_0006,zsNo4HB9uLZ,single,1,0,5,0.7393130023459069,1
Gemma-Instant,zsNo4HB9uLZ_case_0008,zsNo4HB9uLZ,single,1,1,8,0.8383835655839601,1
Gemma-Instant,zsNo4HB9uLZ_case_0008,zsNo4HB9uLZ,single,1,4,8,0.7812251981747091,1
Gemma-Instant,zsNo4HB9uLZ_case_0008,zsNo4HB9uLZ,single,1,6,2,0.646109656317178,1
Gemma-Instant,zsNo4HB9uLZ_case_0008,zsNo4HB9uLZ,single,1,7,5,0.815598068357621,1
Gemma-Instant,zsNo4HB9uLZ_case_0009,zsNo4HB9uLZ,single,1,3,6,0.1343150820954104,1
Gemma-Instant,zsNo4HB9uLZ_case_0009,zsNo4HB9uLZ,single,1,5,6,0.2397914941730462,1
Gemma-Instant,zsNo4HB9uLZ_case_0009,zsNo4HB9uLZ,single,1,6,6,0.6192683340706605,1
Gemma-Instant,zsNo4HB9uLZ_case_0009,zsNo4HB9uLZ,single,1,7,6,0.1294423543621959,1
Gemma-Instant,zsNo4HB9uLZ_case_0010,zsNo4HB9uLZ,single,1,0,29,0.4333332199864792,1
Gemma-Instant,zsNo4HB9uLZ_case_0010,zsNo4HB9uLZ,single,1,1,29,0.3841333824225666,1
Gemma-Instant,zsNo4HB9uLZ_case_0010,zsNo4HB9uLZ,single,1,2,29,0.6700669689268072,1
Gemma-Instant,zsNo4HB9uLZ_case_0010,zsNo4HB9uLZ,single,1,5,8,0.6567633770838002,1
Gemma-Instant,zsNo4HB9uLZ_case_0010,zsNo4HB9uLZ,single,1,6,2,0.8705393482996795,1
Gemma-Instant,zsNo4HB9uLZ_case_0010,zsNo4HB9uLZ,single,1,7,1,0.46572736913135093,1
Gemma-Instant,zsNo4HB9uLZ_case_0011,zsNo4HB9uLZ,single,1,6,29,0.44696534997052717,1
Gemma-Instant,zsNo4HB9uLZ_case_0012,zsNo4HB9uLZ,single,1,7,3,0.7133358144000365,1
Gemma-Instant,zsNo4HB9uLZ_case_0013,zsNo4HB9uLZ,single,1,0,3,0.7438805802770831,1
Gemma-Instant,zsNo4HB9uLZ_case_0013,zsNo4HB9uLZ,single,1,4,3,0.5608027697867445,1
Gemma-Instant,zsNo4HB9uLZ_case_0013,zsNo4HB9uLZ,single,1,6,3,0.5208576288492567,1
Gemma-Instant,zsNo4HB9uLZ_case_0013,zsNo4HB9uLZ,single,1,7,3,0.9698327581709293,1
Gemma-Instant,zsNo4HB9uLZ_case_0014,zsNo4HB9uLZ,single,1,0,1,0.8378362791126811,1
Gemma-Instant,zsNo4HB9uLZ_case_0014,zsNo4HB9uLZ,single,1,6,1,0.20329222762716181,1
Gemma-Instant,zsNo4HB9uLZ_case_0014,zsNo4HB9uLZ,single,1,7,1,0.6399906391977186,1
Gemma-Instant,zsNo4HB9uLZ_case_0015,zsNo4HB9uLZ,single,1,0,2,0.8953863902286658,1
Gemma-Instant,zsNo4HB9uLZ_case_0015,zsNo4HB9uLZ,single,1,1,8,0.8262348662387579,1
Gemma-Instant,zsNo4HB9uLZ_case_0015,zsNo4HB9uLZ,single,1,2,1,0.9617801276815245,1
Gemma-Instant,zsNo4HB9uLZ_case_0015,zsNo4HB9uLZ,single,1,4,12,0.4592729038008865,1
Gemma-Instant,zsNo4HB9uLZ_case_0015,zsNo4HB9uLZ,single,1,5,10,0.8439521481668949,1
Gemma-Instant,zsNo4HB9uLZ_case_0015,zsNo4HB9uLZ,single,1,6,5,0.40927178639637435,1
Gemma-Instant,zsNo4HB9uLZ_case_0015,zsNo4HB9uLZ,single,1,7,2,0.9335591277567037,1
Gemma-Instant,zsNo4HB9uLZ_case_0016,zsNo4HB9uLZ,multi,3,5,29,0.43065543279177837,1
Gemma-Instant,zsNo4HB9uLZ_case_0017,zsNo4HB9uLZ,multi,3,4,1,0.8529679723075616,1
Gemma-Instant,zsNo4HB9uLZ_case_0018,zsNo4HB9uLZ,multi,3,0,13,0.5005781100684883,1
Gemma-Instant,zsNo4HB9uLZ_case_0018,zsNo4HB9uLZ,multi,3,2,11,0.650349402809879,1
Gemma-Instant,zsNo4HB9uLZ_case_0018,zsNo4HB9uLZ,multi,3,4,5,0.8929006077557154,1
Gemma-Instant,zsNo4HB9uLZ_case_0019,zsNo4HB9uLZ,multi,3,3,1,0.4298839529594344,1
Gemma-Instant,zsNo4HB9uLZ_case_0019,zsNo4HB9uLZ,multi,3,4,4,0.8829424874019511,1
Gemma-Instant,zsNo4HB9uLZ_case_0019,zsNo4HB9uLZ,multi,3,5,6,0.6588675246554733,1
Gemma-Instant,zsNo4HB9uLZ_case_0019,zsNo4HB9uLZ,multi,3,7,1,0.43244995626231697,1
Gemma-Instant,zsNo4HB9uLZ_case_0020,zsNo4HB9uLZ,multi,3,0,7,0.5679399750234396,1
Gemma-Instant,zsNo4HB9uLZ_case_0020,zsNo4HB9uLZ,multi,3,1,8,0.5174486800128779,1
Gemma-Instant,zsNo4HB9uLZ_case_0020,zsNo4HB9uLZ,multi,3,2,9,0.575067405462559,1
Gemma-Instant,zsNo4HB9uLZ_case_0020,zsNo4HB9uLZ,multi,3,3,1,0.4357876755167065,1
Gemma-Instant,zsNo4HB9uLZ_case_0020,zsNo4HB9uLZ,multi,3,4,12,0.7409986109341312,1
Gemma-Instant,zsNo4HB9uLZ_case_0020,zsNo4HB9uLZ,multi,3,5,4,0.4931911887929509,1
Gemma-Instant,zsNo4HB9uLZ_case_0020,zsNo4HB9uLZ,multi,3,7,2,0.48444418351477214,1
Gemma-Instant,zsNo4HB9uLZ_case_0045,zsNo4HB9uLZ,multi,5,0,4,0.6165289132007792,1
Gemma-Instant,zsNo4HB9uLZ_case_0045,zsNo4HB9uLZ,multi,5,2,5,0.5359101590239406,1
Gemma-Instant,zsNo4HB9uLZ_case_0045,zsNo4HB9uLZ,multi,5,3,1,0.5841275959647825,1
Gemma-Instant,zsNo4HB9uLZ_case_0045,zsNo4HB9uLZ,multi,5,4,2,0.8108925876853101,1
Gemma-Instant,zsNo4HB9uLZ_case_0045,zsNo4HB9uLZ,multi,5,5,4,0.530209335734479,1
Gemma-Instant,zsNo4HB9uLZ_case_0045,zsNo4HB9uLZ,multi,5,7,1,0.6249907831373198,1
Gemma-Instant,JF19kD82Mey_case_0003,JF19kD82Mey,single,1,0,1,0.9335065501318104,1
Gemma-Instant,JF19kD82Mey_case_0003,JF19kD82Mey,single,1,5,20,0.7099249565407266,1
Gemma-Instant,JF19kD82Mey_case_0003,JF19kD82Mey,single,1,7,29,0.7077911659352047,1
Gemma-Instant,JF19kD82Mey_case_0004,JF19kD82Mey,single,1,0,29,0.6487958531956454,1
Gemma-Instant,JF19kD82Mey_case_0004,JF19kD82Mey,single,1,2,29,0.45286810125267923,1
Gemma-Instant,JF19kD82Mey_case_0004,JF19kD82Mey,single,1,4,25,0.5777437998106655,1
Gemma-Instant,JF19kD82Mey_case_0004,JF19kD82Mey,single,1,7,29,0.5089137264642566,1
Gemma-Instant,JF19kD82Mey_case_0006,JF19kD82Mey,single,1,4,1,0.9506455925495522,1
Gemma-Instant,JF19kD82Mey_case_0007,JF19kD82Mey,single,1,0,12,0.6395300175488535,1
Gemma-Instant,JF19kD82Mey_case_0018,JF19kD82Mey,multi,3,0,2,0.7575672830231159,1
Gemma-Instant,JF19kD82Mey_case_0018,JF19kD82Mey,multi,3,4,1,0.6071673486340903,1
Gemma-Instant,JF19kD82Mey_case_0020,JF19kD82Mey,multi,3,0,2,0.8037122292857959,1
Gemma-Instant,JF19kD82Mey_case_0020,JF19kD82Mey,multi,3,1,8,0.5978822121878915,1
Gemma-Instant,JF19kD82Mey_case_0020,JF19kD82Mey,multi,3,3,12,0.5241888117467012,1
Gemma-Instant,JF19kD82Mey_case_0020,JF19kD82Mey,multi,3,4,1,0.60385130299925,1
Gemma-Instant,JF19kD82Mey_case_0020,JF19kD82Mey,multi,3,6,1,0.4542913472854908,1
Gemma-Instant,JF19kD82Mey_case_0021,JF19kD82Mey,multi,3,7,20,0.8792727608488251,1
Gemma-Instant,JF19kD82Mey_case_0022,JF19kD82Mey,multi,3,6,1,0.4918348820118644,1
Gemma-Instant,JF19kD82Mey_case_0023,JF19kD82Mey,multi,3,2,1,0.751903925734528,1
Gemma-Instant,JF19kD82Mey_case_0023,JF19kD82Mey,multi,3,4,3,0.4169049989835618,1
Gemma-Instant,JF19kD82Mey_case_0024,JF19kD82Mey,multi,3,0,2,0.7928520990086307,1
Gemma-Instant,JF19kD82Mey_case_0024,JF19kD82Mey,multi,3,1,3,0.5885128668762641,1
Gemma-Instant,JF19kD82Mey_case_0024,JF19kD82Mey,multi,3,3,1,0.5686039398915232,1
Gemma-Instant,JF19kD82Mey_case_0025,JF19kD82Mey,multi,3,0,5,0.9410292404316654,1
Gemma-Instant,JF19kD82Mey_case_0025,JF19kD82Mey,multi,3,1,5,0.6510682623418302,1
Gemma-Instant,JF19kD82Mey_case_0025,JF19kD82Mey,multi,3,3,12,0.743952121426767,1
Gemma-Instant,JF19kD82Mey_case_0025,JF19kD82Mey,multi,3,4,1,0.9471236699978092,1
Gemma-Instant,JF19kD82Mey_case_0025,JF19kD82Mey,multi,3,5,11,0.5716568194113294,1
Gemma-Instant,JF19kD82Mey_case_0025,JF19kD82Mey,multi,3,6,1,0.5141961903583665,1
Gemma-Instant,JF19kD82Mey_case_0025,JF19kD82Mey,multi,3,7,1,0.8536830775055148,1
Gemma-Instant,JF19kD82Mey_case_0028,JF19kD82Mey,multi,3,0,4,0.8383149151718148,1
Gemma-Instant,JF19kD82Mey_case_0028,JF19kD82Mey,multi,3,1,5,0.5128495134346928,1
Gemma-Instant,JF19kD82Mey_case_0028,JF19kD82Mey,multi,3,3,2,0.5363444524988034,1
Gemma-Instant,JF19kD82Mey_case_0029,JF19kD82Mey,multi,3,2,5,0.8423501332992384,1
Gemma-Instant,JF19kD82Mey_case_0029,JF19kD82Mey,multi,3,3,2,0.9509535682020012,1
Gemma-Instant,JF19kD82Mey_case_0029,JF19kD82Mey,multi,3,7,4,0.9079870305633371,1
Gemma-Instant,JF19kD82Mey_case_0030,JF19kD82Mey,multi,3,0,3,0.8266782472276534,1
Gemma-Instant,JF19kD82Mey_case_0030,JF19kD82Mey,multi,3,1,6,0.5982025745358596,1
Gemma-Instant,JF19kD82Mey_case_0030,JF19kD82Mey,multi,3,3,1,0.5883269465907532,1
Gemma-Instant,JF19kD82Mey_case_0030,JF19kD82Mey,multi,3,4,1,0.5985935508035227,1
Gemma-Instant,JF19kD82Mey_case_0031,JF19kD82Mey,multi,5,3,4,0.45575105259085225,1
Gemma-Instant,JF19kD82Mey_case_0033,JF19kD82Mey,multi,5,0,2,0.7643077614719009,1
Gemma-Instant,JF19kD82Mey_case_0033,JF19kD82Mey,multi,5,2,1,0.5840381759656119,1
Gemma-Instant,RPmz2sHmrrY_case_0021,RPmz2sHmrrY,multi,3,0,1,0.918966937289001,1
Gemma-Instant,RPmz2sHmrrY_case_0022,RPmz2sHmrrY,multi,3,1,1,0.918197784432182,1
Gemma-Instant,RPmz2sHmrrY_case_0023,RPmz2sHmrrY,multi,3,1,5,0.4593307496112585,1
Gemma-Instant,RPmz2sHmrrY_case_0023,RPmz2sHmrrY,multi,3,5,3,0.6636637643409226,1
Gemma-Instant,RPmz2sHmrrY_case_0023,RPmz2sHmrrY,multi,3,7,8,0.6584758968406339,1
Gemma-Instant,RPmz2sHmrrY_case_0024,RPmz2sHmrrY,multi,3,0,4,0.5155454414381637,1
Gemma-Instant,RPmz2sHmrrY_case_0024,RPmz2sHmrrY,multi,3,2,2,0.9615202779057626,1
Gemma-Instant,RPmz2sHmrrY_case_0024,RPmz2sHmrrY,multi,3,7,3,0.6486980528189469,1
Gemma-Instant,RPmz2sHmrrY_case_0025,RPmz2sHmrrY,multi,3,1,2,0.7988140874165564,1
Gemma-Instant,RPmz2sHmrrY_case_0025,RPmz2sHmrrY,multi,3,2,19,0.6010846420309495,1
Gemma-Instant,RPmz2sHmrrY_case_0025,RPmz2sHmrrY,multi,3,5,6,0.7083135365354463,1
Gemma-Instant,RPmz2sHmrrY_case_0025,RPmz2sHmrrY,multi,3,7,7,0.6618505559270738,1
Gemma-Instant,RPmz2sHmrrY_case_0026,RPmz2sHmrrY,multi,3,2,5,0.9340436922230413,1
Gemma-Instant,RPmz2sHmrrY_case_0028,RPmz2sHmrrY,multi,3,0,1,0.48112590772154185,1
Gemma-Instant,RPmz2sHmrrY_case_0028,RPmz2sHmrrY,multi,3,4,20,0.7885001118550476,1
Gemma-Instant,RPmz2sHmrrY_case_0028,RPmz2sHmrrY,multi,3,7,29,0.7422094244027746,1
Gemma-Instant,RPmz2sHmrrY_case_0029,RPmz2sHmrrY,multi,3,2,1,0.783295597962535,1
Gemma-Instant,RPmz2sHmrrY_case_0029,RPmz2sHmrrY,multi,3,4,3,0.6662325412238398,1
Gemma-Instant,RPmz2sHmrrY_case_0029,RPmz2sHmrrY,multi,3,5,2,0.5317039494348628,1
Gemma-Instant,RPmz2sHmrrY_case_0029,RPmz2sHmrrY,multi,3,7,23,0.7044147929287058,1
Gemma-Instant,RPmz2sHmrrY_case_0030,RPmz2sHmrrY,multi,3,0,1,0.9893335106465458,1
Gemma-Instant,RPmz2sHmrrY_case_0030,RPmz2sHmrrY,multi,3,1,5,0.9608252861765856,1
Gemma-Instant,RPmz2sHmrrY_case_0030,RPmz2sHmrrY,multi,3,2,2,0.3352462338981623,1
Gemma-Instant,RPmz2sHmrrY_case_0030,RPmz2sHmrrY,multi,3,5,6,0.7368229368405154,1
Gemma-Instant,RPmz2sHmrrY_case_0030,RPmz2sHmrrY,multi,3,7,18,0.6990369892404141,1
Gemma-Instant,RPmz2sHmrrY_case_0033,RPmz2sHmrrY,multi,5,0,1,0.6542108451720894,1
Gemma-Instant,RPmz2sHmrrY_case_0034,RPmz2sHmrrY,multi,5,1,1,0.562489739792417,1
Gemma-Instant,RPmz2sHmrrY_case_0034,RPmz2sHmrrY,multi,5,2,5,0.8341376637263165,1
Gemma-Instant,RPmz2sHmrrY_case_0035,RPmz2sHmrrY,multi,5,1,1,0.5536660006285961,1
Gemma-Instant,RPmz2sHmrrY_case_0035,RPmz2sHmrrY,multi,5,2,4,0.8595537287480616,1
Gemma-Instant,RPmz2sHmrrY_case_0035,RPmz2sHmrrY,multi,5,5,5,0.6859549404507801,1
Gemma-Instant,RPmz2sHmrrY_case_0036,RPmz2sHmrrY,multi,5,7,13,0.7419613931299,1
Gemma-Instant,RPmz2sHmrrY_case_0038,RPmz2sHmrrY,multi,5,0,1,0.2822814913674767,1
Gemma-Instant,RPmz2sHmrrY_case_0038,RPmz2sHmrrY,multi,5,2,2,0.9578507335251918,1
Gemma-Instant,RPmz2sHmrrY_case_0038,RPmz2sHmrrY,multi,5,5,5,0.6928292871121023,1
Gemma-Instant,RPmz2sHmrrY_case_0039,RPmz2sHmrrY,multi,5,0,3,0.4700327278806067,1
Gemma-Instant,RPmz2sHmrrY_case_0039,RPmz2sHmrrY,multi,5,1,3,0.4700327278806067,1
Gemma-Instant,RPmz2sHmrrY_case_0039,RPmz2sHmrrY,multi,5,5,2,0.6525621310334515,1
Gemma-Instant,RPmz2sHmrrY_case_0040,RPmz2sHmrrY,multi,5,0,5,0.7868240461219498,1
Gemma-Instant,RPmz2sHmrrY_case_0040,RPmz2sHmrrY,multi,5,2,3,0.8420053556467116,1
Gemma-Instant,RPmz2sHmrrY_case_0040,RPmz2sHmrrY,multi,5,3,5,0.7003287119732977,1
Gemma-Instant,RPmz2sHmrrY_case_0040,RPmz2sHmrrY,multi,5,5,2,0.6206079173647354,1
Gemma-Instant,RPmz2sHmrrY_case_0040,RPmz2sHmrrY,multi,5,7,5,0.6032845752089475,1
Gemma-Instant,17DRP5sb8fy_case_0002,17DRP5sb8fy,single,1,4,11,0.41179993632671685,1
Gemma-Instant,17DRP5sb8fy_case_0003,17DRP5sb8fy,single,1,2,29,0.3335719749940993,1
Gemma-Instant,17DRP5sb8fy_case_0003,17DRP5sb8fy,single,1,5,29,0.46264499691241595,1
Gemma-Instant,17DRP5sb8fy_case_0003,17DRP5sb8fy,single,1,6,29,0.7636719344490376,1
Gemma-Instant,17DRP5sb8fy_case_0003,17DRP5sb8fy,single,1,7,29,0.8445397303326297,1
Gemma-Instant,17DRP5sb8fy_case_0004,17DRP5sb8fy,single,1,0,6,0.3923048532823872,1
Gemma-Instant,17DRP5sb8fy_case_0004,17DRP5sb8fy,single,1,2,3,0.21465374153902625,1
Gemma-Instant,17DRP5sb8fy_case_0004,17DRP5sb8fy,single,1,5,29,0.3148143835817628,1
Gemma-Instant,17DRP5sb8fy_case_0005,17DRP5sb8fy,single,1,1,10,0.2086396385346366,1
Gemma-Instant,17DRP5sb8fy_case_0005,17DRP5sb8fy,single,1,2,11,0.2006914839436333,1
Gemma-Instant,17DRP5sb8fy_case_0005,17DRP5sb8fy,single,1,3,3,0.8798312848558943,1
Gemma-Instant,17DRP5sb8fy_case_0005,17DRP5sb8fy,single,1,4,3,0.9180198272129424,1
Gemma-Instant,17DRP5sb8fy_case_0005,17DRP5sb8fy,single,1,5,15,0.4254414987288856,1
Gemma-Instant,17DRP5sb8fy_case_0005,17DRP5sb8fy,single,1,7,8,0.868185591109575,1
Gemma-Instant,17DRP5sb8fy_case_0006,17DRP5sb8fy,single,1,1,7,0.7552487530508879,1
Gemma-Instant,17DRP5sb8fy_case_0007,17DRP5sb8fy,single,1,2,3,0.9936028383363844,0
Gemma-Instant,17DRP5sb8fy_case_0033,17DRP5sb8fy,multi,5,3,11,0.6135109319789124,1
Gemma-Instant,17DRP5sb8fy_case_0033,17DRP5sb8fy,multi,5,5,11,0.7054756569520981,1
Gemma-Instant,17DRP5sb8fy_case_0033,17DRP5sb8fy,multi,5,6,11,0.46327378263917096,1
Gemma-Instant,17DRP5sb8fy_case_0033,17DRP5sb8fy,multi,5,7,11,0.5825739570879068,1
Gemma-Instant,17DRP5sb8fy_case_0034,17DRP5sb8fy,multi,5,0,1,0.8610001858719276,1
Gemma-Instant,17DRP5sb8fy_case_0034,17DRP5sb8fy,multi,5,5,15,0.7915890735296672,1
Gemma-Instant,17DRP5sb8fy_case_0035,17DRP5sb8fy,multi,5,0,1,0.9684378709645975,1
Gemma-Instant,17DRP5sb8fy_case_0035,17DRP5sb8fy,multi,5,1,9,0.9167636212310685,1
Gemma-Instant,17DRP5sb8fy_case_0035,17DRP5sb8fy,multi,5,2,1,0.5889979719597351,1
Gemma-Instant,17DRP5sb8fy_case_0035,17DRP5sb8fy,multi,5,3,1,0.9795852062384578,1
Gemma-Instant,17DRP5sb8fy_case_0035,17DRP5sb8fy,multi,5,4,3,0.8230426895851992,1
Gemma-Instant,17DRP5sb8fy_case_0035,17DRP5sb8fy,multi,5,5,17,0.8613252035443982,1
Gemma-Instant,17DRP5sb8fy_case_0036,17DRP5sb8fy,multi,5,3,1,0.6083207314533373,0
Gemma-Instant,17DRP5sb8fy_case_0038,17DRP5sb8fy,multi,5,1,3,0.783884971626512,1
Gemma-Instant,17DRP5sb8fy_case_0038,17DRP5sb8fy,multi,5,4,4,0.25955970498752645,1
Gemma-Instant,17DRP5sb8fy_case_0039,17DRP5sb8fy,multi,5,4,4,0.3541918178218449,1
Gemma-Instant,17DRP5sb8fy_case_0039,17DRP5sb8fy,multi,5,6,6,0.5557906221224757,1
Gemma-Instant,17DRP5sb8fy_case_0040,17DRP5sb8fy,multi,5,0,1,0.7285016338194505,1
Gemma-Instant,17DRP5sb8fy_case_0040,17DRP5sb8fy,multi,5,1,4,0.6604000303410494,1
Gemma-Instant,17DRP5sb8fy_case_0040,17DRP5sb8fy,multi,5,3,4,0.9147136250866955,1
Gemma-Instant,17DRP5sb8fy_case_0040,17DRP5sb8fy,multi,5,4,5,0.43612422681319407,1
Gemma-Instant,17DRP5sb8fy_case_0040,17DRP5sb8fy,multi,5,5,16,0.5256399876640888,1
Gemma-Instant,17DRP5sb8fy_case_0040,17DRP5sb8fy,multi,5,7,4,0.9032315323039601,1
Gemma-Instant,17DRP5sb8fy_case_0041,17DRP5sb8fy,multi,5,5,17,0.4866106148952833,1
Gemma-Instant,17DRP5sb8fy_case_0043,17DRP5sb8fy,multi,5,3,3,0.8409159131420085,1
Gemma-Instant,17DRP5sb8fy_case_0043,17DRP5sb8fy,multi,5,5,1,0.6275102692496297,1
Gemma-Instant,17DRP5sb8fy_case_0044,17DRP5sb8fy,multi,5,4,4,0.21377964723740062,1
Gemma-Instant,17DRP5sb8fy_case_0044,17DRP5sb8fy,multi,5,5,1,0.6064361449471574,1
Gemma-Instant,17DRP5sb8fy_case_0045,17DRP5sb8fy,multi,5,1,4,0.8025634487270659,1
Gemma-Instant,17DRP5sb8fy_case_0045,17DRP5sb8fy,multi,5,3,1,0.6050392177943553,1
Gemma-Instant,17DRP5sb8fy_case_0045,17DRP5sb8fy,multi,5,4,4,0.3043265269716161,1
Gemma-Instant,17DRP5sb8fy_case_0045,17DRP5sb8fy,multi,5,5,2,0.5804379026795264,1
