method,case_id,scan_id,agent_group,agent_number,target_number,shared_active_target_count,evaluation_status,initial_pwgs
GPT-Medium,r47D5H71a5s_case_0007,r47D5H71a5s,single,1,1,1,evaluable,0.20393718929011406
Qwen-Thinking,r47D5H71a5s_case_0007,r47D5H71a5s,single,1,1,1,evaluable,0.21595703019541168
Qwen-Instant,r47D5H71a5s_case_0007,r47D5H71a5s,single,1,1,1,evaluable,0.20307320148665897
Gemma-Instant,r47D5H71a5s_case_0007,r47D5H71a5s,single,1,1,1,evaluable,0.20190194433131814
GPT-Medium,r47D5H71a5s_case_0008,r47D5H71a5s,single,1,4,3,evaluable,0.5999039577118914
Qwen-Thinking,r47D5H71a5s_case_0008,r47D5H71a5s,single,1,4,3,evaluable,0.5999039577118914
Qwen-Instant,r47D5H71a5s_case_0008,r47D5H71a5s,single,1,4,3,evaluable,0.5999039577118914
Gemma-Instant,r47D5H71a5s_case_0008,r47D5H71a5s,single,1,4,3,evaluable,0.5999039577118914
GPT-Medium,r47D5H71a5s_case_0009,r47D5H71a5s,single,1,4,4,evaluable,0.4127704815478077
Qwen-Thinking,r47D5H71a5s_case_0009,r47D5H71a5s,single,1,4,4,evaluable,0.4127704815478077
Qwen-Instant,r47D5H71a5s_case_0009,r47D5H71a5s,single,1,4,4,evaluable,0.4127704815478077
Gemma-Instant,r47D5H71a5s_case_0009,r47D5H71a5s,single,1,4,4,evaluable,0.4127704815478077
GPT-Medium,r47D5H71a5s_case_0010,r47D5H71a5s,single,1,8,7,evaluable,0.5863809108762624
Qwen-Thinking,r47D5H71a5s_case_0010,r47D5H71a5s,single,1,8,7,evaluable,0.5959721261758387
Qwen-Instant,r47D5H71a5s_case_0010,r47D5H71a5s,single,1,8,7,evaluable,0.5502252534543711
Gemma-Instant,r47D5H71a5s_case_0010,r47D5H71a5s,single,1,8,7,evaluable,0.568918950110294
GPT-Medium,r47D5H71a5s_case_0011,r47D5H71a5s,single,1,1,1,evaluable,0.5435084361694397
Qwen-Thinking,r47D5H71a5s_case_0011,r47D5H71a5s,single,1,1,1,evaluable,0.5162845084588795
Qwen-Instant,r47D5H71a5s_case_0011,r47D5H71a5s,single,1,1,1,evaluable,0.4799034414274945
Gemma-Instant,r47D5H71a5s_case_0011,r47D5H71a5s,single,1,1,1,evaluable,0.546602064318367
GPT-Medium,r47D5H71a5s_case_0012,r47D5H71a5s,single,1,1,1,evaluable,0.10623428514602551
Qwen-Thinking,r47D5H71a5s_case_0012,r47D5H71a5s,single,1,1,1,evaluable,0.10623428514602551
Qwen-Instant,r47D5H71a5s_case_0012,r47D5H71a5s,single,1,1,1,evaluable,0.10623428514602551
Gemma-Instant,r47D5H71a5s_case_0012,r47D5H71a5s,single,1,1,1,evaluable,0.10623428514602551
GPT-Medium,r47D5H71a5s_case_0013,r47D5H71a5s,single,1,4,4,evaluable,0.3835054934390474
Qwen-Thinking,r47D5H71a5s_case_0013,r47D5H71a5s,single,1,4,4,evaluable,0.38128380452353827
Qwen-Instant,r47D5H71a5s_case_0013,r47D5H71a5s,single,1,4,4,evaluable,0.38128380452353827
Gemma-Instant,r47D5H71a5s_case_0013,r47D5H71a5s,single,1,4,4,evaluable,0.38128380452353827
GPT-Medium,r47D5H71a5s_case_0014,r47D5H71a5s,single,1,4,3,evaluable,0.6412842547939618
Qwen-Thinking,r47D5H71a5s_case_0014,r47D5H71a5s,single,1,4,3,evaluable,0.6136185207732908
Qwen-Instant,r47D5H71a5s_case_0014,r47D5H71a5s,single,1,4,3,evaluable,0.6262010925414428
Gemma-Instant,r47D5H71a5s_case_0014,r47D5H71a5s,single,1,4,3,evaluable,0.6554157719479551
GPT-Medium,r47D5H71a5s_case_0015,r47D5H71a5s,single,1,8,7,evaluable,0.5450414437417396
Qwen-Thinking,r47D5H71a5s_case_0015,r47D5H71a5s,single,1,8,7,evaluable,0.5058075615507087
Qwen-Instant,r47D5H71a5s_case_0015,r47D5H71a5s,single,1,8,7,evaluable,0.5684276852242021
Gemma-Instant,r47D5H71a5s_case_0015,r47D5H71a5s,single,1,8,7,evaluable,0.5346055109392747
GPT-Medium,r47D5H71a5s_case_0016,r47D5H71a5s,multi,3,1,1,evaluable,0.25426576909691534
Qwen-Thinking,r47D5H71a5s_case_0016,r47D5H71a5s,multi,3,1,1,evaluable,0.2621059486866645
Qwen-Instant,r47D5H71a5s_case_0016,r47D5H71a5s,multi,3,1,1,evaluable,0.2343338132284003
Gemma-Instant,r47D5H71a5s_case_0016,r47D5H71a5s,multi,3,1,1,evaluable,0.20259945461571238
GPT-Medium,r47D5H71a5s_case_0017,r47D5H71a5s,multi,3,1,1,evaluable,0.3067932440164026
Qwen-Thinking,r47D5H71a5s_case_0017,r47D5H71a5s,multi,3,1,1,evaluable,0.16954136523294638
Qwen-Instant,r47D5H71a5s_case_0017,r47D5H71a5s,multi,3,1,1,evaluable,0.2304383170875245
Gemma-Instant,r47D5H71a5s_case_0017,r47D5H71a5s,multi,3,1,1,evaluable,0.2304383170875245
GPT-Medium,r47D5H71a5s_case_0018,r47D5H71a5s,multi,3,4,2,evaluable,0.6826953755271452
Qwen-Thinking,r47D5H71a5s_case_0018,r47D5H71a5s,multi,3,4,2,evaluable,0.7016373765350473
Qwen-Instant,r47D5H71a5s_case_0018,r47D5H71a5s,multi,3,4,2,evaluable,0.7193252974399994
Gemma-Instant,r47D5H71a5s_case_0018,r47D5H71a5s,multi,3,4,2,evaluable,0.7070364072308095
GPT-Medium,r47D5H71a5s_case_0019,r47D5H71a5s,multi,3,4,3,evaluable,0.36385787136546965
Qwen-Thinking,r47D5H71a5s_case_0019,r47D5H71a5s,multi,3,4,3,evaluable,0.2894422328263035
Qwen-Instant,r47D5H71a5s_case_0019,r47D5H71a5s,multi,3,4,3,evaluable,0.32916575399305215
Gemma-Instant,r47D5H71a5s_case_0019,r47D5H71a5s,multi,3,4,3,evaluable,0.3491316678940895
GPT-Medium,r47D5H71a5s_case_0020,r47D5H71a5s,multi,3,8,7,evaluable,0.5605581973335795
Qwen-Thinking,r47D5H71a5s_case_0020,r47D5H71a5s,multi,3,8,7,evaluable,0.4532664888094399
Qwen-Instant,r47D5H71a5s_case_0020,r47D5H71a5s,multi,3,8,7,evaluable,0.4651798266017173
Gemma-Instant,r47D5H71a5s_case_0020,r47D5H71a5s,multi,3,8,7,evaluable,0.4093121696748412
GPT-Medium,r47D5H71a5s_case_0036,r47D5H71a5s,multi,5,1,1,evaluable,0.5244992266598996
Qwen-Thinking,r47D5H71a5s_case_0036,r47D5H71a5s,multi,5,1,1,evaluable,0.6993554507254723
Qwen-Instant,r47D5H71a5s_case_0036,r47D5H71a5s,multi,5,1,1,evaluable,0.6193640048330664
Gemma-Instant,r47D5H71a5s_case_0036,r47D5H71a5s,multi,5,1,1,evaluable,0.6064093887038811
GPT-Medium,r47D5H71a5s_case_0041,r47D5H71a5s,multi,5,1,0,not_applicable_no_shared_active_target,
Qwen-Thinking,r47D5H71a5s_case_0041,r47D5H71a5s,multi,5,1,0,not_applicable_no_shared_active_target,
Qwen-Instant,r47D5H71a5s_case_0041,r47D5H71a5s,multi,5,1,0,not_applicable_no_shared_active_target,
Gemma-Instant,r47D5H71a5s_case_0041,r47D5H71a5s,multi,5,1,0,not_applicable_no_shared_active_target,
GPT-Medium,r47D5H71a5s_case_0042,r47D5H71a5s,multi,5,1,0,not_applicable_no_shared_active_target,
Qwen-Thinking,r47D5H71a5s_case_0042,r47D5H71a5s,multi,5,1,0,not_applicable_no_shared_active_target,
Qwen-Instant,r47D5H71a5s_case_0042,r47D5H71a5s,multi,5,1,0,not_applicable_no_shared_active_target,
Gemma-Instant,r47D5H71a5s_case_0042,r47D5H71a5s,multi,5,1,0,not_applicable_no_shared_active_target,
GPT-Medium,r47D5H71a5s_case_0043,r47D5H71a5s,multi,5,4,1,evaluable,0.5062589476646834
Qwen-Thinking,r47D5H71a5s_case_0043,r47D5H71a5s,multi,5,4,1,evaluable,0.5124649842205875
Qwen-Instant,r47D5H71a5s_case_0043,r47D5H71a5s,multi,5,4,1,evaluable,0.5049014534969445
Gemma-Instant,r47D5H71a5s_case_0043,r47D5H71a5s,multi,5,4,1,evaluable,0.33145510605158623
GPT-Medium,r47D5H71a5s_case_0044,r47D5H71a5s,multi,5,4,2,evaluable,0.6862042072661998
Qwen-Thinking,r47D5H71a5s_case_0044,r47D5H71a5s,multi,5,4,2,evaluable,0.540875763862984
Qwen-Instant,r47D5H71a5s_case_0044,r47D5H71a5s,multi,5,4,2,evaluable,0.5468966418192571
Gemma-Instant,r47D5H71a5s_case_0044,r47D5H71a5s,multi,5,4,2,evaluable,0.4470593351056403
GPT-Medium,r47D5H71a5s_case_0045,r47D5H71a5s,multi,5,8,4,evaluable,0.6517374939943545
Qwen-Thinking,r47D5H71a5s_case_0045,r47D5H71a5s,multi,5,8,4,evaluable,0.6577218298755703
Qwen-Instant,r47D5H71a5s_case_0045,r47D5H71a5s,multi,5,8,4,evaluable,0.65969560491099
Gemma-Instant,r47D5H71a5s_case_0045,r47D5H71a5s,multi,5,8,4,evaluable,0.6352074232501391
GPT-Medium,zsNo4HB9uLZ_case_0001,zsNo4HB9uLZ,single,1,1,1,evaluable,0.409562176718549
Qwen-Thinking,zsNo4HB9uLZ_case_0001,zsNo4HB9uLZ,single,1,1,1,evaluable,0.3349781374023646
Qwen-Instant,zsNo4HB9uLZ_case_0001,zsNo4HB9uLZ,single,1,1,1,evaluable,0.3947409894185381
Gemma-Instant,zsNo4HB9uLZ_case_0001,zsNo4HB9uLZ,single,1,1,1,evaluable,0.0
GPT-Medium,zsNo4HB9uLZ_case_0002,zsNo4HB9uLZ,single,1,1,1,evaluable,0.24195627825844368
Qwen-Thinking,zsNo4HB9uLZ_case_0002,zsNo4HB9uLZ,single,1,1,1,evaluable,0.24653808712554404
Qwen-Instant,zsNo4HB9uLZ_case_0002,zsNo4HB9uLZ,single,1,1,1,evaluable,0.2944514680431749
Gemma-Instant,zsNo4HB9uLZ_case_0002,zsNo4HB9uLZ,single,1,1,1,evaluable,0.0
GPT-Medium,zsNo4HB9uLZ_case_0003,zsNo4HB9uLZ,single,1,4,3,evaluable,0.5830100445135722
Qwen-Thinking,zsNo4HB9uLZ_case_0003,zsNo4HB9uLZ,single,1,4,3,evaluable,0.5751093607639675
Qwen-Instant,zsNo4HB9uLZ_case_0003,zsNo4HB9uLZ,single,1,4,3,evaluable,0.5751093607639675
Gemma-Instant,zsNo4HB9uLZ_case_0003,zsNo4HB9uLZ,single,1,4,3,evaluable,0.5757417503498093
GPT-Medium,zsNo4HB9uLZ_case_0004,zsNo4HB9uLZ,single,1,4,4,evaluable,0.46658379044400067
Qwen-Thinking,zsNo4HB9uLZ_case_0004,zsNo4HB9uLZ,single,1,4,4,evaluable,0.4643400507170004
Qwen-Instant,zsNo4HB9uLZ_case_0004,zsNo4HB9uLZ,single,1,4,4,evaluable,0.449849585633427
Gemma-Instant,zsNo4HB9uLZ_case_0004,zsNo4HB9uLZ,single,1,4,4,evaluable,0.4932171265692472
GPT-Medium,zsNo4HB9uLZ_case_0005,zsNo4HB9uLZ,single,1,8,7,evaluable,0.5348397410650673
Qwen-Thinking,zsNo4HB9uLZ_case_0005,zsNo4HB9uLZ,single,1,8,7,evaluable,0.4762746711663666
Qwen-Instant,zsNo4HB9uLZ_case_0005,zsNo4HB9uLZ,single,1,8,7,evaluable,0.4776064633798612
Gemma-Instant,zsNo4HB9uLZ_case_0005,zsNo4HB9uLZ,single,1,8,7,evaluable,0.5228208415928679
GPT-Medium,zsNo4HB9uLZ_case_0006,zsNo4HB9uLZ,single,1,1,1,evaluable,0.7892619952286108
Qwen-Thinking,zsNo4HB9uLZ_case_0006,zsNo4HB9uLZ,single,1,1,1,evaluable,0.6679644723877469
Qwen-Instant,zsNo4HB9uLZ_case_0006,zsNo4HB9uLZ,single,1,1,1,evaluable,0.6622624520832618
Gemma-Instant,zsNo4HB9uLZ_case_0006,zsNo4HB9uLZ,single,1,1,1,evaluable,0.67822810893582
GPT-Medium,zsNo4HB9uLZ_case_0008,zsNo4HB9uLZ,single,1,4,4,evaluable,0.7519939777749738
Qwen-Thinking,zsNo4HB9uLZ_case_0008,zsNo4HB9uLZ,single,1,4,4,evaluable,0.682607601129088
Qwen-Instant,zsNo4HB9uLZ_case_0008,zsNo4HB9uLZ,single,1,4,4,evaluable,0.6323207644258665
Gemma-Instant,zsNo4HB9uLZ_case_0008,zsNo4HB9uLZ,single,1,4,4,evaluable,0.74031773905283
GPT-Medium,zsNo4HB9uLZ_case_0009,zsNo4HB9uLZ,single,1,4,4,evaluable,0.3241514058234384
Qwen-Thinking,zsNo4HB9uLZ_case_0009,zsNo4HB9uLZ,single,1,4,4,evaluable,0.3143073647759502
Qwen-Instant,zsNo4HB9uLZ_case_0009,zsNo4HB9uLZ,single,1,4,4,evaluable,0.35294523575365866
Gemma-Instant,zsNo4HB9uLZ_case_0009,zsNo4HB9uLZ,single,1,4,4,evaluable,0.3121749678245596
GPT-Medium,zsNo4HB9uLZ_case_0010,zsNo4HB9uLZ,single,1,8,6,evaluable,0.5056068791731493
Qwen-Thinking,zsNo4HB9uLZ_case_0010,zsNo4HB9uLZ,single,1,8,6,evaluable,0.5296334572148781
Qwen-Instant,zsNo4HB9uLZ_case_0010,zsNo4HB9uLZ,single,1,8,6,evaluable,0.5830402851222162
Gemma-Instant,zsNo4HB9uLZ_case_0010,zsNo4HB9uLZ,single,1,8,6,evaluable,0.5187628075020317
GPT-Medium,zsNo4HB9uLZ_case_0011,zsNo4HB9uLZ,single,1,1,1,evaluable,0.28338733883014466
Qwen-Thinking,zsNo4HB9uLZ_case_0011,zsNo4HB9uLZ,single,1,1,1,evaluable,0.21305586539727117
Qwen-Instant,zsNo4HB9uLZ_case_0011,zsNo4HB9uLZ,single,1,1,1,evaluable,0.25250865133249056
Gemma-Instant,zsNo4HB9uLZ_case_0011,zsNo4HB9uLZ,single,1,1,1,evaluable,0.25250865133249056
GPT-Medium,zsNo4HB9uLZ_case_0012,zsNo4HB9uLZ,single,1,1,1,evaluable,0.6373812503604521
Qwen-Thinking,zsNo4HB9uLZ_case_0012,zsNo4HB9uLZ,single,1,1,1,evaluable,0.6373812503604521
Qwen-Instant,zsNo4HB9uLZ_case_0012,zsNo4HB9uLZ,single,1,1,1,evaluable,0.6373812503604521
Gemma-Instant,zsNo4HB9uLZ_case_0012,zsNo4HB9uLZ,single,1,1,1,evaluable,0.6373812503604521
GPT-Medium,zsNo4HB9uLZ_case_0013,zsNo4HB9uLZ,single,1,4,4,evaluable,0.6649097427491353
Qwen-Thinking,zsNo4HB9uLZ_case_0013,zsNo4HB9uLZ,single,1,4,4,evaluable,0.6690291712206636
Qwen-Instant,zsNo4HB9uLZ_case_0013,zsNo4HB9uLZ,single,1,4,4,evaluable,0.6765130728703003
Gemma-Instant,zsNo4HB9uLZ_case_0013,zsNo4HB9uLZ,single,1,4,4,evaluable,0.6690291712206636
GPT-Medium,zsNo4HB9uLZ_case_0014,zsNo4HB9uLZ,single,1,4,3,evaluable,0.5592987231570982
Qwen-Thinking,zsNo4HB9uLZ_case_0014,zsNo4HB9uLZ,single,1,4,3,evaluable,0.5549561898832248
Qwen-Instant,zsNo4HB9uLZ_case_0014,zsNo4HB9uLZ,single,1,4,3,evaluable,0.5549561898832248
Gemma-Instant,zsNo4HB9uLZ_case_0014,zsNo4HB9uLZ,single,1,4,3,evaluable,0.5603730486458538
GPT-Medium,zsNo4HB9uLZ_case_0015,zsNo4HB9uLZ,single,1,8,7,evaluable,0.7349406609727767
Qwen-Thinking,zsNo4HB9uLZ_case_0015,zsNo4HB9uLZ,single,1,8,7,evaluable,0.7338628162640145
Qwen-Instant,zsNo4HB9uLZ_case_0015,zsNo4HB9uLZ,single,1,8,7,evaluable,0.7211341333826417
Gemma-Instant,zsNo4HB9uLZ_case_0015,zsNo4HB9uLZ,single,1,8,7,evaluable,0.7420648871216011
GPT-Medium,zsNo4HB9uLZ_case_0016,zsNo4HB9uLZ,multi,3,1,1,evaluable,0.47710978157851214
Qwen-Thinking,zsNo4HB9uLZ_case_0016,zsNo4HB9uLZ,multi,3,1,1,evaluable,0.4358784901803331
Qwen-Instant,zsNo4HB9uLZ_case_0016,zsNo4HB9uLZ,multi,3,1,1,evaluable,0.26914900202504843
Gemma-Instant,zsNo4HB9uLZ_case_0016,zsNo4HB9uLZ,multi,3,1,1,evaluable,0.29379224114361435
GPT-Medium,zsNo4HB9uLZ_case_0017,zsNo4HB9uLZ,multi,3,1,1,evaluable,0.9693688332335404
Qwen-Thinking,zsNo4HB9uLZ_case_0017,zsNo4HB9uLZ,multi,3,1,1,evaluable,0.8594080833214945
Qwen-Instant,zsNo4HB9uLZ_case_0017,zsNo4HB9uLZ,multi,3,1,1,evaluable,0.7604873397660608
Gemma-Instant,zsNo4HB9uLZ_case_0017,zsNo4HB9uLZ,multi,3,1,1,evaluable,0.8529679723075616
GPT-Medium,zsNo4HB9uLZ_case_0018,zsNo4HB9uLZ,multi,3,4,3,evaluable,0.6752965711513829
Qwen-Thinking,zsNo4HB9uLZ_case_0018,zsNo4HB9uLZ,multi,3,4,3,evaluable,0.6401825180061053
Qwen-Instant,zsNo4HB9uLZ_case_0018,zsNo4HB9uLZ,multi,3,4,3,evaluable,0.6321360211315402
Gemma-Instant,zsNo4HB9uLZ_case_0018,zsNo4HB9uLZ,multi,3,4,3,evaluable,0.6380137565077248
GPT-Medium,zsNo4HB9uLZ_case_0019,zsNo4HB9uLZ,multi,3,4,3,evaluable,0.6120631868974443
Qwen-Thinking,zsNo4HB9uLZ_case_0019,zsNo4HB9uLZ,multi,3,4,3,evaluable,0.5504695169202029
Qwen-Instant,zsNo4HB9uLZ_case_0019,zsNo4HB9uLZ,multi,3,4,3,evaluable,0.5338804631355661
Gemma-Instant,zsNo4HB9uLZ_case_0019,zsNo4HB9uLZ,multi,3,4,3,evaluable,0.5513919030109479
GPT-Medium,zsNo4HB9uLZ_case_0020,zsNo4HB9uLZ,multi,3,8,7,evaluable,0.6135972490645484
Qwen-Thinking,zsNo4HB9uLZ_case_0020,zsNo4HB9uLZ,multi,3,8,7,evaluable,0.47781389949743563
Qwen-Instant,zsNo4HB9uLZ_case_0020,zsNo4HB9uLZ,multi,3,8,7,evaluable,0.42819054983132354
Gemma-Instant,zsNo4HB9uLZ_case_0020,zsNo4HB9uLZ,multi,3,8,7,evaluable,0.4413745098563048
GPT-Medium,zsNo4HB9uLZ_case_0045,zsNo4HB9uLZ,multi,5,8,5,evaluable,0.6603691123739031
Qwen-Thinking,zsNo4HB9uLZ_case_0045,zsNo4HB9uLZ,multi,5,8,5,evaluable,0.6278218725169421
Qwen-Instant,zsNo4HB9uLZ_case_0045,zsNo4HB9uLZ,multi,5,8,5,evaluable,0.6039562980340021
Gemma-Instant,zsNo4HB9uLZ_case_0045,zsNo4HB9uLZ,multi,5,8,5,evaluable,0.5959951361495469
GPT-Medium,JF19kD82Mey_case_0003,JF19kD82Mey,single,1,4,3,evaluable,0.758778268768649
Qwen-Thinking,JF19kD82Mey_case_0003,JF19kD82Mey,single,1,4,3,evaluable,0.7086232952047572
Qwen-Instant,JF19kD82Mey_case_0003,JF19kD82Mey,single,1,4,3,evaluable,0.730006946335496
Gemma-Instant,JF19kD82Mey_case_0003,JF19kD82Mey,single,1,4,3,evaluable,0.7305648404529351
GPT-Medium,JF19kD82Mey_case_0004,JF19kD82Mey,single,1,4,4,evaluable,0.43321642187632664
Qwen-Thinking,JF19kD82Mey_case_0004,JF19kD82Mey,single,1,4,4,evaluable,0.43077792070836174
Qwen-Instant,JF19kD82Mey_case_0004,JF19kD82Mey,single,1,4,4,evaluable,0.41218216303076144
Gemma-Instant,JF19kD82Mey_case_0004,JF19kD82Mey,single,1,4,4,evaluable,0.41348242055567386
GPT-Medium,JF19kD82Mey_case_0006,JF19kD82Mey,single,1,1,1,evaluable,0.9917995805135847
Qwen-Thinking,JF19kD82Mey_case_0006,JF19kD82Mey,single,1,1,1,evaluable,0.9744870645011763
Qwen-Instant,JF19kD82Mey_case_0006,JF19kD82Mey,single,1,1,1,evaluable,0.9768064222737967
Gemma-Instant,JF19kD82Mey_case_0006,JF19kD82Mey,single,1,1,1,evaluable,0.9506455925495522
GPT-Medium,JF19kD82Mey_case_0007,JF19kD82Mey,single,1,1,1,evaluable,0.7137022194742675
Qwen-Thinking,JF19kD82Mey_case_0007,JF19kD82Mey,single,1,1,1,evaluable,0.7594334512000074
Qwen-Instant,JF19kD82Mey_case_0007,JF19kD82Mey,single,1,1,1,evaluable,0.7403501719188146
Gemma-Instant,JF19kD82Mey_case_0007,JF19kD82Mey,single,1,1,1,evaluable,0.7288151640248124
GPT-Medium,JF19kD82Mey_case_0016,JF19kD82Mey,multi,3,1,0,not_applicable_no_shared_active_target,
Qwen-Thinking,JF19kD82Mey_case_0016,JF19kD82Mey,multi,3,1,0,not_applicable_no_shared_active_target,
Qwen-Instant,JF19kD82Mey_case_0016,JF19kD82Mey,multi,3,1,0,not_applicable_no_shared_active_target,
Gemma-Instant,JF19kD82Mey_case_0016,JF19kD82Mey,multi,3,1,0,not_applicable_no_shared_active_target,
GPT-Medium,JF19kD82Mey_case_0018,JF19kD82Mey,multi,3,4,2,evaluable,0.6462632639014241
Qwen-Thinking,JF19kD82Mey_case_0018,JF19kD82Mey,multi,3,4,2,evaluable,0.6211171886447924
Qwen-Instant,JF19kD82Mey_case_0018,JF19kD82Mey,multi,3,4,2,evaluable,0.6152594564472424
Gemma-Instant,JF19kD82Mey_case_0018,JF19kD82Mey,multi,3,4,2,evaluable,0.6276203596502664
GPT-Medium,JF19kD82Mey_case_0020,JF19kD82Mey,multi,3,8,5,evaluable,0.514533033618894
Qwen-Thinking,JF19kD82Mey_case_0020,JF19kD82Mey,multi,3,8,5,evaluable,0.5685982961772048
Qwen-Instant,JF19kD82Mey_case_0020,JF19kD82Mey,multi,3,8,5,evaluable,0.4774310744074889
Gemma-Instant,JF19kD82Mey_case_0020,JF19kD82Mey,multi,3,8,5,evaluable,0.6022948031697352
GPT-Medium,JF19kD82Mey_case_0021,JF19kD82Mey,multi,3,1,1,evaluable,0.8819022140599719
Qwen-Thinking,JF19kD82Mey_case_0021,JF19kD82Mey,multi,3,1,1,evaluable,0.6446385487815363
Qwen-Instant,JF19kD82Mey_case_0021,JF19kD82Mey,multi,3,1,1,evaluable,0.7137291579775509
Gemma-Instant,JF19kD82Mey_case_0021,JF19kD82Mey,multi,3,1,1,evaluable,0.8303996417299189
GPT-Medium,JF19kD82Mey_case_0022,JF19kD82Mey,multi,3,1,1,evaluable,0.5180378680158543
Qwen-Thinking,JF19kD82Mey_case_0022,JF19kD82Mey,multi,3,1,1,evaluable,0.4738086138662736
Qwen-Instant,JF19kD82Mey_case_0022,JF19kD82Mey,multi,3,1,1,evaluable,0.44197215839171733
Gemma-Instant,JF19kD82Mey_case_0022,JF19kD82Mey,multi,3,1,1,evaluable,0.4918348820118644
GPT-Medium,JF19kD82Mey_case_0023,JF19kD82Mey,multi,3,4,2,evaluable,0.6361810040670994
Qwen-Thinking,JF19kD82Mey_case_0023,JF19kD82Mey,multi,3,4,2,evaluable,0.47182693977243306
Qwen-Instant,JF19kD82Mey_case_0023,JF19kD82Mey,multi,3,4,2,evaluable,0.46324299909485256
Gemma-Instant,JF19kD82Mey_case_0023,JF19kD82Mey,multi,3,4,2,evaluable,0.6181426133647734
GPT-Medium,JF19kD82Mey_case_0024,JF19kD82Mey,multi,3,4,3,evaluable,0.580364181805908
Qwen-Thinking,JF19kD82Mey_case_0024,JF19kD82Mey,multi,3,4,3,evaluable,0.7276068020479697
Qwen-Instant,JF19kD82Mey_case_0024,JF19kD82Mey,multi,3,4,3,evaluable,0.3480812763384713
Gemma-Instant,JF19kD82Mey_case_0024,JF19kD82Mey,multi,3,4,3,evaluable,0.6021627304639602
GPT-Medium,JF19kD82Mey_case_0025,JF19kD82Mey,multi,3,8,6,evaluable,0.7838823827232595
Qwen-Thinking,JF19kD82Mey_case_0025,JF19kD82Mey,multi,3,8,6,evaluable,0.6816084345810228
Qwen-Instant,JF19kD82Mey_case_0025,JF19kD82Mey,multi,3,8,6,evaluable,0.5994500017803112
Gemma-Instant,JF19kD82Mey_case_0025,JF19kD82Mey,multi,3,8,6,evaluable,0.7525927814106601
GPT-Medium,JF19kD82Mey_case_0026,JF19kD82Mey,multi,3,1,0,not_applicable_no_shared_active_target,
Qwen-Thinking,JF19kD82Mey_case_0026,JF19kD82Mey,multi,3,1,0,not_applicable_no_shared_active_target,
Qwen-Instant,JF19kD82Mey_case_0026,JF19kD82Mey,multi,3,1,0,not_applicable_no_shared_active_target,
Gemma-Instant,JF19kD82Mey_case_0026,JF19kD82Mey,multi,3,1,0,not_applicable_no_shared_active_target,
GPT-Medium,JF19kD82Mey_case_0027,JF19kD82Mey,multi,3,1,0,not_applicable_no_shared_active_target,
Qwen-Thinking,JF19kD82Mey_case_0027,JF19kD82Mey,multi,3,1,0,not_applicable_no_shared_active_target,
Qwen-Instant,JF19kD82Mey_case_0027,JF19kD82Mey,multi,3,1,0,not_applicable_no_shared_active_target,
Gemma-Instant,JF19kD82Mey_case_0027,JF19kD82Mey,multi,3,1,0,not_applicable_no_shared_active_target,
GPT-Medium,JF19kD82Mey_case_0028,JF19kD82Mey,multi,3,4,3,evaluable,0.5476033010994618
Qwen-Thinking,JF19kD82Mey_case_0028,JF19kD82Mey,multi,3,4,3,evaluable,0.6207646400111368
Qwen-Instant,JF19kD82Mey_case_0028,JF19kD82Mey,multi,3,4,3,evaluable,0.5795912731817411
Gemma-Instant,JF19kD82Mey_case_0028,JF19kD82Mey,multi,3,4,3,evaluable,0.6125506517899711
GPT-Medium,JF19kD82Mey_case_0029,JF19kD82Mey,multi,3,4,2,evaluable,0.7503111331033884
Qwen-Thinking,JF19kD82Mey_case_0029,JF19kD82Mey,multi,3,4,2,evaluable,0.8290064537159729
Qwen-Instant,JF19kD82Mey_case_0029,JF19kD82Mey,multi,3,4,2,evaluable,0.7731976293815366
Gemma-Instant,JF19kD82Mey_case_0029,JF19kD82Mey,multi,3,4,2,evaluable,0.9337762250596308
GPT-Medium,JF19kD82Mey_case_0030,JF19kD82Mey,multi,3,8,3,evaluable,0.4419724659501556
Qwen-Thinking,JF19kD82Mey_case_0030,JF19kD82Mey,multi,3,8,3,evaluable,0.5144941002884558
Qwen-Instant,JF19kD82Mey_case_0030,JF19kD82Mey,multi,3,8,3,evaluable,0.5493876571978121
Gemma-Instant,JF19kD82Mey_case_0030,JF19kD82Mey,multi,3,8,3,evaluable,0.5747504888133893
GPT-Medium,JF19kD82Mey_case_0031,JF19kD82Mey,multi,5,1,1,evaluable,0.4981216922896784
Qwen-Thinking,JF19kD82Mey_case_0031,JF19kD82Mey,multi,5,1,1,evaluable,0.4698098898752381
Qwen-Instant,JF19kD82Mey_case_0031,JF19kD82Mey,multi,5,1,1,evaluable,0.4566230185012534
Gemma-Instant,JF19kD82Mey_case_0031,JF19kD82Mey,multi,5,1,1,evaluable,0.3960801544556971
GPT-Medium,JF19kD82Mey_case_0032,JF19kD82Mey,multi,5,1,0,not_applicable_no_shared_active_target,
Qwen-Thinking,JF19kD82Mey_case_0032,JF19kD82Mey,multi,5,1,0,not_applicable_no_shared_active_target,
Qwen-Instant,JF19kD82Mey_case_0032,JF19kD82Mey,multi,5,1,0,not_applicable_no_shared_active_target,
Gemma-Instant,JF19kD82Mey_case_0032,JF19kD82Mey,multi,5,1,0,not_applicable_no_shared_active_target,
GPT-Medium,JF19kD82Mey_case_0033,JF19kD82Mey,multi,5,4,1,evaluable,0.8362215227412646
Qwen-Thinking,JF19kD82Mey_case_0033,JF19kD82Mey,multi,5,4,1,evaluable,0.6984658214645925
Qwen-Instant,JF19kD82Mey_case_0033,JF19kD82Mey,multi,5,4,1,evaluable,0.6624493199965509
Gemma-Instant,JF19kD82Mey_case_0033,JF19kD82Mey,multi,5,4,1,evaluable,0.727595709265952
GPT-Medium,RPmz2sHmrrY_case_0021,RPmz2sHmrrY,multi,3,1,1,evaluable,0.8655378140547023
Qwen-Thinking,RPmz2sHmrrY_case_0021,RPmz2sHmrrY,multi,3,1,1,evaluable,0.5242293086221406
Qwen-Instant,RPmz2sHmrrY_case_0021,RPmz2sHmrrY,multi,3,1,1,evaluable,0.5891058842840384
Gemma-Instant,RPmz2sHmrrY_case_0021,RPmz2sHmrrY,multi,3,1,1,evaluable,0.918966937289001
GPT-Medium,RPmz2sHmrrY_case_0022,RPmz2sHmrrY,multi,3,1,1,evaluable,0.6797157465376749
Qwen-Thinking,RPmz2sHmrrY_case_0022,RPmz2sHmrrY,multi,3,1,1,evaluable,0.7309456387815164
Qwen-Instant,RPmz2sHmrrY_case_0022,RPmz2sHmrrY,multi,3,1,1,evaluable,0.628832288571374
Gemma-Instant,RPmz2sHmrrY_case_0022,RPmz2sHmrrY,multi,3,1,1,evaluable,0.918197784432182
GPT-Medium,RPmz2sHmrrY_case_0023,RPmz2sHmrrY,multi,3,4,3,evaluable,0.5813606966002419
Qwen-Thinking,RPmz2sHmrrY_case_0023,RPmz2sHmrrY,multi,3,4,3,evaluable,0.4101706889245236
Qwen-Instant,RPmz2sHmrrY_case_0023,RPmz2sHmrrY,multi,3,4,3,evaluable,0.4613179975774979
Gemma-Instant,RPmz2sHmrrY_case_0023,RPmz2sHmrrY,multi,3,4,3,evaluable,0.6317327364803876
GPT-Medium,RPmz2sHmrrY_case_0024,RPmz2sHmrrY,multi,3,4,3,evaluable,0.6660141139915584
Qwen-Thinking,RPmz2sHmrrY_case_0024,RPmz2sHmrrY,multi,3,4,3,evaluable,0.6460482975058046
Qwen-Instant,RPmz2sHmrrY_case_0024,RPmz2sHmrrY,multi,3,4,3,evaluable,0.5915171703324987
Gemma-Instant,RPmz2sHmrrY_case_0024,RPmz2sHmrrY,multi,3,4,3,evaluable,0.6865381895713837
GPT-Medium,RPmz2sHmrrY_case_0025,RPmz2sHmrrY,multi,3,8,4,evaluable,0.7336209757204135
Qwen-Thinking,RPmz2sHmrrY_case_0025,RPmz2sHmrrY,multi,3,8,4,evaluable,0.5828205477543109
Qwen-Instant,RPmz2sHmrrY_case_0025,RPmz2sHmrrY,multi,3,8,4,evaluable,0.6359882811450248
Gemma-Instant,RPmz2sHmrrY_case_0025,RPmz2sHmrrY,multi,3,8,4,evaluable,0.6759755511635392
GPT-Medium,RPmz2sHmrrY_case_0026,RPmz2sHmrrY,multi,3,1,1,evaluable,0.9703272471523637
Qwen-Thinking,RPmz2sHmrrY_case_0026,RPmz2sHmrrY,multi,3,1,1,evaluable,0.9684134419949942
Qwen-Instant,RPmz2sHmrrY_case_0026,RPmz2sHmrrY,multi,3,1,1,evaluable,0.9107239924538442
Gemma-Instant,RPmz2sHmrrY_case_0026,RPmz2sHmrrY,multi,3,1,1,evaluable,0.9774050360394897
GPT-Medium,RPmz2sHmrrY_case_0027,RPmz2sHmrrY,multi,3,1,0,not_applicable_no_shared_active_target,
Qwen-Thinking,RPmz2sHmrrY_case_0027,RPmz2sHmrrY,multi,3,1,0,not_applicable_no_shared_active_target,
Qwen-Instant,RPmz2sHmrrY_case_0027,RPmz2sHmrrY,multi,3,1,0,not_applicable_no_shared_active_target,
Gemma-Instant,RPmz2sHmrrY_case_0027,RPmz2sHmrrY,multi,3,1,0,not_applicable_no_shared_active_target,
GPT-Medium,RPmz2sHmrrY_case_0028,RPmz2sHmrrY,multi,3,4,2,evaluable,0.6642306619384207
Qwen-Thinking,RPmz2sHmrrY_case_0028,RPmz2sHmrrY,multi,3,4,2,evaluable,0.5536177573391279
Qwen-Instant,RPmz2sHmrrY_case_0028,RPmz2sHmrrY,multi,3,4,2,evaluable,0.6577491902876768
Gemma-Instant,RPmz2sHmrrY_case_0028,RPmz2sHmrrY,multi,3,4,2,evaluable,0.521218320094374
GPT-Medium,RPmz2sHmrrY_case_0029,RPmz2sHmrrY,multi,3,4,4,evaluable,0.7981789145559597
Qwen-Thinking,RPmz2sHmrrY_case_0029,RPmz2sHmrrY,multi,3,4,4,evaluable,0.46240241294322615
Qwen-Instant,RPmz2sHmrrY_case_0029,RPmz2sHmrrY,multi,3,4,4,evaluable,0.4324674009754181
Gemma-Instant,RPmz2sHmrrY_case_0029,RPmz2sHmrrY,multi,3,4,4,evaluable,0.4032862797539159
GPT-Medium,RPmz2sHmrrY_case_0030,RPmz2sHmrrY,multi,3,8,4,evaluable,0.6310051588541965
Qwen-Thinking,RPmz2sHmrrY_case_0030,RPmz2sHmrrY,multi,3,8,4,evaluable,0.5941928324852279
Qwen-Instant,RPmz2sHmrrY_case_0030,RPmz2sHmrrY,multi,3,8,4,evaluable,0.520482453704933
Gemma-Instant,RPmz2sHmrrY_case_0030,RPmz2sHmrrY,multi,3,8,4,evaluable,0.605180008738745
GPT-Medium,RPmz2sHmrrY_case_0031,RPmz2sHmrrY,multi,5,1,0,not_applicable_no_shared_active_target,
Qwen-Thinking,RPmz2sHmrrY_case_0031,RPmz2sHmrrY,multi,5,1,0,not_applicable_no_shared_active_target,
Qwen-Instant,RPmz2sHmrrY_case_0031,RPmz2sHmrrY,multi,5,1,0,not_applicable_no_shared_active_target,
Gemma-Instant,RPmz2sHmrrY_case_0031,RPmz2sHmrrY,multi,5,1,0,not_applicable_no_shared_active_target,
GPT-Medium,RPmz2sHmrrY_case_0032,RPmz2sHmrrY,multi,5,1,0,not_applicable_no_shared_active_target,
Qwen-Thinking,RPmz2sHmrrY_case_0032,RPmz2sHmrrY,multi,5,1,0,not_applicable_no_shared_active_target,
Qwen-Instant,RPmz2sHmrrY_case_0032,RPmz2sHmrrY,multi,5,1,0,not_applicable_no_shared_active_target,
Gemma-Instant,RPmz2sHmrrY_case_0032,RPmz2sHmrrY,multi,5,1,0,not_applicable_no_shared_active_target,
GPT-Medium,RPmz2sHmrrY_case_0033,RPmz2sHmrrY,multi,5,4,1,evaluable,0.8148027357392043
Qwen-Thinking,RPmz2sHmrrY_case_0033,RPmz2sHmrrY,multi,5,4,1,evaluable,0.5770533938045083
Qwen-Instant,RPmz2sHmrrY_case_0033,RPmz2sHmrrY,multi,5,4,1,evaluable,0.26780911177421385
Gemma-Instant,RPmz2sHmrrY_case_0033,RPmz2sHmrrY,multi,5,4,1,evaluable,0.6542108451720894
GPT-Medium,RPmz2sHmrrY_case_0034,RPmz2sHmrrY,multi,5,4,2,evaluable,0.7283801819867748
Qwen-Thinking,RPmz2sHmrrY_case_0034,RPmz2sHmrrY,multi,5,4,2,evaluable,0.6164820413413098
Qwen-Instant,RPmz2sHmrrY_case_0034,RPmz2sHmrrY,multi,5,4,2,evaluable,0.6584095742063776
Gemma-Instant,RPmz2sHmrrY_case_0034,RPmz2sHmrrY,multi,5,4,2,evaluable,0.6580919263584625
GPT-Medium,RPmz2sHmrrY_case_0035,RPmz2sHmrrY,multi,5,8,3,evaluable,0.7534300856222046
Qwen-Thinking,RPmz2sHmrrY_case_0035,RPmz2sHmrrY,multi,5,8,3,evaluable,0.5794515208807715
Qwen-Instant,RPmz2sHmrrY_case_0035,RPmz2sHmrrY,multi,5,8,3,evaluable,0.6439144267422083
Gemma-Instant,RPmz2sHmrrY_case_0035,RPmz2sHmrrY,multi,5,8,3,evaluable,0.705351959949777
GPT-Medium,RPmz2sHmrrY_case_0036,RPmz2sHmrrY,multi,5,1,1,evaluable,0.6017909942234931
Qwen-Thinking,RPmz2sHmrrY_case_0036,RPmz2sHmrrY,multi,5,1,1,evaluable,0.5790190809855633
Qwen-Instant,RPmz2sHmrrY_case_0036,RPmz2sHmrrY,multi,5,1,1,evaluable,0.5423946102875427
Gemma-Instant,RPmz2sHmrrY_case_0036,RPmz2sHmrrY,multi,5,1,1,evaluable,0.6533257892678941
GPT-Medium,RPmz2sHmrrY_case_0037,RPmz2sHmrrY,multi,5,1,0,not_applicable_no_shared_active_target,
Qwen-Thinking,RPmz2sHmrrY_case_0037,RPmz2sHmrrY,multi,5,1,0,not_applicable_no_shared_active_target,
Qwen-Instant,RPmz2sHmrrY_case_0037,RPmz2sHmrrY,multi,5,1,0,not_applicable_no_shared_active_target,
Gemma-Instant,RPmz2sHmrrY_case_0037,RPmz2sHmrrY,multi,5,1,0,not_applicable_no_shared_active_target,
GPT-Medium,RPmz2sHmrrY_case_0038,RPmz2sHmrrY,multi,5,4,3,evaluable,0.7749943519664155
Qwen-Thinking,RPmz2sHmrrY_case_0038,RPmz2sHmrrY,multi,5,4,3,evaluable,0.6688834550582426
Qwen-Instant,RPmz2sHmrrY_case_0038,RPmz2sHmrrY,multi,5,4,3,evaluable,0.6025146176863987
Gemma-Instant,RPmz2sHmrrY_case_0038,RPmz2sHmrrY,multi,5,4,3,evaluable,0.6115514827693141
GPT-Medium,RPmz2sHmrrY_case_0039,RPmz2sHmrrY,multi,5,4,3,evaluable,0.6908645414110642
Qwen-Thinking,RPmz2sHmrrY_case_0039,RPmz2sHmrrY,multi,5,4,3,evaluable,0.7592351176682176
Qwen-Instant,RPmz2sHmrrY_case_0039,RPmz2sHmrrY,multi,5,4,3,evaluable,0.6435231724553675
Gemma-Instant,RPmz2sHmrrY_case_0039,RPmz2sHmrrY,multi,5,4,3,evaluable,0.5524226957148588
GPT-Medium,RPmz2sHmrrY_case_0040,RPmz2sHmrrY,multi,5,8,4,evaluable,0.7171903707350176
Qwen-Thinking,RPmz2sHmrrY_case_0040,RPmz2sHmrrY,multi,5,8,4,evaluable,0.644646198354328
Qwen-Instant,RPmz2sHmrrY_case_0040,RPmz2sHmrrY,multi,5,8,4,evaluable,0.6575677421304661
Gemma-Instant,RPmz2sHmrrY_case_0040,RPmz2sHmrrY,multi,5,8,4,evaluable,0.6961287512269735
GPT-Medium,17DRP5sb8fy_case_0001,17DRP5sb8fy,single,1,1,1,evaluable,0.3880706664503597
Qwen-Thinking,17DRP5sb8fy_case_0001,17DRP5sb8fy,single,1,1,1,evaluable,0.37186214447568866
Qwen-Instant,17DRP5sb8fy_case_0001,17DRP5sb8fy,single,1,1,1,evaluable,0.32728870904534313
Gemma-Instant,17DRP5sb8fy_case_0001,17DRP5sb8fy,single,1,1,1,evaluable,0.0
GPT-Medium,17DRP5sb8fy_case_0002,17DRP5sb8fy,single,1,1,1,evaluable,0.4449074824370862
Qwen-Thinking,17DRP5sb8fy_case_0002,17DRP5sb8fy,single,1,1,1,evaluable,0.46584290930855965
Qwen-Instant,17DRP5sb8fy_case_0002,17DRP5sb8fy,single,1,1,1,evaluable,0.43902106835337407
Gemma-Instant,17DRP5sb8fy_case_0002,17DRP5sb8fy,single,1,1,1,evaluable,0.46584290930855965
GPT-Medium,17DRP5sb8fy_case_0003,17DRP5sb8fy,single,1,4,4,evaluable,0.6758212772317741
Qwen-Thinking,17DRP5sb8fy_case_0003,17DRP5sb8fy,single,1,4,4,evaluable,0.6204659842832371
Qwen-Instant,17DRP5sb8fy_case_0003,17DRP5sb8fy,single,1,4,4,evaluable,0.6227232108507952
Gemma-Instant,17DRP5sb8fy_case_0003,17DRP5sb8fy,single,1,4,4,evaluable,0.6198199033663181
GPT-Medium,17DRP5sb8fy_case_0004,17DRP5sb8fy,single,1,4,3,evaluable,0.17980075894292205
Qwen-Thinking,17DRP5sb8fy_case_0004,17DRP5sb8fy,single,1,4,3,evaluable,0.191871079457867
Qwen-Instant,17DRP5sb8fy_case_0004,17DRP5sb8fy,single,1,4,3,evaluable,0.1871674763934129
Gemma-Instant,17DRP5sb8fy_case_0004,17DRP5sb8fy,single,1,4,3,evaluable,0.18356491165819008
GPT-Medium,17DRP5sb8fy_case_0005,17DRP5sb8fy,single,1,8,6,evaluable,0.4185940458036646
Qwen-Thinking,17DRP5sb8fy_case_0005,17DRP5sb8fy,single,1,8,6,evaluable,0.4185940458036646
Qwen-Instant,17DRP5sb8fy_case_0005,17DRP5sb8fy,single,1,8,6,evaluable,0.4185940458036646
Gemma-Instant,17DRP5sb8fy_case_0005,17DRP5sb8fy,single,1,8,6,evaluable,0.4185940458036646
GPT-Medium,17DRP5sb8fy_case_0006,17DRP5sb8fy,single,1,1,1,evaluable,0.5868860298019241
Qwen-Thinking,17DRP5sb8fy_case_0006,17DRP5sb8fy,single,1,1,1,evaluable,0.5584907908949681
Qwen-Instant,17DRP5sb8fy_case_0006,17DRP5sb8fy,single,1,1,1,evaluable,0.5465518836272707
Gemma-Instant,17DRP5sb8fy_case_0006,17DRP5sb8fy,single,1,1,1,evaluable,0.5863482411862619
GPT-Medium,17DRP5sb8fy_case_0007,17DRP5sb8fy,single,1,1,0,not_applicable_no_shared_active_target,
Qwen-Thinking,17DRP5sb8fy_case_0007,17DRP5sb8fy,single,1,1,0,not_applicable_no_shared_active_target,
Qwen-Instant,17DRP5sb8fy_case_0007,17DRP5sb8fy,single,1,1,0,not_applicable_no_shared_active_target,
Gemma-Instant,17DRP5sb8fy_case_0007,17DRP5sb8fy,single,1,1,0,not_applicable_no_shared_active_target,
GPT-Medium,17DRP5sb8fy_case_0033,17DRP5sb8fy,multi,5,4,2,evaluable,0.8131528968890853
Qwen-Thinking,17DRP5sb8fy_case_0033,17DRP5sb8fy,multi,5,4,2,evaluable,0.6764516274791844
Qwen-Instant,17DRP5sb8fy_case_0033,17DRP5sb8fy,multi,5,4,2,evaluable,0.5478559477164193
Gemma-Instant,17DRP5sb8fy_case_0033,17DRP5sb8fy,multi,5,4,2,evaluable,0.6578499081626209
GPT-Medium,17DRP5sb8fy_case_0034,17DRP5sb8fy,multi,5,4,2,evaluable,0.8772213875709087
Qwen-Thinking,17DRP5sb8fy_case_0034,17DRP5sb8fy,multi,5,4,2,evaluable,0.8567640110188006
Qwen-Instant,17DRP5sb8fy_case_0034,17DRP5sb8fy,multi,5,4,2,evaluable,0.7429885937661859
Gemma-Instant,17DRP5sb8fy_case_0034,17DRP5sb8fy,multi,5,4,2,evaluable,0.7835920550417581
GPT-Medium,17DRP5sb8fy_case_0035,17DRP5sb8fy,multi,5,8,3,evaluable,0.9093574963163907
Qwen-Thinking,17DRP5sb8fy_case_0035,17DRP5sb8fy,multi,5,8,3,evaluable,0.8637142059673345
Qwen-Instant,17DRP5sb8fy_case_0035,17DRP5sb8fy,multi,5,8,3,evaluable,0.7667532211705489
Gemma-Instant,17DRP5sb8fy_case_0035,17DRP5sb8fy,multi,5,8,3,evaluable,0.8588348043137012
GPT-Medium,17DRP5sb8fy_case_0036,17DRP5sb8fy,multi,5,1,0,not_applicable_no_shared_active_target,
Qwen-Thinking,17DRP5sb8fy_case_0036,17DRP5sb8fy,multi,5,1,0,not_applicable_no_shared_active_target,
Qwen-Instant,17DRP5sb8fy_case_0036,17DRP5sb8fy,multi,5,1,0,not_applicable_no_shared_active_target,
Gemma-Instant,17DRP5sb8fy_case_0036,17DRP5sb8fy,multi,5,1,0,not_applicable_no_shared_active_target,
GPT-Medium,17DRP5sb8fy_case_0037,17DRP5sb8fy,multi,5,1,0,not_applicable_no_shared_active_target,
Qwen-Thinking,17DRP5sb8fy_case_0037,17DRP5sb8fy,multi,5,1,0,not_applicable_no_shared_active_target,
Qwen-Instant,17DRP5sb8fy_case_0037,17DRP5sb8fy,multi,5,1,0,not_applicable_no_shared_active_target,
Gemma-Instant,17DRP5sb8fy_case_0037,17DRP5sb8fy,multi,5,1,0,not_applicable_no_shared_active_target,
GPT-Medium,17DRP5sb8fy_case_0038,17DRP5sb8fy,multi,5,4,2,evaluable,0.44262595018095324
Qwen-Thinking,17DRP5sb8fy_case_0038,17DRP5sb8fy,multi,5,4,2,evaluable,0.42714072595970504
Qwen-Instant,17DRP5sb8fy_case_0038,17DRP5sb8fy,multi,5,4,2,evaluable,0.46117791888676557
Gemma-Instant,17DRP5sb8fy_case_0038,17DRP5sb8fy,multi,5,4,2,evaluable,0.4352799339266736
GPT-Medium,17DRP5sb8fy_case_0039,17DRP5sb8fy,multi,5,4,2,evaluable,0.4255405453979379
Qwen-Thinking,17DRP5sb8fy_case_0039,17DRP5sb8fy,multi,5,4,2,evaluable,0.4928353347965939
Qwen-Instant,17DRP5sb8fy_case_0039,17DRP5sb8fy,multi,5,4,2,evaluable,0.4566564788280728
Gemma-Instant,17DRP5sb8fy_case_0039,17DRP5sb8fy,multi,5,4,2,evaluable,0.4335545415232289
GPT-Medium,17DRP5sb8fy_case_0040,17DRP5sb8fy,multi,5,8,5,evaluable,0.7513223870409693
Qwen-Thinking,17DRP5sb8fy_case_0040,17DRP5sb8fy,multi,5,8,5,evaluable,0.5947284106906049
Qwen-Instant,17DRP5sb8fy_case_0040,17DRP5sb8fy,multi,5,8,5,evaluable,0.6755253315168679
Gemma-Instant,17DRP5sb8fy_case_0040,17DRP5sb8fy,multi,5,8,5,evaluable,0.663219615600337
GPT-Medium,17DRP5sb8fy_case_0041,17DRP5sb8fy,multi,5,1,1,evaluable,0.7109226561312267
Qwen-Thinking,17DRP5sb8fy_case_0041,17DRP5sb8fy,multi,5,1,1,evaluable,0.6819816343406049
Qwen-Instant,17DRP5sb8fy_case_0041,17DRP5sb8fy,multi,5,1,1,evaluable,0.6164980030045673
Gemma-Instant,17DRP5sb8fy_case_0041,17DRP5sb8fy,multi,5,1,1,evaluable,0.7127561852945699
GPT-Medium,17DRP5sb8fy_case_0042,17DRP5sb8fy,multi,5,1,0,not_applicable_no_shared_active_target,
Qwen-Thinking,17DRP5sb8fy_case_0042,17DRP5sb8fy,multi,5,1,0,not_applicable_no_shared_active_target,
Qwen-Instant,17DRP5sb8fy_case_0042,17DRP5sb8fy,multi,5,1,0,not_applicable_no_shared_active_target,
Gemma-Instant,17DRP5sb8fy_case_0042,17DRP5sb8fy,multi,5,1,0,not_applicable_no_shared_active_target,
GPT-Medium,17DRP5sb8fy_case_0043,17DRP5sb8fy,multi,5,4,2,evaluable,0.7500374846668303
Qwen-Thinking,17DRP5sb8fy_case_0043,17DRP5sb8fy,multi,5,4,2,evaluable,0.6272641474880243
Qwen-Instant,17DRP5sb8fy_case_0043,17DRP5sb8fy,multi,5,4,2,evaluable,0.6443102913121055
Gemma-Instant,17DRP5sb8fy_case_0043,17DRP5sb8fy,multi,5,4,2,evaluable,0.6594402713308576
GPT-Medium,17DRP5sb8fy_case_0044,17DRP5sb8fy,multi,5,4,2,evaluable,0.4302479732361985
Qwen-Thinking,17DRP5sb8fy_case_0044,17DRP5sb8fy,multi,5,4,2,evaluable,0.3823731618869734
Qwen-Instant,17DRP5sb8fy_case_0044,17DRP5sb8fy,multi,5,4,2,evaluable,0.40445766711361514
Gemma-Instant,17DRP5sb8fy_case_0044,17DRP5sb8fy,multi,5,4,2,evaluable,0.3442564121141538
GPT-Medium,17DRP5sb8fy_case_0045,17DRP5sb8fy,multi,5,8,4,evaluable,0.5803664781782634
Qwen-Thinking,17DRP5sb8fy_case_0045,17DRP5sb8fy,multi,5,8,4,evaluable,0.5120037421086837
Qwen-Instant,17DRP5sb8fy_case_0045,17DRP5sb8fy,multi,5,8,4,evaluable,0.51763349260275
Gemma-Instant,17DRP5sb8fy_case_0045,17DRP5sb8fy,multi,5,8,4,evaluable,0.5013911409996096
