method,case_id,scan_id,agent_group,target_id,score_status,eligible_viewpoint_count,probability_sum,initial_pwgs
GPT-Medium,r47D5H71a5s_case_0007,r47D5H71a5s,single,2,scored,3,1.0,0.20393718929011406
Qwen-Thinking,r47D5H71a5s_case_0007,r47D5H71a5s,single,2,scored,3,1.0,0.21595703019541168
Qwen-Instant,r47D5H71a5s_case_0007,r47D5H71a5s,single,2,scored,3,1.0,0.20307320148665897
Gemma-Instant,r47D5H71a5s_case_0007,r47D5H71a5s,single,2,scored,3,1.0,0.20190194433131814
GPT-Medium,r47D5H71a5s_case_0008,r47D5H71a5s,single,2,scored,1,1.0,0.7085440291489249
Qwen-Thinking,r47D5H71a5s_case_0008,r47D5H71a5s,single,2,scored,1,1.0,0.7085440291489249
Qwen-Instant,r47D5H71a5s_case_0008,r47D5H71a5s,single,2,scored,1,1.0,0.7085440291489249
Gemma-Instant,r47D5H71a5s_case_0008,r47D5H71a5s,single,2,scored,1,1.0,0.7085440291489249
GPT-Medium,r47D5H71a5s_case_0008,r47D5H71a5s,single,4,scored,1,1.0,0.3598182453517066
Qwen-Thinking,r47D5H71a5s_case_0008,r47D5H71a5s,single,4,scored,1,1.0,0.3598182453517066
Qwen-Instant,r47D5H71a5s_case_0008,r47D5H71a5s,single,4,scored,1,1.0,0.3598182453517066
Gemma-Instant,r47D5H71a5s_case_0008,r47D5H71a5s,single,4,scored,1,1.0,0.3598182453517066
GPT-Medium,r47D5H71a5s_case_0008,r47D5H71a5s,single,7,scored,1,1.0,0.7313495986350429
Qwen-Thinking,r47D5H71a5s_case_0008,r47D5H71a5s,single,7,scored,1,1.0,0.7313495986350429
Qwen-Instant,r47D5H71a5s_case_0008,r47D5H71a5s,single,7,scored,1,1.0,0.7313495986350429
Gemma-Instant,r47D5H71a5s_case_0008,r47D5H71a5s,single,7,scored,1,1.0,0.7313495986350429
GPT-Medium,r47D5H71a5s_case_0009,r47D5H71a5s,single,0,scored,1,1.0,0.19344309861118603
Qwen-Thinking,r47D5H71a5s_case_0009,r47D5H71a5s,single,0,scored,1,1.0,0.19344309861118603
Qwen-Instant,r47D5H71a5s_case_0009,r47D5H71a5s,single,0,scored,1,1.0,0.19344309861118603
Gemma-Instant,r47D5H71a5s_case_0009,r47D5H71a5s,single,0,scored,1,1.0,0.19344309861118603
GPT-Medium,r47D5H71a5s_case_0009,r47D5H71a5s,single,1,scored,1,1.0,0.2539266262998685
Qwen-Thinking,r47D5H71a5s_case_0009,r47D5H71a5s,single,1,scored,1,1.0,0.2539266262998685
Qwen-Instant,r47D5H71a5s_case_0009,r47D5H71a5s,single,1,scored,1,1.0,0.2539266262998685
Gemma-Instant,r47D5H71a5s_case_0009,r47D5H71a5s,single,1,scored,1,1.0,0.2539266262998685
GPT-Medium,r47D5H71a5s_case_0009,r47D5H71a5s,single,5,scored,1,1.0,0.522936843374619
Qwen-Thinking,r47D5H71a5s_case_0009,r47D5H71a5s,single,5,scored,1,1.0,0.522936843374619
Qwen-Instant,r47D5H71a5s_case_0009,r47D5H71a5s,single,5,scored,1,1.0,0.522936843374619
Gemma-Instant,r47D5H71a5s_case_0009,r47D5H71a5s,single,5,scored,1,1.0,0.522936843374619
GPT-Medium,r47D5H71a5s_case_0009,r47D5H71a5s,single,6,scored,1,1.0,0.6807753579055573
Qwen-Thinking,r47D5H71a5s_case_0009,r47D5H71a5s,single,6,scored,1,1.0,0.6807753579055573
Qwen-Instant,r47D5H71a5s_case_0009,r47D5H71a5s,single,6,scored,1,1.0,0.6807753579055573
Gemma-Instant,r47D5H71a5s_case_0009,r47D5H71a5s,single,6,scored,1,1.0,0.6807753579055573
GPT-Medium,r47D5H71a5s_case_0010,r47D5H71a5s,single,0,scored,4,1.0,0.49841099041571635
Qwen-Thinking,r47D5H71a5s_case_0010,r47D5H71a5s,single,0,scored,4,1.0,0.42158620598058594
Qwen-Instant,r47D5H71a5s_case_0010,r47D5H71a5s,single,0,scored,4,1.0,0.3737802927020458
Gemma-Instant,r47D5H71a5s_case_0010,r47D5H71a5s,single,0,scored,4,1.0,0.42158620598058594
GPT-Medium,r47D5H71a5s_case_0010,r47D5H71a5s,single,1,scored,4,1.0000000000000002,0.5309065338783578
Qwen-Thinking,r47D5H71a5s_case_0010,r47D5H71a5s,single,1,scored,4,1.0,0.4920733913103448
Qwen-Instant,r47D5H71a5s_case_0010,r47D5H71a5s,single,1,scored,4,1.0000000000000002,0.511327087778972
Gemma-Instant,r47D5H71a5s_case_0010,r47D5H71a5s,single,1,scored,4,1.0,0.4920733913103448
GPT-Medium,r47D5H71a5s_case_0010,r47D5H71a5s,single,2,scored,4,1.0,0.4420662161205745
Qwen-Thinking,r47D5H71a5s_case_0010,r47D5H71a5s,single,2,scored,4,1.0,0.4335649655309163
Qwen-Instant,r47D5H71a5s_case_0010,r47D5H71a5s,single,2,scored,4,1.0000000000000002,0.4338538751604415
Gemma-Instant,r47D5H71a5s_case_0010,r47D5H71a5s,single,2,scored,4,1.0,0.4335649655309163
GPT-Medium,r47D5H71a5s_case_0010,r47D5H71a5s,single,3,scored,4,1.0,0.3863131420142941
Qwen-Thinking,r47D5H71a5s_case_0010,r47D5H71a5s,single,3,scored,4,0.9999999999999999,0.4624632760566808
Qwen-Instant,r47D5H71a5s_case_0010,r47D5H71a5s,single,3,scored,4,1.0,0.35795023371795
Gemma-Instant,r47D5H71a5s_case_0010,r47D5H71a5s,single,3,scored,4,1.0,0.36642164153566137
GPT-Medium,r47D5H71a5s_case_0010,r47D5H71a5s,single,4,scored,4,1.0,0.5345508796790821
Qwen-Thinking,r47D5H71a5s_case_0010,r47D5H71a5s,single,4,scored,4,1.0,0.5882392121535029
Qwen-Instant,r47D5H71a5s_case_0010,r47D5H71a5s,single,4,scored,4,1.0,0.6014316155933463
Gemma-Instant,r47D5H71a5s_case_0010,r47D5H71a5s,single,4,scored,4,1.0,0.6380298961038794
GPT-Medium,r47D5H71a5s_case_0010,r47D5H71a5s,single,5,scored,4,0.9999999999999999,0.7459803678321497
Qwen-Thinking,r47D5H71a5s_case_0010,r47D5H71a5s,single,5,scored,4,0.9999999999999998,0.7769319948757114
Qwen-Instant,r47D5H71a5s_case_0010,r47D5H71a5s,single,5,scored,4,1.0,0.7178182672145371
Gemma-Instant,r47D5H71a5s_case_0010,r47D5H71a5s,single,5,scored,4,1.0,0.7017658325479251
GPT-Medium,r47D5H71a5s_case_0010,r47D5H71a5s,single,6,scored,4,1.0000000000000002,0.9664382461936618
Qwen-Thinking,r47D5H71a5s_case_0010,r47D5H71a5s,single,6,scored,4,0.9999999999999999,0.9969458373231288
Qwen-Instant,r47D5H71a5s_case_0010,r47D5H71a5s,single,6,scored,4,1.0,0.8554154020133047
Gemma-Instant,r47D5H71a5s_case_0010,r47D5H71a5s,single,6,scored,4,1.0,0.9289907177627454
GPT-Medium,r47D5H71a5s_case_0011,r47D5H71a5s,single,3,scored,2,1.0,0.5435084361694397
Qwen-Thinking,r47D5H71a5s_case_0011,r47D5H71a5s,single,3,scored,2,1.0,0.5162845084588795
Qwen-Instant,r47D5H71a5s_case_0011,r47D5H71a5s,single,3,scored,2,1.0,0.4799034414274945
Gemma-Instant,r47D5H71a5s_case_0011,r47D5H71a5s,single,3,scored,2,0.9999999999999999,0.546602064318367
GPT-Medium,r47D5H71a5s_case_0012,r47D5H71a5s,single,1,scored,1,1.0,0.10623428514602551
Qwen-Thinking,r47D5H71a5s_case_0012,r47D5H71a5s,single,1,scored,1,1.0,0.10623428514602551
Qwen-Instant,r47D5H71a5s_case_0012,r47D5H71a5s,single,1,scored,1,1.0,0.10623428514602551
Gemma-Instant,r47D5H71a5s_case_0012,r47D5H71a5s,single,1,scored,1,1.0,0.10623428514602551
GPT-Medium,r47D5H71a5s_case_0013,r47D5H71a5s,single,0,scored,5,1.0,0.5236238046833668
Qwen-Thinking,r47D5H71a5s_case_0013,r47D5H71a5s,single,0,scored,5,1.0,0.5413891936607536
Qwen-Instant,r47D5H71a5s_case_0013,r47D5H71a5s,single,0,scored,5,1.0,0.5413891936607536
Gemma-Instant,r47D5H71a5s_case_0013,r47D5H71a5s,single,0,scored,5,1.0,0.5413891936607536
GPT-Medium,r47D5H71a5s_case_0013,r47D5H71a5s,single,5,scored,5,1.0,0.23391542912591123
Qwen-Thinking,r47D5H71a5s_case_0013,r47D5H71a5s,single,5,scored,5,1.0,0.20825320199532116
Qwen-Instant,r47D5H71a5s_case_0013,r47D5H71a5s,single,5,scored,5,1.0,0.20825320199532116
Gemma-Instant,r47D5H71a5s_case_0013,r47D5H71a5s,single,5,scored,5,1.0,0.20825320199532116
GPT-Medium,r47D5H71a5s_case_0013,r47D5H71a5s,single,6,scored,5,1.0,0.2199339309706959
Qwen-Thinking,r47D5H71a5s_case_0013,r47D5H71a5s,single,6,scored,5,0.9999999999999999,0.2480872777465032
Qwen-Instant,r47D5H71a5s_case_0013,r47D5H71a5s,single,6,scored,5,1.0,0.24808727774650308
Gemma-Instant,r47D5H71a5s_case_0013,r47D5H71a5s,single,6,scored,5,1.0,0.24808727774650308
GPT-Medium,r47D5H71a5s_case_0013,r47D5H71a5s,single,7,scored,5,0.9999999999999999,0.5565488089762156
Qwen-Thinking,r47D5H71a5s_case_0013,r47D5H71a5s,single,7,scored,5,1.0,0.5274055446915752
Qwen-Instant,r47D5H71a5s_case_0013,r47D5H71a5s,single,7,scored,5,1.0,0.5274055446915752
Gemma-Instant,r47D5H71a5s_case_0013,r47D5H71a5s,single,7,scored,5,1.0,0.5274055446915752
GPT-Medium,r47D5H71a5s_case_0014,r47D5H71a5s,single,3,scored,5,0.9999999999999999,0.6866348058437088
Qwen-Thinking,r47D5H71a5s_case_0014,r47D5H71a5s,single,3,scored,5,1.0,0.6985438878193996
Qwen-Instant,r47D5H71a5s_case_0014,r47D5H71a5s,single,3,scored,5,1.0,0.6603502408272383
Gemma-Instant,r47D5H71a5s_case_0014,r47D5H71a5s,single,3,scored,5,1.0000000000000002,0.7336483416337922
GPT-Medium,r47D5H71a5s_case_0014,r47D5H71a5s,single,4,scored,5,1.0000000000000002,0.8843417672086955
Qwen-Thinking,r47D5H71a5s_case_0014,r47D5H71a5s,single,4,scored,5,1.0,0.7315649134815507
Qwen-Instant,r47D5H71a5s_case_0014,r47D5H71a5s,single,4,scored,5,1.0,0.8218522131911512
Gemma-Instant,r47D5H71a5s_case_0014,r47D5H71a5s,single,4,scored,5,1.0,0.8218522131911512
GPT-Medium,r47D5H71a5s_case_0014,r47D5H71a5s,single,5,scored,5,1.0,0.3528761913294811
Qwen-Thinking,r47D5H71a5s_case_0014,r47D5H71a5s,single,5,scored,5,1.0,0.41074676101892205
Qwen-Instant,r47D5H71a5s_case_0014,r47D5H71a5s,single,5,scored,5,1.0,0.3964008236059392
Gemma-Instant,r47D5H71a5s_case_0014,r47D5H71a5s,single,5,scored,5,1.0,0.41074676101892205
GPT-Medium,r47D5H71a5s_case_0015,r47D5H71a5s,single,0,scored,4,1.0,0.2633497157761976
Qwen-Thinking,r47D5H71a5s_case_0015,r47D5H71a5s,single,0,scored,4,1.0000000000000002,0.29596380314458703
Qwen-Instant,r47D5H71a5s_case_0015,r47D5H71a5s,single,0,scored,4,1.0,0.33192695869408084
Gemma-Instant,r47D5H71a5s_case_0015,r47D5H71a5s,single,0,scored,4,1.0,0.33803983243446156
GPT-Medium,r47D5H71a5s_case_0015,r47D5H71a5s,single,1,scored,4,1.0,0.5216210832549526
Qwen-Thinking,r47D5H71a5s_case_0015,r47D5H71a5s,single,1,scored,4,1.0000000000000002,0.4344606741047047
Qwen-Instant,r47D5H71a5s_case_0015,r47D5H71a5s,single,1,scored,4,1.0,0.5233358009649134
Gemma-Instant,r47D5H71a5s_case_0015,r47D5H71a5s,single,1,scored,4,1.0,0.5241613200742499
GPT-Medium,r47D5H71a5s_case_0015,r47D5H71a5s,single,2,scored,4,1.0,0.48302650681436354
Qwen-Thinking,r47D5H71a5s_case_0015,r47D5H71a5s,single,2,scored,4,1.0000000000000002,0.46025554148207226
Qwen-Instant,r47D5H71a5s_case_0015,r47D5H71a5s,single,2,scored,4,1.0,0.5618072327962331
Gemma-Instant,r47D5H71a5s_case_0015,r47D5H71a5s,single,2,scored,4,1.0,0.4238582714809872
GPT-Medium,r47D5H71a5s_case_0015,r47D5H71a5s,single,3,scored,4,1.0,0.27189320740860556
Qwen-Thinking,r47D5H71a5s_case_0015,r47D5H71a5s,single,3,scored,4,1.0000000000000002,0.2588539204615633
Qwen-Instant,r47D5H71a5s_case_0015,r47D5H71a5s,single,3,scored,4,1.0,0.32750368572307664
Gemma-Instant,r47D5H71a5s_case_0015,r47D5H71a5s,single,3,scored,4,1.0,0.29663704104554767
GPT-Medium,r47D5H71a5s_case_0015,r47D5H71a5s,single,4,scored,4,0.9999999999999999,0.5788775456182319
Qwen-Thinking,r47D5H71a5s_case_0015,r47D5H71a5s,single,4,scored,4,1.0,0.4452131855653495
Qwen-Instant,r47D5H71a5s_case_0015,r47D5H71a5s,single,4,scored,4,1.0,0.5647444949116462
Gemma-Instant,r47D5H71a5s_case_0015,r47D5H71a5s,single,4,scored,4,1.0,0.5249458761408173
GPT-Medium,r47D5H71a5s_case_0015,r47D5H71a5s,single,5,scored,4,1.0,0.7202277054198144
Qwen-Thinking,r47D5H71a5s_case_0015,r47D5H71a5s,single,5,scored,4,1.0000000000000002,0.6725623034650408
Qwen-Instant,r47D5H71a5s_case_0015,r47D5H71a5s,single,5,scored,4,1.0,0.7552217015702615
Gemma-Instant,r47D5H71a5s_case_0015,r47D5H71a5s,single,5,scored,4,1.0,0.7242603842982084
GPT-Medium,r47D5H71a5s_case_0015,r47D5H71a5s,single,6,scored,4,1.0,0.9762943419000113
Qwen-Thinking,r47D5H71a5s_case_0015,r47D5H71a5s,single,6,scored,4,1.0,0.973343502631643
Qwen-Instant,r47D5H71a5s_case_0015,r47D5H71a5s,single,6,scored,4,1.0,0.9144539219092028
Gemma-Instant,r47D5H71a5s_case_0015,r47D5H71a5s,single,6,scored,4,1.0,0.9103358511006502
GPT-Medium,r47D5H71a5s_case_0016,r47D5H71a5s,multi,4,scored,9,0.9999999999999999,0.25426576909691534
Qwen-Thinking,r47D5H71a5s_case_0016,r47D5H71a5s,multi,4,scored,9,0.9999999999999996,0.2621059486866645
Qwen-Instant,r47D5H71a5s_case_0016,r47D5H71a5s,multi,4,scored,9,0.9999999999999999,0.2343338132284003
Gemma-Instant,r47D5H71a5s_case_0016,r47D5H71a5s,multi,4,scored,9,0.9999999999999999,0.20259945461571238
GPT-Medium,r47D5H71a5s_case_0017,r47D5H71a5s,multi,6,scored,6,0.9999999999999999,0.3067932440164026
Qwen-Thinking,r47D5H71a5s_case_0017,r47D5H71a5s,multi,6,scored,6,0.9999999999999998,0.16954136523294638
Qwen-Instant,r47D5H71a5s_case_0017,r47D5H71a5s,multi,6,scored,6,1.0000000000000002,0.2304383170875245
Gemma-Instant,r47D5H71a5s_case_0017,r47D5H71a5s,multi,6,scored,6,1.0000000000000002,0.2304383170875245
GPT-Medium,r47D5H71a5s_case_0018,r47D5H71a5s,multi,0,scored,11,1.0,0.9165745002139547
Qwen-Thinking,r47D5H71a5s_case_0018,r47D5H71a5s,multi,0,scored,11,1.0,0.6847053757808923
Qwen-Instant,r47D5H71a5s_case_0018,r47D5H71a5s,multi,0,scored,11,0.9999999999999996,0.7160984284244072
Gemma-Instant,r47D5H71a5s_case_0018,r47D5H71a5s,multi,0,scored,11,0.9999999999999993,0.7681521459390496
GPT-Medium,r47D5H71a5s_case_0018,r47D5H71a5s,multi,2,scored,11,1.0000000000000002,0.44881625084033583
Qwen-Thinking,r47D5H71a5s_case_0018,r47D5H71a5s,multi,2,scored,11,0.9999999999999998,0.7185693772892023
Qwen-Instant,r47D5H71a5s_case_0018,r47D5H71a5s,multi,2,scored,11,0.9999999999999998,0.7225521664555916
Gemma-Instant,r47D5H71a5s_case_0018,r47D5H71a5s,multi,2,scored,11,1.0,0.6459206685225694
GPT-Medium,r47D5H71a5s_case_0019,r47D5H71a5s,multi,1,scored,9,0.9999999999999998,0.27761102401207693
Qwen-Thinking,r47D5H71a5s_case_0019,r47D5H71a5s,multi,1,scored,9,1.0000000000000002,0.2980711644041122
Qwen-Instant,r47D5H71a5s_case_0019,r47D5H71a5s,multi,1,scored,9,0.9999999999999999,0.28795772118363794
Gemma-Instant,r47D5H71a5s_case_0019,r47D5H71a5s,multi,1,scored,9,0.9999999999999998,0.18996214670240352
GPT-Medium,r47D5H71a5s_case_0019,r47D5H71a5s,multi,3,scored,9,1.0,0.5921741866213461
Qwen-Thinking,r47D5H71a5s_case_0019,r47D5H71a5s,multi,3,scored,9,0.9999999999999998,0.3886967712460553
Qwen-Instant,r47D5H71a5s_case_0019,r47D5H71a5s,multi,3,scored,9,1.0000000000000002,0.5113471971470833
Gemma-Instant,r47D5H71a5s_case_0019,r47D5H71a5s,multi,3,scored,9,1.0,0.577102294960983
GPT-Medium,r47D5H71a5s_case_0019,r47D5H71a5s,multi,5,scored,9,1.0,0.2217884034629859
Qwen-Thinking,r47D5H71a5s_case_0019,r47D5H71a5s,multi,5,scored,9,1.0,0.18155876282874306
Qwen-Instant,r47D5H71a5s_case_0019,r47D5H71a5s,multi,5,scored,9,1.0000000000000002,0.18819234364843518
Gemma-Instant,r47D5H71a5s_case_0019,r47D5H71a5s,multi,5,scored,9,1.0000000000000002,0.28033056201888207
GPT-Medium,r47D5H71a5s_case_0020,r47D5H71a5s,multi,0,scored,6,1.0,0.41843007537258414
Qwen-Thinking,r47D5H71a5s_case_0020,r47D5H71a5s,multi,0,scored,6,1.0,0.4346844563002945
Qwen-Instant,r47D5H71a5s_case_0020,r47D5H71a5s,multi,0,scored,6,1.0000000000000002,0.3492390490027725
Gemma-Instant,r47D5H71a5s_case_0020,r47D5H71a5s,multi,0,scored,6,1.0,0.27790087578615763
GPT-Medium,r47D5H71a5s_case_0020,r47D5H71a5s,multi,1,scored,6,1.0,0.3697445013735393
Qwen-Thinking,r47D5H71a5s_case_0020,r47D5H71a5s,multi,1,scored,6,1.0000000000000002,0.30848042860500613
Qwen-Instant,r47D5H71a5s_case_0020,r47D5H71a5s,multi,1,scored,6,1.0000000000000002,0.30848042860500613
Gemma-Instant,r47D5H71a5s_case_0020,r47D5H71a5s,multi,1,scored,6,1.0000000000000002,0.30848042860500613
GPT-Medium,r47D5H71a5s_case_0020,r47D5H71a5s,multi,2,scored,6,1.0,0.6740691779853863
Qwen-Thinking,r47D5H71a5s_case_0020,r47D5H71a5s,multi,2,scored,6,1.0000000000000002,0.5718171216710992
Qwen-Instant,r47D5H71a5s_case_0020,r47D5H71a5s,multi,2,scored,6,1.0000000000000002,0.5718171216710992
Gemma-Instant,r47D5H71a5s_case_0020,r47D5H71a5s,multi,2,scored,6,1.0000000000000002,0.5718171216710992
GPT-Medium,r47D5H71a5s_case_0020,r47D5H71a5s,multi,3,scored,6,0.9999999999999997,0.8181316206837024
Qwen-Thinking,r47D5H71a5s_case_0020,r47D5H71a5s,multi,3,scored,6,1.0000000000000002,0.6739269468441297
Qwen-Instant,r47D5H71a5s_case_0020,r47D5H71a5s,multi,3,scored,6,1.0,0.6783640629556319
Gemma-Instant,r47D5H71a5s_case_0020,r47D5H71a5s,multi,3,scored,6,1.0,0.5230302934160755
GPT-Medium,r47D5H71a5s_case_0020,r47D5H71a5s,multi,5,scored,6,1.0,0.28265894910322076
Qwen-Thinking,r47D5H71a5s_case_0020,r47D5H71a5s,multi,5,scored,6,1.0000000000000002,0.2806420917277911
Qwen-Instant,r47D5H71a5s_case_0020,r47D5H71a5s,multi,5,scored,6,1.0,0.25471397974436705
Gemma-Instant,r47D5H71a5s_case_0020,r47D5H71a5s,multi,5,scored,6,1.0000000000000002,0.2806420917277911
GPT-Medium,r47D5H71a5s_case_0020,r47D5H71a5s,multi,6,scored,6,1.0,0.506625448148543
Qwen-Thinking,r47D5H71a5s_case_0020,r47D5H71a5s,multi,6,scored,6,1.0000000000000002,0.3791387958062227
Qwen-Instant,r47D5H71a5s_case_0020,r47D5H71a5s,multi,6,scored,6,1.0000000000000002,0.3791387958062227
Gemma-Instant,r47D5H71a5s_case_0020,r47D5H71a5s,multi,6,scored,6,1.0000000000000002,0.3791387958062227
GPT-Medium,r47D5H71a5s_case_0020,r47D5H71a5s,multi,7,scored,6,0.9999999999999999,0.8542476086680802
Qwen-Thinking,r47D5H71a5s_case_0020,r47D5H71a5s,multi,7,scored,6,1.0000000000000002,0.5241755807115362
Qwen-Instant,r47D5H71a5s_case_0020,r47D5H71a5s,multi,7,scored,6,1.0,0.7145053484269217
Gemma-Instant,r47D5H71a5s_case_0020,r47D5H71a5s,multi,7,scored,6,1.0000000000000002,0.5241755807115362
GPT-Medium,r47D5H71a5s_case_0036,r47D5H71a5s,multi,3,scored,16,0.9999999999999999,0.5244992266598996
Qwen-Thinking,r47D5H71a5s_case_0036,r47D5H71a5s,multi,3,scored,16,1.0000000000000004,0.6993554507254723
Qwen-Instant,r47D5H71a5s_case_0036,r47D5H71a5s,multi,3,scored,16,0.9999999999999998,0.6193640048330664
Gemma-Instant,r47D5H71a5s_case_0036,r47D5H71a5s,multi,3,scored,16,0.9999999999999999,0.6064093887038811
GPT-Medium,r47D5H71a5s_case_0043,r47D5H71a5s,multi,6,scored,13,0.9999999999999999,0.5062589476646834
Qwen-Thinking,r47D5H71a5s_case_0043,r47D5H71a5s,multi,6,scored,13,0.9999999999999998,0.5124649842205875
Qwen-Instant,r47D5H71a5s_case_0043,r47D5H71a5s,multi,6,scored,13,0.9999999999999999,0.5049014534969445
Gemma-Instant,r47D5H71a5s_case_0043,r47D5H71a5s,multi,6,scored,13,1.0000000000000002,0.33145510605158623
GPT-Medium,r47D5H71a5s_case_0044,r47D5H71a5s,multi,1,scored,12,0.9999999999999999,0.7418015030309957
Qwen-Thinking,r47D5H71a5s_case_0044,r47D5H71a5s,multi,1,scored,12,1.0000000000000002,0.5104278613908974
Qwen-Instant,r47D5H71a5s_case_0044,r47D5H71a5s,multi,1,scored,12,0.9999999999999998,0.6083422891127179
Gemma-Instant,r47D5H71a5s_case_0044,r47D5H71a5s,multi,1,scored,12,1.0000000000000002,0.5104278613908974
GPT-Medium,r47D5H71a5s_case_0044,r47D5H71a5s,multi,5,scored,12,1.0000000000000002,0.6306069115014039
Qwen-Thinking,r47D5H71a5s_case_0044,r47D5H71a5s,multi,5,scored,12,1.0000000000000002,0.5713236663350707
Qwen-Instant,r47D5H71a5s_case_0044,r47D5H71a5s,multi,5,scored,12,0.9999999999999993,0.4854509945257962
Gemma-Instant,r47D5H71a5s_case_0044,r47D5H71a5s,multi,5,scored,12,1.0000000000000002,0.3836908088203832
GPT-Medium,r47D5H71a5s_case_0045,r47D5H71a5s,multi,0,scored,15,1.0000000000000002,0.5424105716282865
Qwen-Thinking,r47D5H71a5s_case_0045,r47D5H71a5s,multi,0,scored,15,1.0,0.43153068847705944
Qwen-Instant,r47D5H71a5s_case_0045,r47D5H71a5s,multi,0,scored,15,1.0000000000000002,0.5680169229000795
Gemma-Instant,r47D5H71a5s_case_0045,r47D5H71a5s,multi,0,scored,15,0.9999999999999998,0.49451003276581484
GPT-Medium,r47D5H71a5s_case_0045,r47D5H71a5s,multi,1,scored,15,1.0000000000000002,0.6796533863144616
Qwen-Thinking,r47D5H71a5s_case_0045,r47D5H71a5s,multi,1,scored,15,0.9999999999999999,0.7116824750073694
Qwen-Instant,r47D5H71a5s_case_0045,r47D5H71a5s,multi,1,scored,15,0.9999999999999993,0.7269913162567192
Gemma-Instant,r47D5H71a5s_case_0045,r47D5H71a5s,multi,1,scored,15,0.9999999999999993,0.7109082776231762
GPT-Medium,r47D5H71a5s_case_0045,r47D5H71a5s,multi,2,scored,15,0.9999999999999999,0.8521374513158054
Qwen-Thinking,r47D5H71a5s_case_0045,r47D5H71a5s,multi,2,scored,15,1.0,0.6396952298734004
Qwen-Instant,r47D5H71a5s_case_0045,r47D5H71a5s,multi,2,scored,15,1.0000000000000002,0.6537942308213904
Gemma-Instant,r47D5H71a5s_case_0045,r47D5H71a5s,multi,2,scored,15,0.9999999999999998,0.723762585923065
GPT-Medium,r47D5H71a5s_case_0045,r47D5H71a5s,multi,3,scored,15,1.0,0.5327485667188644
Qwen-Thinking,r47D5H71a5s_case_0045,r47D5H71a5s,multi,3,scored,15,1.0000000000000002,0.847978926144452
Qwen-Instant,r47D5H71a5s_case_0045,r47D5H71a5s,multi,3,scored,15,1.0,0.6899799496657708
Gemma-Instant,r47D5H71a5s_case_0045,r47D5H71a5s,multi,3,scored,15,1.0000000000000002,0.6116487966885004
GPT-Medium,zsNo4HB9uLZ_case_0001,zsNo4HB9uLZ,single,2,scored,2,1.0,0.409562176718549
Qwen-Thinking,zsNo4HB9uLZ_case_0001,zsNo4HB9uLZ,single,2,scored,2,1.0,0.3349781374023646
Qwen-Instant,zsNo4HB9uLZ_case_0001,zsNo4HB9uLZ,single,2,scored,2,0.9999999999999999,0.3947409894185381
Gemma-Instant,zsNo4HB9uLZ_case_0001,zsNo4HB9uLZ,single,2,zero_no_model_generated_location_distribution,0,0,0.0
GPT-Medium,zsNo4HB9uLZ_case_0002,zsNo4HB9uLZ,single,3,scored,4,1.0,0.24195627825844368
Qwen-Thinking,zsNo4HB9uLZ_case_0002,zsNo4HB9uLZ,single,3,scored,4,1.0,0.24653808712554404
Qwen-Instant,zsNo4HB9uLZ_case_0002,zsNo4HB9uLZ,single,3,scored,4,1.0,0.2944514680431749
Gemma-Instant,zsNo4HB9uLZ_case_0002,zsNo4HB9uLZ,single,3,zero_no_model_generated_location_distribution,0,0,0.0
GPT-Medium,zsNo4HB9uLZ_case_0003,zsNo4HB9uLZ,single,1,scored,2,1.0,0.761229036599574
Qwen-Thinking,zsNo4HB9uLZ_case_0003,zsNo4HB9uLZ,single,1,scored,2,1.0,0.7539637000147896
Qwen-Instant,zsNo4HB9uLZ_case_0003,zsNo4HB9uLZ,single,1,scored,2,1.0,0.7539637000147896
Gemma-Instant,zsNo4HB9uLZ_case_0003,zsNo4HB9uLZ,single,1,scored,2,1.0,0.7539637000147896
GPT-Medium,zsNo4HB9uLZ_case_0003,zsNo4HB9uLZ,single,4,scored,2,1.0,0.26613812143935367
Qwen-Thinking,zsNo4HB9uLZ_case_0003,zsNo4HB9uLZ,single,4,scored,2,1.0,0.25566393715611846
Qwen-Instant,zsNo4HB9uLZ_case_0003,zsNo4HB9uLZ,single,4,scored,2,1.0,0.25566393715611846
Gemma-Instant,zsNo4HB9uLZ_case_0003,zsNo4HB9uLZ,single,4,scored,2,1.0,0.25566393715611846
GPT-Medium,zsNo4HB9uLZ_case_0003,zsNo4HB9uLZ,single,7,scored,2,0.9999999999999999,0.7216629755017888
Qwen-Thinking,zsNo4HB9uLZ_case_0003,zsNo4HB9uLZ,single,7,scored,2,1.0,0.7157004451209943
Qwen-Instant,zsNo4HB9uLZ_case_0003,zsNo4HB9uLZ,single,7,scored,2,1.0,0.7157004451209943
Gemma-Instant,zsNo4HB9uLZ_case_0003,zsNo4HB9uLZ,single,7,scored,2,1.0,0.7175976138785198
GPT-Medium,zsNo4HB9uLZ_case_0004,zsNo4HB9uLZ,single,0,scored,3,0.9999999999999998,0.3364525241508982
Qwen-Thinking,zsNo4HB9uLZ_case_0004,zsNo4HB9uLZ,single,0,scored,3,1.0,0.37758870643816733
Qwen-Instant,zsNo4HB9uLZ_case_0004,zsNo4HB9uLZ,single,0,scored,3,1.0000000000000002,0.45347343502483817
Gemma-Instant,zsNo4HB9uLZ_case_0004,zsNo4HB9uLZ,single,0,scored,3,1.0,0.4209564312941364
GPT-Medium,zsNo4HB9uLZ_case_0004,zsNo4HB9uLZ,single,2,scored,3,1.0,0.5419734130882308
Qwen-Thinking,zsNo4HB9uLZ_case_0004,zsNo4HB9uLZ,single,2,scored,3,1.0,0.5062856903517841
Qwen-Instant,zsNo4HB9uLZ_case_0004,zsNo4HB9uLZ,single,2,scored,3,0.9999999999999999,0.41713593873062993
Gemma-Instant,zsNo4HB9uLZ_case_0004,zsNo4HB9uLZ,single,2,scored,3,1.0,0.5103264876611073
GPT-Medium,zsNo4HB9uLZ_case_0004,zsNo4HB9uLZ,single,5,scored,3,1.0,0.6599462119491065
Qwen-Thinking,zsNo4HB9uLZ_case_0004,zsNo4HB9uLZ,single,5,scored,3,0.9999999999999999,0.5920549872212191
Qwen-Instant,zsNo4HB9uLZ_case_0004,zsNo4HB9uLZ,single,5,scored,3,1.0,0.5181938049707018
Gemma-Instant,zsNo4HB9uLZ_case_0004,zsNo4HB9uLZ,single,5,scored,3,1.0,0.5956115577075337
GPT-Medium,zsNo4HB9uLZ_case_0004,zsNo4HB9uLZ,single,7,scored,3,1.0,0.32796301258776706
Qwen-Thinking,zsNo4HB9uLZ_case_0004,zsNo4HB9uLZ,single,7,scored,3,1.0,0.38143081885683117
Qwen-Instant,zsNo4HB9uLZ_case_0004,zsNo4HB9uLZ,single,7,scored,3,1.0,0.410595163807538
Gemma-Instant,zsNo4HB9uLZ_case_0004,zsNo4HB9uLZ,single,7,scored,3,1.0,0.4459740296142113
GPT-Medium,zsNo4HB9uLZ_case_0005,zsNo4HB9uLZ,single,0,scored,3,0.9999999999999999,0.759882338639827
Qwen-Thinking,zsNo4HB9uLZ_case_0005,zsNo4HB9uLZ,single,0,scored,3,1.0,0.7822313606367042
Qwen-Instant,zsNo4HB9uLZ_case_0005,zsNo4HB9uLZ,single,0,scored,3,1.0,0.7822313606367042
Gemma-Instant,zsNo4HB9uLZ_case_0005,zsNo4HB9uLZ,single,0,scored,3,1.0,0.7337033331036686
GPT-Medium,zsNo4HB9uLZ_case_0005,zsNo4HB9uLZ,single,2,scored,3,1.0,0.6488608604727378
Qwen-Thinking,zsNo4HB9uLZ_case_0005,zsNo4HB9uLZ,single,2,scored,3,1.0,0.5664125722687947
Qwen-Instant,zsNo4HB9uLZ_case_0005,zsNo4HB9uLZ,single,2,scored,3,1.0,0.5664125722687947
Gemma-Instant,zsNo4HB9uLZ_case_0005,zsNo4HB9uLZ,single,2,scored,3,1.0,0.7044312749686905
GPT-Medium,zsNo4HB9uLZ_case_0005,zsNo4HB9uLZ,single,3,scored,3,0.9999999999999999,0.8476229776858546
Qwen-Thinking,zsNo4HB9uLZ_case_0005,zsNo4HB9uLZ,single,3,scored,3,0.9999999999999999,0.8386321474199785
Qwen-Instant,zsNo4HB9uLZ_case_0005,zsNo4HB9uLZ,single,3,scored,3,1.0,0.8479546929144404
Gemma-Instant,zsNo4HB9uLZ_case_0005,zsNo4HB9uLZ,single,3,scored,3,1.0,0.8806972917242575
GPT-Medium,zsNo4HB9uLZ_case_0005,zsNo4HB9uLZ,single,4,scored,3,0.9999999999999999,0.15775550838790608
Qwen-Thinking,zsNo4HB9uLZ_case_0005,zsNo4HB9uLZ,single,4,scored,3,1.0,0.11038740824547844
Qwen-Instant,zsNo4HB9uLZ_case_0005,zsNo4HB9uLZ,single,4,scored,3,1.0,0.11038740824547844
Gemma-Instant,zsNo4HB9uLZ_case_0005,zsNo4HB9uLZ,single,4,scored,3,1.0,0.11038740824547844
GPT-Medium,zsNo4HB9uLZ_case_0005,zsNo4HB9uLZ,single,5,scored,3,1.0,0.4295895080245784
Qwen-Thinking,zsNo4HB9uLZ_case_0005,zsNo4HB9uLZ,single,5,scored,3,1.0,0.29467267941754227
Qwen-Instant,zsNo4HB9uLZ_case_0005,zsNo4HB9uLZ,single,5,scored,3,1.0,0.29467267941754227
Gemma-Instant,zsNo4HB9uLZ_case_0005,zsNo4HB9uLZ,single,5,scored,3,1.0,0.4560123799900253
GPT-Medium,zsNo4HB9uLZ_case_0005,zsNo4HB9uLZ,single,6,scored,3,0.9999999999999999,0.24156960247890047
Qwen-Thinking,zsNo4HB9uLZ_case_0005,zsNo4HB9uLZ,single,6,scored,3,1.0,0.15795270492915914
Qwen-Instant,zsNo4HB9uLZ_case_0005,zsNo4HB9uLZ,single,6,scored,3,1.0,0.15795270492915914
Gemma-Instant,zsNo4HB9uLZ_case_0005,zsNo4HB9uLZ,single,6,scored,3,1.0,0.08446852367027924
GPT-Medium,zsNo4HB9uLZ_case_0005,zsNo4HB9uLZ,single,7,scored,3,1.0,0.6585973917656667
Qwen-Thinking,zsNo4HB9uLZ_case_0005,zsNo4HB9uLZ,single,7,scored,3,1.0,0.5836338252469091
Qwen-Instant,zsNo4HB9uLZ_case_0005,zsNo4HB9uLZ,single,7,scored,3,1.0,0.5836338252469091
Gemma-Instant,zsNo4HB9uLZ_case_0005,zsNo4HB9uLZ,single,7,scored,3,1.0,0.6900456794476759
GPT-Medium,zsNo4HB9uLZ_case_0006,zsNo4HB9uLZ,single,0,scored,2,1.0,0.7892619952286108
Qwen-Thinking,zsNo4HB9uLZ_case_0006,zsNo4HB9uLZ,single,0,scored,2,1.0,0.6679644723877469
Qwen-Instant,zsNo4HB9uLZ_case_0006,zsNo4HB9uLZ,single,0,scored,2,1.0,0.6622624520832618
Gemma-Instant,zsNo4HB9uLZ_case_0006,zsNo4HB9uLZ,single,0,scored,2,1.0,0.67822810893582
GPT-Medium,zsNo4HB9uLZ_case_0008,zsNo4HB9uLZ,single,1,scored,3,1.0,0.8680646539829266
Qwen-Thinking,zsNo4HB9uLZ_case_0008,zsNo4HB9uLZ,single,1,scored,3,1.0,0.7759026940262445
Qwen-Instant,zsNo4HB9uLZ_case_0008,zsNo4HB9uLZ,single,1,scored,3,1.0,0.8146704683723737
Gemma-Instant,zsNo4HB9uLZ_case_0008,zsNo4HB9uLZ,single,1,scored,3,1.0,0.8674549330573367
GPT-Medium,zsNo4HB9uLZ_case_0008,zsNo4HB9uLZ,single,4,scored,3,1.0,0.670679851400123
Qwen-Thinking,zsNo4HB9uLZ_case_0008,zsNo4HB9uLZ,single,4,scored,3,1.0,0.6212459333932487
Qwen-Instant,zsNo4HB9uLZ_case_0008,zsNo4HB9uLZ,single,4,scored,3,1.0000000000000002,0.4188920287607756
Gemma-Instant,zsNo4HB9uLZ_case_0008,zsNo4HB9uLZ,single,4,scored,3,1.0,0.6260158708163521
GPT-Medium,zsNo4HB9uLZ_case_0008,zsNo4HB9uLZ,single,6,scored,3,1.0,0.7485279670915012
Qwen-Thinking,zsNo4HB9uLZ_case_0008,zsNo4HB9uLZ,single,6,scored,3,1.0,0.5574523965388096
Qwen-Instant,zsNo4HB9uLZ_case_0008,zsNo4HB9uLZ,single,6,scored,3,1.0,0.5268475277862252
Gemma-Instant,zsNo4HB9uLZ_case_0008,zsNo4HB9uLZ,single,6,scored,3,1.0,0.6492670027965628
GPT-Medium,zsNo4HB9uLZ_case_0008,zsNo4HB9uLZ,single,7,scored,3,1.0,0.7207034386253446
Qwen-Thinking,zsNo4HB9uLZ_case_0008,zsNo4HB9uLZ,single,7,scored,3,1.0,0.7758293805580491
Qwen-Instant,zsNo4HB9uLZ_case_0008,zsNo4HB9uLZ,single,7,scored,3,1.0,0.7688730327840916
Gemma-Instant,zsNo4HB9uLZ_case_0008,zsNo4HB9uLZ,single,7,scored,3,1.0,0.8185331495410687
GPT-Medium,zsNo4HB9uLZ_case_0009,zsNo4HB9uLZ,single,3,scored,3,1.0,0.21637587430727356
Qwen-Thinking,zsNo4HB9uLZ_case_0009,zsNo4HB9uLZ,single,3,scored,3,1.0,0.24270344435613356
Qwen-Instant,zsNo4HB9uLZ_case_0009,zsNo4HB9uLZ,single,3,scored,3,1.0,0.2627394460897359
Gemma-Instant,zsNo4HB9uLZ_case_0009,zsNo4HB9uLZ,single,3,scored,3,1.0,0.1870337361611194
GPT-Medium,zsNo4HB9uLZ_case_0009,zsNo4HB9uLZ,single,5,scored,3,1.0,0.30600328612761496
Qwen-Thinking,zsNo4HB9uLZ_case_0009,zsNo4HB9uLZ,single,5,scored,3,1.0,0.2758713287528798
Qwen-Instant,zsNo4HB9uLZ_case_0009,zsNo4HB9uLZ,single,5,scored,3,1.0,0.27587132875287956
Gemma-Instant,zsNo4HB9uLZ_case_0009,zsNo4HB9uLZ,single,5,scored,3,1.0,0.2758713287528798
GPT-Medium,zsNo4HB9uLZ_case_0009,zsNo4HB9uLZ,single,6,scored,3,1.0,0.5645865301962407
Qwen-Thinking,zsNo4HB9uLZ_case_0009,zsNo4HB9uLZ,single,6,scored,3,1.0,0.6118916511965984
Qwen-Instant,zsNo4HB9uLZ_case_0009,zsNo4HB9uLZ,single,6,scored,3,1.0,0.6118916511965982
Gemma-Instant,zsNo4HB9uLZ_case_0009,zsNo4HB9uLZ,single,6,scored,3,1.0,0.6118916511965984
GPT-Medium,zsNo4HB9uLZ_case_0009,zsNo4HB9uLZ,single,7,scored,3,1.0,0.20963993266262437
Qwen-Thinking,zsNo4HB9uLZ_case_0009,zsNo4HB9uLZ,single,7,scored,3,0.9999999999999999,0.1267630347981893
Qwen-Instant,zsNo4HB9uLZ_case_0009,zsNo4HB9uLZ,single,7,scored,3,1.0,0.2612785169754209
Gemma-Instant,zsNo4HB9uLZ_case_0009,zsNo4HB9uLZ,single,7,scored,3,1.0000000000000002,0.17390315518764088
GPT-Medium,zsNo4HB9uLZ_case_0010,zsNo4HB9uLZ,single,0,scored,2,1.0,0.29213807057949126
Qwen-Thinking,zsNo4HB9uLZ_case_0010,zsNo4HB9uLZ,single,0,scored,2,1.0,0.3424215941863664
Qwen-Instant,zsNo4HB9uLZ_case_0010,zsNo4HB9uLZ,single,0,scored,2,1.0,0.43041776049839786
Gemma-Instant,zsNo4HB9uLZ_case_0010,zsNo4HB9uLZ,single,0,scored,2,1.0,0.3424215941863664
GPT-Medium,zsNo4HB9uLZ_case_0010,zsNo4HB9uLZ,single,1,scored,2,1.0,0.3237684870734432
Qwen-Thinking,zsNo4HB9uLZ_case_0010,zsNo4HB9uLZ,single,1,scored,2,1.0,0.301622345329962
Qwen-Instant,zsNo4HB9uLZ_case_0010,zsNo4HB9uLZ,single,1,scored,2,1.0,0.301622345329962
Gemma-Instant,zsNo4HB9uLZ_case_0010,zsNo4HB9uLZ,single,1,scored,2,1.0,0.301622345329962
GPT-Medium,zsNo4HB9uLZ_case_0010,zsNo4HB9uLZ,single,2,scored,2,1.0,0.5633543609852658
Qwen-Thinking,zsNo4HB9uLZ_case_0010,zsNo4HB9uLZ,single,2,scored,2,1.0,0.5056425223754254
Qwen-Instant,zsNo4HB9uLZ_case_0010,zsNo4HB9uLZ,single,2,scored,2,0.9999999999999999,0.5507298962893632
Gemma-Instant,zsNo4HB9uLZ_case_0010,zsNo4HB9uLZ,single,2,scored,2,1.0,0.5571709497056401
GPT-Medium,zsNo4HB9uLZ_case_0010,zsNo4HB9uLZ,single,5,scored,2,1.0,0.6685893578827555
Qwen-Thinking,zsNo4HB9uLZ_case_0010,zsNo4HB9uLZ,single,5,scored,2,1.0,0.591080857600524
Qwen-Instant,zsNo4HB9uLZ_case_0010,zsNo4HB9uLZ,single,5,scored,2,1.0,0.6767277504123899
Gemma-Instant,zsNo4HB9uLZ_case_0010,zsNo4HB9uLZ,single,5,scored,2,1.0,0.6613552311897473
GPT-Medium,zsNo4HB9uLZ_case_0010,zsNo4HB9uLZ,single,6,scored,2,1.0,0.7337198294072002
Qwen-Thinking,zsNo4HB9uLZ_case_0010,zsNo4HB9uLZ,single,6,scored,2,1.0,0.892139677734562
Qwen-Instant,zsNo4HB9uLZ_case_0010,zsNo4HB9uLZ,single,6,scored,2,1.0,0.9797761895752304
Gemma-Instant,zsNo4HB9uLZ_case_0010,zsNo4HB9uLZ,single,6,scored,2,1.0,0.7842793554691242
GPT-Medium,zsNo4HB9uLZ_case_0010,zsNo4HB9uLZ,single,7,scored,2,1.0,0.4520711691107401
Qwen-Thinking,zsNo4HB9uLZ_case_0010,zsNo4HB9uLZ,single,7,scored,2,1.0,0.5448937460624287
Qwen-Instant,zsNo4HB9uLZ_case_0010,zsNo4HB9uLZ,single,7,scored,2,1.0,0.5589677686279537
Gemma-Instant,zsNo4HB9uLZ_case_0010,zsNo4HB9uLZ,single,7,scored,2,1.0,0.46572736913135093
GPT-Medium,zsNo4HB9uLZ_case_0011,zsNo4HB9uLZ,single,6,scored,3,1.0,0.28338733883014466
Qwen-Thinking,zsNo4HB9uLZ_case_0011,zsNo4HB9uLZ,single,6,scored,3,0.9999999999999999,0.21305586539727117
Qwen-Instant,zsNo4HB9uLZ_case_0011,zsNo4HB9uLZ,single,6,scored,3,1.0,0.25250865133249056
Gemma-Instant,zsNo4HB9uLZ_case_0011,zsNo4HB9uLZ,single,6,scored,3,1.0,0.25250865133249056
GPT-Medium,zsNo4HB9uLZ_case_0012,zsNo4HB9uLZ,single,7,scored,1,1.0,0.6373812503604521
Qwen-Thinking,zsNo4HB9uLZ_case_0012,zsNo4HB9uLZ,single,7,scored,1,1.0,0.6373812503604521
Qwen-Instant,zsNo4HB9uLZ_case_0012,zsNo4HB9uLZ,single,7,scored,1,1.0,0.6373812503604521
Gemma-Instant,zsNo4HB9uLZ_case_0012,zsNo4HB9uLZ,single,7,scored,1,1.0,0.6373812503604521
GPT-Medium,zsNo4HB9uLZ_case_0013,zsNo4HB9uLZ,single,0,scored,2,1.0,0.7536658375641573
Qwen-Thinking,zsNo4HB9uLZ_case_0013,zsNo4HB9uLZ,single,0,scored,2,1.0,0.7321122008132038
Qwen-Instant,zsNo4HB9uLZ_case_0013,zsNo4HB9uLZ,single,0,scored,2,1.0,0.7620478074117503
Gemma-Instant,zsNo4HB9uLZ_case_0013,zsNo4HB9uLZ,single,0,scored,2,1.0,0.7321122008132038
GPT-Medium,zsNo4HB9uLZ_case_0013,zsNo4HB9uLZ,single,4,scored,2,1.0,0.5877160195591034
Qwen-Thinking,zsNo4HB9uLZ_case_0013,zsNo4HB9uLZ,single,4,scored,2,1.0,0.508054752937899
Qwen-Instant,zsNo4HB9uLZ_case_0013,zsNo4HB9uLZ,single,4,scored,2,1.0,0.508054752937899
Gemma-Instant,zsNo4HB9uLZ_case_0013,zsNo4HB9uLZ,single,4,scored,2,1.0,0.508054752937899
GPT-Medium,zsNo4HB9uLZ_case_0013,zsNo4HB9uLZ,single,6,scored,2,0.9999999999999999,0.3182571138732804
Qwen-Thinking,zsNo4HB9uLZ_case_0013,zsNo4HB9uLZ,single,6,scored,2,1.0,0.4359497311315518
Qwen-Instant,zsNo4HB9uLZ_case_0013,zsNo4HB9uLZ,single,6,scored,2,1.0,0.4359497311315518
Gemma-Instant,zsNo4HB9uLZ_case_0013,zsNo4HB9uLZ,single,6,scored,2,1.0,0.4359497311315518
GPT-Medium,zsNo4HB9uLZ_case_0013,zsNo4HB9uLZ,single,7,scored,2,1.0,1.0
Qwen-Thinking,zsNo4HB9uLZ_case_0013,zsNo4HB9uLZ,single,7,scored,2,1.0,1.0
Qwen-Instant,zsNo4HB9uLZ_case_0013,zsNo4HB9uLZ,single,7,scored,2,1.0,1.0
Gemma-Instant,zsNo4HB9uLZ_case_0013,zsNo4HB9uLZ,single,7,scored,2,1.0,1.0
GPT-Medium,zsNo4HB9uLZ_case_0014,zsNo4HB9uLZ,single,0,scored,3,1.0,0.7450177889950617
Qwen-Thinking,zsNo4HB9uLZ_case_0014,zsNo4HB9uLZ,single,0,scored,3,1.0,0.8287864288239708
Qwen-Instant,zsNo4HB9uLZ_case_0014,zsNo4HB9uLZ,single,0,scored,3,1.0,0.8287864288239708
Gemma-Instant,zsNo4HB9uLZ_case_0014,zsNo4HB9uLZ,single,0,scored,3,1.0,0.8378362791126811
GPT-Medium,zsNo4HB9uLZ_case_0014,zsNo4HB9uLZ,single,6,scored,3,1.0,0.22959636610663725
Qwen-Thinking,zsNo4HB9uLZ_case_0014,zsNo4HB9uLZ,single,6,scored,3,1.0,0.18958837703219156
Qwen-Instant,zsNo4HB9uLZ_case_0014,zsNo4HB9uLZ,single,6,scored,3,1.0,0.18958837703219156
Gemma-Instant,zsNo4HB9uLZ_case_0014,zsNo4HB9uLZ,single,6,scored,3,1.0,0.20329222762716181
GPT-Medium,zsNo4HB9uLZ_case_0014,zsNo4HB9uLZ,single,7,scored,3,1.0,0.7032820143695957
Qwen-Thinking,zsNo4HB9uLZ_case_0014,zsNo4HB9uLZ,single,7,scored,3,1.0,0.646493763793512
Qwen-Instant,zsNo4HB9uLZ_case_0014,zsNo4HB9uLZ,single,7,scored,3,1.0,0.646493763793512
Gemma-Instant,zsNo4HB9uLZ_case_0014,zsNo4HB9uLZ,single,7,scored,3,0.9999999999999998,0.6399906391977186
GPT-Medium,zsNo4HB9uLZ_case_0015,zsNo4HB9uLZ,single,0,scored,2,1.0,0.8633467717738714
Qwen-Thinking,zsNo4HB9uLZ_case_0015,zsNo4HB9uLZ,single,0,scored,2,1.0,0.8683288641806494
Qwen-Instant,zsNo4HB9uLZ_case_0015,zsNo4HB9uLZ,single,0,scored,2,1.0,0.8683288641806494
Gemma-Instant,zsNo4HB9uLZ_case_0015,zsNo4HB9uLZ,single,0,scored,2,1.0,0.882537053637016
GPT-Medium,zsNo4HB9uLZ_case_0015,zsNo4HB9uLZ,single,1,scored,2,1.0,0.7478405330441106
Qwen-Thinking,zsNo4HB9uLZ_case_0015,zsNo4HB9uLZ,single,1,scored,2,1.0,0.7285602129949633
Qwen-Instant,zsNo4HB9uLZ_case_0015,zsNo4HB9uLZ,single,1,scored,2,1.0,0.7285602129949633
Gemma-Instant,zsNo4HB9uLZ_case_0015,zsNo4HB9uLZ,single,1,scored,2,1.0,0.7410755084654624
GPT-Medium,zsNo4HB9uLZ_case_0015,zsNo4HB9uLZ,single,2,scored,2,1.0000000000000002,0.9883678649465509
Qwen-Thinking,zsNo4HB9uLZ_case_0015,zsNo4HB9uLZ,single,2,scored,2,1.0,0.9856675478805718
Qwen-Instant,zsNo4HB9uLZ_case_0015,zsNo4HB9uLZ,single,2,scored,2,1.0,0.9426701915222868
Gemma-Instant,zsNo4HB9uLZ_case_0015,zsNo4HB9uLZ,single,2,scored,2,1.0,0.9617801276815245
GPT-Medium,zsNo4HB9uLZ_case_0015,zsNo4HB9uLZ,single,4,scored,2,0.9999999999999999,0.4242686951530794
Qwen-Thinking,zsNo4HB9uLZ_case_0015,zsNo4HB9uLZ,single,4,scored,2,1.0,0.45278111351826744
Qwen-Instant,zsNo4HB9uLZ_case_0015,zsNo4HB9uLZ,single,4,scored,2,1.0,0.45278111351826744
Gemma-Instant,zsNo4HB9uLZ_case_0015,zsNo4HB9uLZ,single,4,scored,2,1.0,0.4715456965449297
GPT-Medium,zsNo4HB9uLZ_case_0015,zsNo4HB9uLZ,single,5,scored,2,1.0,0.7258484600845251
Qwen-Thinking,zsNo4HB9uLZ_case_0015,zsNo4HB9uLZ,single,5,scored,2,1.0,0.6696992350774825
Qwen-Instant,zsNo4HB9uLZ_case_0015,zsNo4HB9uLZ,single,5,scored,2,1.0,0.6696992350774825
Gemma-Instant,zsNo4HB9uLZ_case_0015,zsNo4HB9uLZ,single,5,scored,2,1.0,0.692038174058779
GPT-Medium,zsNo4HB9uLZ_case_0015,zsNo4HB9uLZ,single,6,scored,2,0.9999999999999999,0.5544627623431044
Qwen-Thinking,zsNo4HB9uLZ_case_0015,zsNo4HB9uLZ,single,6,scored,2,1.0,0.5652492237631124
Qwen-Instant,zsNo4HB9uLZ_case_0015,zsNo4HB9uLZ,single,6,scored,2,1.0,0.5191457999517874
Gemma-Instant,zsNo4HB9uLZ_case_0015,zsNo4HB9uLZ,single,6,scored,2,1.0,0.5406607310637391
GPT-Medium,zsNo4HB9uLZ_case_0015,zsNo4HB9uLZ,single,7,scored,2,0.9999999999999999,0.8404495394641947
Qwen-Thinking,zsNo4HB9uLZ_case_0015,zsNo4HB9uLZ,single,7,scored,2,1.0,0.8667535164330542
Qwen-Instant,zsNo4HB9uLZ_case_0015,zsNo4HB9uLZ,single,7,scored,2,1.0,0.8667535164330542
Gemma-Instant,zsNo4HB9uLZ_case_0015,zsNo4HB9uLZ,single,7,scored,2,1.0,0.9048169183997571
GPT-Medium,zsNo4HB9uLZ_case_0016,zsNo4HB9uLZ,multi,5,scored,9,0.9999999999999999,0.47710978157851214
Qwen-Thinking,zsNo4HB9uLZ_case_0016,zsNo4HB9uLZ,multi,5,scored,9,0.9999999999999998,0.4358784901803331
Qwen-Instant,zsNo4HB9uLZ_case_0016,zsNo4HB9uLZ,multi,5,scored,9,1.0,0.26914900202504843
Gemma-Instant,zsNo4HB9uLZ_case_0016,zsNo4HB9uLZ,multi,5,scored,9,1.0000000000000002,0.29379224114361435
GPT-Medium,zsNo4HB9uLZ_case_0017,zsNo4HB9uLZ,multi,4,scored,5,1.0000000000000002,0.9693688332335404
Qwen-Thinking,zsNo4HB9uLZ_case_0017,zsNo4HB9uLZ,multi,4,scored,5,0.9999999999999998,0.8594080833214945
Qwen-Instant,zsNo4HB9uLZ_case_0017,zsNo4HB9uLZ,multi,4,scored,5,0.9999999999999999,0.7604873397660608
Gemma-Instant,zsNo4HB9uLZ_case_0017,zsNo4HB9uLZ,multi,4,scored,5,0.9999999999999999,0.8529679723075616
GPT-Medium,zsNo4HB9uLZ_case_0018,zsNo4HB9uLZ,multi,0,scored,7,1.0,0.644142311089021
Qwen-Thinking,zsNo4HB9uLZ_case_0018,zsNo4HB9uLZ,multi,0,scored,7,1.0,0.4961650238009102
Qwen-Instant,zsNo4HB9uLZ_case_0018,zsNo4HB9uLZ,multi,0,scored,7,1.0000000000000002,0.5248015591314035
Gemma-Instant,zsNo4HB9uLZ_case_0018,zsNo4HB9uLZ,multi,0,scored,7,1.0,0.5264429891844258
GPT-Medium,zsNo4HB9uLZ_case_0018,zsNo4HB9uLZ,multi,2,scored,7,0.9999999999999999,0.5178621130095329
Qwen-Thinking,zsNo4HB9uLZ_case_0018,zsNo4HB9uLZ,multi,2,scored,7,1.0,0.5529763158664781
Qwen-Instant,zsNo4HB9uLZ_case_0018,zsNo4HB9uLZ,multi,2,scored,7,1.0000000000000002,0.5761543024504944
Gemma-Instant,zsNo4HB9uLZ_case_0018,zsNo4HB9uLZ,multi,2,scored,7,0.9999999999999998,0.5761543024504945
GPT-Medium,zsNo4HB9uLZ_case_0018,zsNo4HB9uLZ,multi,4,scored,7,0.9999999999999999,0.8638852893555946
Qwen-Thinking,zsNo4HB9uLZ_case_0018,zsNo4HB9uLZ,multi,4,scored,7,1.0,0.8714062143509274
Qwen-Instant,zsNo4HB9uLZ_case_0018,zsNo4HB9uLZ,multi,4,scored,7,1.0,0.7954522018127229
Gemma-Instant,zsNo4HB9uLZ_case_0018,zsNo4HB9uLZ,multi,4,scored,7,0.9999999999999998,0.8114439778882542
GPT-Medium,zsNo4HB9uLZ_case_0019,zsNo4HB9uLZ,multi,4,scored,5,1.0000000000000002,0.9425772251670442
Qwen-Thinking,zsNo4HB9uLZ_case_0019,zsNo4HB9uLZ,multi,4,scored,5,0.9999999999999998,0.8755820966152248
Qwen-Instant,zsNo4HB9uLZ_case_0019,zsNo4HB9uLZ,multi,4,scored,5,1.0,0.8258149352613147
Gemma-Instant,zsNo4HB9uLZ_case_0019,zsNo4HB9uLZ,multi,4,scored,5,1.0,0.8331814683920128
GPT-Medium,zsNo4HB9uLZ_case_0019,zsNo4HB9uLZ,multi,5,scored,5,1.0,0.4404965180519178
Qwen-Thinking,zsNo4HB9uLZ_case_0019,zsNo4HB9uLZ,multi,5,scored,5,1.0,0.36558176256821295
Qwen-Instant,zsNo4HB9uLZ_case_0019,zsNo4HB9uLZ,multi,5,scored,5,1.0,0.36558176256821295
Gemma-Instant,zsNo4HB9uLZ_case_0019,zsNo4HB9uLZ,multi,5,scored,5,1.0000000000000002,0.38854428437851374
GPT-Medium,zsNo4HB9uLZ_case_0019,zsNo4HB9uLZ,multi,7,scored,5,0.9999999999999999,0.45311581747337115
Qwen-Thinking,zsNo4HB9uLZ_case_0019,zsNo4HB9uLZ,multi,7,scored,5,1.0,0.4102446915771709
Qwen-Instant,zsNo4HB9uLZ_case_0019,zsNo4HB9uLZ,multi,7,scored,5,1.0,0.4102446915771709
Gemma-Instant,zsNo4HB9uLZ_case_0019,zsNo4HB9uLZ,multi,7,scored,5,1.0000000000000002,0.43244995626231697
GPT-Medium,zsNo4HB9uLZ_case_0020,zsNo4HB9uLZ,multi,0,scored,4,1.0,0.6496725340784675
Qwen-Thinking,zsNo4HB9uLZ_case_0020,zsNo4HB9uLZ,multi,0,scored,4,1.0,0.35252328940293054
Qwen-Instant,zsNo4HB9uLZ_case_0020,zsNo4HB9uLZ,multi,0,scored,4,0.9999999999999999,0.3133313116101275
Gemma-Instant,zsNo4HB9uLZ_case_0020,zsNo4HB9uLZ,multi,0,scored,4,1.0,0.35252328940293054
GPT-Medium,zsNo4HB9uLZ_case_0020,zsNo4HB9uLZ,multi,1,scored,4,1.0,0.6748102530957434
Qwen-Thinking,zsNo4HB9uLZ_case_0020,zsNo4HB9uLZ,multi,1,scored,4,1.0,0.5456161839373542
Qwen-Instant,zsNo4HB9uLZ_case_0020,zsNo4HB9uLZ,multi,1,scored,4,1.0,0.3002978445731559
Gemma-Instant,zsNo4HB9uLZ_case_0020,zsNo4HB9uLZ,multi,1,scored,4,1.0,0.5456161839373542
GPT-Medium,zsNo4HB9uLZ_case_0020,zsNo4HB9uLZ,multi,2,scored,4,1.0000000000000002,0.37431292814606476
Qwen-Thinking,zsNo4HB9uLZ_case_0020,zsNo4HB9uLZ,multi,2,scored,4,1.0,0.39753360661537074
Qwen-Instant,zsNo4HB9uLZ_case_0020,zsNo4HB9uLZ,multi,2,scored,4,1.0,0.3194423464108287
Gemma-Instant,zsNo4HB9uLZ_case_0020,zsNo4HB9uLZ,multi,2,scored,4,1.0,0.3562022390992815
GPT-Medium,zsNo4HB9uLZ_case_0020,zsNo4HB9uLZ,multi,3,scored,4,0.9999999999999999,0.6886553394707391
Qwen-Thinking,zsNo4HB9uLZ_case_0020,zsNo4HB9uLZ,multi,3,scored,4,1.0,0.4114138441323161
Qwen-Instant,zsNo4HB9uLZ_case_0020,zsNo4HB9uLZ,multi,3,scored,4,1.0,0.4114138441323161
Gemma-Instant,zsNo4HB9uLZ_case_0020,zsNo4HB9uLZ,multi,3,scored,4,1.0,0.4357876755167065
GPT-Medium,zsNo4HB9uLZ_case_0020,zsNo4HB9uLZ,multi,4,scored,4,1.0,0.9811602415190821
Qwen-Thinking,zsNo4HB9uLZ_case_0020,zsNo4HB9uLZ,multi,4,scored,4,1.0,0.8054339866688419
Qwen-Instant,zsNo4HB9uLZ_case_0020,zsNo4HB9uLZ,multi,4,scored,4,1.0,0.8702893244458947
Gemma-Instant,zsNo4HB9uLZ_case_0020,zsNo4HB9uLZ,multi,4,scored,4,1.0,0.6108679733376841
GPT-Medium,zsNo4HB9uLZ_case_0020,zsNo4HB9uLZ,multi,5,scored,4,1.0,0.45176281324062595
Qwen-Thinking,zsNo4HB9uLZ_case_0020,zsNo4HB9uLZ,multi,5,scored,4,1.0,0.4058415603492532
Qwen-Instant,zsNo4HB9uLZ_case_0020,zsNo4HB9uLZ,multi,5,scored,4,1.0,0.34016817676906874
Gemma-Instant,zsNo4HB9uLZ_case_0020,zsNo4HB9uLZ,multi,5,scored,4,1.0,0.30832622726848824
GPT-Medium,zsNo4HB9uLZ_case_0020,zsNo4HB9uLZ,multi,7,scored,4,0.9999999999999999,0.47480663390111644
Qwen-Thinking,zsNo4HB9uLZ_case_0020,zsNo4HB9uLZ,multi,7,scored,4,1.0,0.426334825375983
Qwen-Instant,zsNo4HB9uLZ_case_0020,zsNo4HB9uLZ,multi,7,scored,4,1.0,0.4423910008778731
Gemma-Instant,zsNo4HB9uLZ_case_0020,zsNo4HB9uLZ,multi,7,scored,4,1.0,0.48029798043168836
GPT-Medium,zsNo4HB9uLZ_case_0045,zsNo4HB9uLZ,multi,0,scored,12,0.9999999999999998,0.5391439429018829
Qwen-Thinking,zsNo4HB9uLZ_case_0045,zsNo4HB9uLZ,multi,0,scored,12,1.0000000000000002,0.5946357966812652
Qwen-Instant,zsNo4HB9uLZ_case_0045,zsNo4HB9uLZ,multi,0,scored,12,0.9999999999999993,0.6504320211742696
Gemma-Instant,zsNo4HB9uLZ_case_0045,zsNo4HB9uLZ,multi,0,scored,12,1.0000000000000002,0.5946357966812652
GPT-Medium,zsNo4HB9uLZ_case_0045,zsNo4HB9uLZ,multi,2,scored,12,1.0000000000000002,0.6286039027028165
Qwen-Thinking,zsNo4HB9uLZ_case_0045,zsNo4HB9uLZ,multi,2,scored,12,1.0,0.6163019474883803
Qwen-Instant,zsNo4HB9uLZ_case_0045,zsNo4HB9uLZ,multi,2,scored,12,1.0,0.6259213282947902
Gemma-Instant,zsNo4HB9uLZ_case_0045,zsNo4HB9uLZ,multi,2,scored,12,1.0,0.5187293195173991
GPT-Medium,zsNo4HB9uLZ_case_0045,zsNo4HB9uLZ,multi,3,scored,12,1.0,0.7194698980181672
Qwen-Thinking,zsNo4HB9uLZ_case_0045,zsNo4HB9uLZ,multi,3,scored,12,0.9999999999999999,0.6962182866918827
Qwen-Instant,zsNo4HB9uLZ_case_0045,zsNo4HB9uLZ,multi,3,scored,12,0.9999999999999993,0.6831401380701587
Gemma-Instant,zsNo4HB9uLZ_case_0045,zsNo4HB9uLZ,multi,3,scored,12,1.0,0.5841275959647825
GPT-Medium,zsNo4HB9uLZ_case_0045,zsNo4HB9uLZ,multi,4,scored,12,1.0,0.854262966443539
Qwen-Thinking,zsNo4HB9uLZ_case_0045,zsNo4HB9uLZ,multi,4,scored,12,0.9999999999999999,0.6992601588738143
Qwen-Instant,zsNo4HB9uLZ_case_0045,zsNo4HB9uLZ,multi,4,scored,12,0.9999999999999998,0.5551204834727134
Gemma-Instant,zsNo4HB9uLZ_case_0045,zsNo4HB9uLZ,multi,4,scored,12,1.0,0.7225196914142415
GPT-Medium,zsNo4HB9uLZ_case_0045,zsNo4HB9uLZ,multi,5,scored,12,1.0,0.5603648518031096
Qwen-Thinking,zsNo4HB9uLZ_case_0045,zsNo4HB9uLZ,multi,5,scored,12,0.9999999999999999,0.532693172849368
Qwen-Instant,zsNo4HB9uLZ_case_0045,zsNo4HB9uLZ,multi,5,scored,12,0.9999999999999998,0.5051675191580784
Gemma-Instant,zsNo4HB9uLZ_case_0045,zsNo4HB9uLZ,multi,5,scored,12,1.0,0.5599632771700465
GPT-Medium,JF19kD82Mey_case_0003,JF19kD82Mey,single,0,scored,6,1.0,0.9775392713937838
Qwen-Thinking,JF19kD82Mey_case_0003,JF19kD82Mey,single,0,scored,6,1.0000000000000002,0.9244756435644184
Qwen-Instant,JF19kD82Mey_case_0003,JF19kD82Mey,single,0,scored,6,0.9999999999999998,0.9704605815872283
Gemma-Instant,JF19kD82Mey_case_0003,JF19kD82Mey,single,0,scored,6,1.0,0.9335065501318104
GPT-Medium,JF19kD82Mey_case_0003,JF19kD82Mey,single,5,scored,6,0.9999999999999999,0.5010434630365754
Qwen-Thinking,JF19kD82Mey_case_0003,JF19kD82Mey,single,5,scored,6,1.0,0.46444902713780367
Qwen-Instant,JF19kD82Mey_case_0003,JF19kD82Mey,single,5,scored,6,0.9999999999999998,0.4711660349015795
Gemma-Instant,JF19kD82Mey_case_0003,JF19kD82Mey,single,5,scored,6,1.0,0.5091901762368669
GPT-Medium,JF19kD82Mey_case_0003,JF19kD82Mey,single,7,scored,6,1.0,0.7977520718755877
Qwen-Thinking,JF19kD82Mey_case_0003,JF19kD82Mey,single,7,scored,6,1.0000000000000002,0.7369452149120495
Qwen-Instant,JF19kD82Mey_case_0003,JF19kD82Mey,single,7,scored,6,1.0,0.7483942225176804
Gemma-Instant,JF19kD82Mey_case_0003,JF19kD82Mey,single,7,scored,6,0.9999999999999999,0.7489977949901281
GPT-Medium,JF19kD82Mey_case_0004,JF19kD82Mey,single,0,scored,2,1.0,0.5014803592573891
Qwen-Thinking,JF19kD82Mey_case_0004,JF19kD82Mey,single,0,scored,2,1.0,0.5035767732844355
Qwen-Instant,JF19kD82Mey_case_0004,JF19kD82Mey,single,0,scored,2,1.0,0.4476723992298667
Gemma-Instant,JF19kD82Mey_case_0004,JF19kD82Mey,single,0,scored,2,1.0,0.47213056287874056
GPT-Medium,JF19kD82Mey_case_0004,JF19kD82Mey,single,2,scored,2,1.0,0.3551502160454877
Qwen-Thinking,JF19kD82Mey_case_0004,JF19kD82Mey,single,2,scored,2,1.0,0.34338498557793284
Qwen-Instant,JF19kD82Mey_case_0004,JF19kD82Mey,single,2,scored,2,1.0,0.30472779975596676
Gemma-Instant,JF19kD82Mey_case_0004,JF19kD82Mey,single,2,scored,2,1.0,0.32647246678082276
GPT-Medium,JF19kD82Mey_case_0004,JF19kD82Mey,single,4,scored,2,1.0,0.47514936009965136
Qwen-Thinking,JF19kD82Mey_case_0004,JF19kD82Mey,single,4,scored,2,1.0,0.4902686218017379
Qwen-Instant,JF19kD82Mey_case_0004,JF19kD82Mey,single,4,scored,2,1.0,0.5538884364919788
Gemma-Instant,JF19kD82Mey_case_0004,JF19kD82Mey,single,4,scored,2,1.0,0.48845091281058817
GPT-Medium,JF19kD82Mey_case_0004,JF19kD82Mey,single,7,scored,2,0.9999999999999999,0.4010857521027784
Qwen-Thinking,JF19kD82Mey_case_0004,JF19kD82Mey,single,7,scored,2,1.0,0.3858813021693408
Qwen-Instant,JF19kD82Mey_case_0004,JF19kD82Mey,single,7,scored,2,1.0,0.3424400166452335
Gemma-Instant,JF19kD82Mey_case_0004,JF19kD82Mey,single,7,scored,2,1.0,0.36687573975254395
GPT-Medium,JF19kD82Mey_case_0006,JF19kD82Mey,single,4,scored,3,0.9999999999999999,0.9917995805135847
Qwen-Thinking,JF19kD82Mey_case_0006,JF19kD82Mey,single,4,scored,3,1.0,0.9744870645011763
Qwen-Instant,JF19kD82Mey_case_0006,JF19kD82Mey,single,4,scored,3,1.0,0.9768064222737967
Gemma-Instant,JF19kD82Mey_case_0006,JF19kD82Mey,single,4,scored,3,1.0,0.9506455925495522
GPT-Medium,JF19kD82Mey_case_0007,JF19kD82Mey,single,0,scored,3,1.0,0.7137022194742675
Qwen-Thinking,JF19kD82Mey_case_0007,JF19kD82Mey,single,0,scored,3,1.0,0.7594334512000074
Qwen-Instant,JF19kD82Mey_case_0007,JF19kD82Mey,single,0,scored,3,1.0,0.7403501719188146
Gemma-Instant,JF19kD82Mey_case_0007,JF19kD82Mey,single,0,scored,3,1.0,0.7288151640248124
GPT-Medium,JF19kD82Mey_case_0018,JF19kD82Mey,multi,0,scored,7,1.0,0.8080122987866607
Qwen-Thinking,JF19kD82Mey_case_0018,JF19kD82Mey,multi,0,scored,7,0.9999999999999998,0.832689203725073
Qwen-Instant,JF19kD82Mey_case_0018,JF19kD82Mey,multi,0,scored,7,1.0,0.7707673870073759
Gemma-Instant,JF19kD82Mey_case_0018,JF19kD82Mey,multi,0,scored,7,1.0,0.6480733706664425
GPT-Medium,JF19kD82Mey_case_0018,JF19kD82Mey,multi,4,scored,7,1.0,0.48451422901618746
Qwen-Thinking,JF19kD82Mey_case_0018,JF19kD82Mey,multi,4,scored,7,1.0,0.4095451735645117
Qwen-Instant,JF19kD82Mey_case_0018,JF19kD82Mey,multi,4,scored,7,0.9999999999999998,0.459751525887109
Gemma-Instant,JF19kD82Mey_case_0018,JF19kD82Mey,multi,4,scored,7,1.0,0.6071673486340903
GPT-Medium,JF19kD82Mey_case_0020,JF19kD82Mey,multi,0,scored,7,1.0000000000000002,0.7455527202304335
Qwen-Thinking,JF19kD82Mey_case_0020,JF19kD82Mey,multi,0,scored,7,0.9999999999999998,0.832689203725073
Qwen-Instant,JF19kD82Mey_case_0020,JF19kD82Mey,multi,0,scored,7,1.0000000000000002,0.6658709600262975
Gemma-Instant,JF19kD82Mey_case_0020,JF19kD82Mey,multi,0,scored,7,1.0000000000000004,0.784964195388679
GPT-Medium,JF19kD82Mey_case_0020,JF19kD82Mey,multi,1,scored,7,1.0,0.6270106407846894
Qwen-Thinking,JF19kD82Mey_case_0020,JF19kD82Mey,multi,1,scored,7,0.9999999999999997,0.6044702220896574
Qwen-Instant,JF19kD82Mey_case_0020,JF19kD82Mey,multi,1,scored,7,0.9999999999999999,0.4123763629415551
Gemma-Instant,JF19kD82Mey_case_0020,JF19kD82Mey,multi,1,scored,7,1.0,0.5569693594714065
GPT-Medium,JF19kD82Mey_case_0020,JF19kD82Mey,multi,3,scored,7,1.0,0.3266567415342151
Qwen-Thinking,JF19kD82Mey_case_0020,JF19kD82Mey,multi,3,scored,7,1.0000000000000002,0.5668745343802071
Qwen-Instant,JF19kD82Mey_case_0020,JF19kD82Mey,multi,3,scored,7,1.0000000000000002,0.5668745343802071
Gemma-Instant,JF19kD82Mey_case_0020,JF19kD82Mey,multi,3,scored,7,0.9999999999999998,0.6113978107038494
GPT-Medium,JF19kD82Mey_case_0020,JF19kD82Mey,multi,4,scored,7,1.0,0.42603937039382045
Qwen-Thinking,JF19kD82Mey_case_0020,JF19kD82Mey,multi,4,scored,7,0.9999999999999998,0.459751525887109
Qwen-Instant,JF19kD82Mey_case_0020,JF19kD82Mey,multi,4,scored,7,0.9999999999999998,0.38733851772951666
Gemma-Instant,JF19kD82Mey_case_0020,JF19kD82Mey,multi,4,scored,7,1.0,0.60385130299925
GPT-Medium,JF19kD82Mey_case_0020,JF19kD82Mey,multi,6,scored,7,0.9999999999999999,0.44740569515131157
Qwen-Thinking,JF19kD82Mey_case_0020,JF19kD82Mey,multi,6,scored,7,0.9999999999999998,0.3792059948039772
Qwen-Instant,JF19kD82Mey_case_0020,JF19kD82Mey,multi,6,scored,7,1.0,0.3546949969598677
Gemma-Instant,JF19kD82Mey_case_0020,JF19kD82Mey,multi,6,scored,7,1.0,0.4542913472854908
GPT-Medium,JF19kD82Mey_case_0021,JF19kD82Mey,multi,7,scored,8,1.0,0.8819022140599719
Qwen-Thinking,JF19kD82Mey_case_0021,JF19kD82Mey,multi,7,scored,8,1.0000000000000002,0.6446385487815363
Qwen-Instant,JF19kD82Mey_case_0021,JF19kD82Mey,multi,7,scored,8,1.0000000000000002,0.7137291579775509
Gemma-Instant,JF19kD82Mey_case_0021,JF19kD82Mey,multi,7,scored,8,1.0,0.8303996417299189
GPT-Medium,JF19kD82Mey_case_0022,JF19kD82Mey,multi,6,scored,5,1.0000000000000002,0.5180378680158543
Qwen-Thinking,JF19kD82Mey_case_0022,JF19kD82Mey,multi,6,scored,5,1.0,0.4738086138662736
Qwen-Instant,JF19kD82Mey_case_0022,JF19kD82Mey,multi,6,scored,5,1.0,0.44197215839171733
Gemma-Instant,JF19kD82Mey_case_0022,JF19kD82Mey,multi,6,scored,5,1.0,0.4918348820118644
GPT-Medium,JF19kD82Mey_case_0023,JF19kD82Mey,multi,2,scored,6,1.0,0.9372821095567007
Qwen-Thinking,JF19kD82Mey_case_0023,JF19kD82Mey,multi,2,scored,6,1.0000000000000002,0.524482524324512
Qwen-Instant,JF19kD82Mey_case_0023,JF19kD82Mey,multi,2,scored,6,1.0,0.4812536628994677
Gemma-Instant,JF19kD82Mey_case_0023,JF19kD82Mey,multi,2,scored,6,1.0,0.751903925734528
GPT-Medium,JF19kD82Mey_case_0023,JF19kD82Mey,multi,4,scored,6,1.0,0.3350798985774981
Qwen-Thinking,JF19kD82Mey_case_0023,JF19kD82Mey,multi,4,scored,6,1.0,0.4191713552203541
Qwen-Instant,JF19kD82Mey_case_0023,JF19kD82Mey,multi,4,scored,6,1.0,0.4452323352902374
Gemma-Instant,JF19kD82Mey_case_0023,JF19kD82Mey,multi,4,scored,6,1.0000000000000002,0.48438130099501875
GPT-Medium,JF19kD82Mey_case_0024,JF19kD82Mey,multi,0,scored,5,0.9999999999999999,0.807064275478665
Qwen-Thinking,JF19kD82Mey_case_0024,JF19kD82Mey,multi,0,scored,5,1.0,0.7975112005017067
Qwen-Instant,JF19kD82Mey_case_0024,JF19kD82Mey,multi,0,scored,5,0.9999999999999997,0.2975920653958549
Gemma-Instant,JF19kD82Mey_case_0024,JF19kD82Mey,multi,0,scored,5,1.0,0.7257328722169902
GPT-Medium,JF19kD82Mey_case_0024,JF19kD82Mey,multi,1,scored,5,0.9999999999999999,0.6142530200201042
Qwen-Thinking,JF19kD82Mey_case_0024,JF19kD82Mey,multi,1,scored,5,1.0,0.5789190684881438
Qwen-Instant,JF19kD82Mey_case_0024,JF19kD82Mey,multi,1,scored,5,0.9999999999999999,0.2731623026330501
Gemma-Instant,JF19kD82Mey_case_0024,JF19kD82Mey,multi,1,scored,5,0.9999999999999998,0.512151379283367
GPT-Medium,JF19kD82Mey_case_0024,JF19kD82Mey,multi,3,scored,5,0.9999999999999999,0.3197752499189548
Qwen-Thinking,JF19kD82Mey_case_0024,JF19kD82Mey,multi,3,scored,5,1.0,0.8063901371540589
Qwen-Instant,JF19kD82Mey_case_0024,JF19kD82Mey,multi,3,scored,5,1.0,0.4734894609865089
Gemma-Instant,JF19kD82Mey_case_0024,JF19kD82Mey,multi,3,scored,5,1.0,0.5686039398915232
GPT-Medium,JF19kD82Mey_case_0025,JF19kD82Mey,multi,0,scored,6,1.0000000000000002,0.7821727511483662
Qwen-Thinking,JF19kD82Mey_case_0025,JF19kD82Mey,multi,0,scored,6,1.0,0.7262616617261202
Qwen-Instant,JF19kD82Mey_case_0025,JF19kD82Mey,multi,0,scored,6,1.0,0.6221555231216391
Gemma-Instant,JF19kD82Mey_case_0025,JF19kD82Mey,multi,0,scored,6,1.0,0.8283886236260274
GPT-Medium,JF19kD82Mey_case_0025,JF19kD82Mey,multi,3,scored,6,1.0,0.703589959573541
Qwen-Thinking,JF19kD82Mey_case_0025,JF19kD82Mey,multi,3,scored,6,1.0,0.622913743654488
Qwen-Instant,JF19kD82Mey_case_0025,JF19kD82Mey,multi,3,scored,6,1.0000000000000002,0.5536751006602294
Gemma-Instant,JF19kD82Mey_case_0025,JF19kD82Mey,multi,3,scored,6,1.0,0.6547611152577613
GPT-Medium,JF19kD82Mey_case_0025,JF19kD82Mey,multi,4,scored,6,1.0000000000000002,0.9611322093182555
Qwen-Thinking,JF19kD82Mey_case_0025,JF19kD82Mey,multi,4,scored,6,0.9999999999999999,0.7762924499907312
Qwen-Instant,JF19kD82Mey_case_0025,JF19kD82Mey,multi,4,scored,6,1.0000000000000002,0.7091801849879504
Gemma-Instant,JF19kD82Mey_case_0025,JF19kD82Mey,multi,4,scored,6,1.0000000000000002,0.9471236699978092
GPT-Medium,JF19kD82Mey_case_0025,JF19kD82Mey,multi,5,scored,6,1.0,0.7472172586965241
Qwen-Thinking,JF19kD82Mey_case_0025,JF19kD82Mey,multi,5,scored,6,0.9999999999999999,0.6234227934041083
Qwen-Instant,JF19kD82Mey_case_0025,JF19kD82Mey,multi,5,scored,6,1.0000000000000002,0.5865016004948903
Gemma-Instant,JF19kD82Mey_case_0025,JF19kD82Mey,multi,5,scored,6,1.0000000000000002,0.7174040117184812
GPT-Medium,JF19kD82Mey_case_0025,JF19kD82Mey,multi,6,scored,6,1.0,0.5264289392469808
Qwen-Thinking,JF19kD82Mey_case_0025,JF19kD82Mey,multi,6,scored,6,0.9999999999999999,0.49752808995477993
Qwen-Instant,JF19kD82Mey_case_0025,JF19kD82Mey,multi,6,scored,6,1.0000000000000002,0.49097990765337074
Gemma-Instant,JF19kD82Mey_case_0025,JF19kD82Mey,multi,6,scored,6,1.0000000000000002,0.5141961903583665
GPT-Medium,JF19kD82Mey_case_0025,JF19kD82Mey,multi,7,scored,6,1.0,0.9827531783558894
Qwen-Thinking,JF19kD82Mey_case_0025,JF19kD82Mey,multi,7,scored,6,1.0,0.8432318687559086
Qwen-Instant,JF19kD82Mey_case_0025,JF19kD82Mey,multi,7,scored,6,1.0000000000000002,0.6342076937637867
Gemma-Instant,JF19kD82Mey_case_0025,JF19kD82Mey,multi,7,scored,6,1.0,0.8536830775055148
GPT-Medium,JF19kD82Mey_case_0028,JF19kD82Mey,multi,0,scored,5,1.0,0.636921361810755
Qwen-Thinking,JF19kD82Mey_case_0028,JF19kD82Mey,multi,0,scored,5,1.0,0.8245008544265044
Qwen-Instant,JF19kD82Mey_case_0028,JF19kD82Mey,multi,0,scored,5,0.9999999999999999,0.8117463971636443
Gemma-Instant,JF19kD82Mey_case_0028,JF19kD82Mey,multi,0,scored,5,0.9999999999999999,0.7816793161198112
GPT-Medium,JF19kD82Mey_case_0028,JF19kD82Mey,multi,1,scored,5,0.9999999999999999,0.5469877144723191
Qwen-Thinking,JF19kD82Mey_case_0028,JF19kD82Mey,multi,1,scored,5,1.0,0.5465837736606715
Qwen-Instant,JF19kD82Mey_case_0028,JF19kD82Mey,multi,1,scored,5,0.9999999999999999,0.5842730249235382
Gemma-Instant,JF19kD82Mey_case_0028,JF19kD82Mey,multi,1,scored,5,1.0,0.551102784573542
GPT-Medium,JF19kD82Mey_case_0028,JF19kD82Mey,multi,3,scored,5,1.0,0.4589008270153112
Qwen-Thinking,JF19kD82Mey_case_0028,JF19kD82Mey,multi,3,scored,5,1.0,0.49120929194623464
Qwen-Instant,JF19kD82Mey_case_0028,JF19kD82Mey,multi,3,scored,5,0.9999999999999998,0.34275439745804104
Gemma-Instant,JF19kD82Mey_case_0028,JF19kD82Mey,multi,3,scored,5,0.9999999999999998,0.5048698546765602
GPT-Medium,JF19kD82Mey_case_0029,JF19kD82Mey,multi,3,scored,8,1.0,0.5580922169092446
Qwen-Thinking,JF19kD82Mey_case_0029,JF19kD82Mey,multi,3,scored,8,0.9999999999999998,0.8262839783268593
Qwen-Instant,JF19kD82Mey_case_0029,JF19kD82Mey,multi,3,scored,8,1.0,0.7310008041518379
Gemma-Instant,JF19kD82Mey_case_0029,JF19kD82Mey,multi,3,scored,8,0.9999999999999997,0.9508731833632552
GPT-Medium,JF19kD82Mey_case_0029,JF19kD82Mey,multi,7,scored,8,1.0,0.9425300492975321
Qwen-Thinking,JF19kD82Mey_case_0029,JF19kD82Mey,multi,7,scored,8,0.9999999999999998,0.8317289291050867
Qwen-Instant,JF19kD82Mey_case_0029,JF19kD82Mey,multi,7,scored,8,1.0,0.8153944546112352
Gemma-Instant,JF19kD82Mey_case_0029,JF19kD82Mey,multi,7,scored,8,1.0,0.9166792667560063
GPT-Medium,JF19kD82Mey_case_0030,JF19kD82Mey,multi,1,scored,9,0.9999999999999999,0.5902597026452137
Qwen-Thinking,JF19kD82Mey_case_0030,JF19kD82Mey,multi,1,scored,9,1.0,0.5613536321786654
Qwen-Instant,JF19kD82Mey_case_0030,JF19kD82Mey,multi,1,scored,9,1.0,0.5356306685253334
Gemma-Instant,JF19kD82Mey_case_0030,JF19kD82Mey,multi,1,scored,9,1.0000000000000002,0.5373309690458921
GPT-Medium,JF19kD82Mey_case_0030,JF19kD82Mey,multi,3,scored,9,0.9999999999999999,0.3439935988371742
Qwen-Thinking,JF19kD82Mey_case_0030,JF19kD82Mey,multi,3,scored,9,1.0000000000000002,0.6260583620882963
Qwen-Instant,JF19kD82Mey_case_0030,JF19kD82Mey,multi,3,scored,9,1.0000000000000002,0.6260583620882963
Gemma-Instant,JF19kD82Mey_case_0030,JF19kD82Mey,multi,3,scored,9,1.0,0.5883269465907532
GPT-Medium,JF19kD82Mey_case_0030,JF19kD82Mey,multi,4,scored,9,1.0000000000000002,0.39166409636807886
Qwen-Thinking,JF19kD82Mey_case_0030,JF19kD82Mey,multi,4,scored,9,1.0,0.35607030659840544
Qwen-Instant,JF19kD82Mey_case_0030,JF19kD82Mey,multi,4,scored,9,1.0000000000000002,0.48647394097980656
Gemma-Instant,JF19kD82Mey_case_0030,JF19kD82Mey,multi,4,scored,9,1.0,0.5985935508035227
GPT-Medium,JF19kD82Mey_case_0031,JF19kD82Mey,multi,3,scored,10,0.9999999999999999,0.4981216922896784
Qwen-Thinking,JF19kD82Mey_case_0031,JF19kD82Mey,multi,3,scored,10,1.0,0.4698098898752381
Qwen-Instant,JF19kD82Mey_case_0031,JF19kD82Mey,multi,3,scored,10,1.0000000000000002,0.4566230185012534
Gemma-Instant,JF19kD82Mey_case_0031,JF19kD82Mey,multi,3,scored,10,0.9999999999999999,0.3960801544556971
GPT-Medium,JF19kD82Mey_case_0033,JF19kD82Mey,multi,0,scored,11,1.0,0.8362215227412646
Qwen-Thinking,JF19kD82Mey_case_0033,JF19kD82Mey,multi,0,scored,11,0.9999999999999998,0.6984658214645925
Qwen-Instant,JF19kD82Mey_case_0033,JF19kD82Mey,multi,0,scored,11,1.0000000000000002,0.6624493199965509
Gemma-Instant,JF19kD82Mey_case_0033,JF19kD82Mey,multi,0,scored,11,0.9999999999999998,0.727595709265952
GPT-Medium,RPmz2sHmrrY_case_0021,RPmz2sHmrrY,multi,0,scored,7,1.0,0.8655378140547023
Qwen-Thinking,RPmz2sHmrrY_case_0021,RPmz2sHmrrY,multi,0,scored,7,0.9999999999999998,0.5242293086221406
Qwen-Instant,RPmz2sHmrrY_case_0021,RPmz2sHmrrY,multi,0,scored,7,1.0,0.5891058842840384
Gemma-Instant,RPmz2sHmrrY_case_0021,RPmz2sHmrrY,multi,0,scored,7,1.0000000000000002,0.918966937289001
GPT-Medium,RPmz2sHmrrY_case_0022,RPmz2sHmrrY,multi,1,scored,10,1.0000000000000002,0.6797157465376749
Qwen-Thinking,RPmz2sHmrrY_case_0022,RPmz2sHmrrY,multi,1,scored,10,0.9999999999999999,0.7309456387815164
Qwen-Instant,RPmz2sHmrrY_case_0022,RPmz2sHmrrY,multi,1,scored,10,1.0,0.628832288571374
Gemma-Instant,RPmz2sHmrrY_case_0022,RPmz2sHmrrY,multi,1,scored,10,1.0000000000000002,0.918197784432182
GPT-Medium,RPmz2sHmrrY_case_0023,RPmz2sHmrrY,multi,1,scored,10,0.9999999999999998,0.5087551495731368
Qwen-Thinking,RPmz2sHmrrY_case_0023,RPmz2sHmrrY,multi,1,scored,10,1.0,0.49879261728555624
Qwen-Instant,RPmz2sHmrrY_case_0023,RPmz2sHmrrY,multi,1,scored,10,1.0,0.43245387588620987
Gemma-Instant,RPmz2sHmrrY_case_0023,RPmz2sHmrrY,multi,1,scored,10,1.0,0.5915548893552457
GPT-Medium,RPmz2sHmrrY_case_0023,RPmz2sHmrrY,multi,5,scored,10,1.0,0.7065388662048786
Qwen-Thinking,RPmz2sHmrrY_case_0023,RPmz2sHmrrY,multi,5,scored,10,1.0000000000000002,0.39254583455461645
Qwen-Instant,RPmz2sHmrrY_case_0023,RPmz2sHmrrY,multi,5,scored,10,0.9999999999999998,0.46066039825336147
Gemma-Instant,RPmz2sHmrrY_case_0023,RPmz2sHmrrY,multi,5,scored,10,1.0,0.6702641533352018
GPT-Medium,RPmz2sHmrrY_case_0023,RPmz2sHmrrY,multi,7,scored,10,0.9999999999999998,0.5287880740227102
Qwen-Thinking,RPmz2sHmrrY_case_0023,RPmz2sHmrrY,multi,7,scored,10,1.0000000000000002,0.33917361493339804
Qwen-Instant,RPmz2sHmrrY_case_0023,RPmz2sHmrrY,multi,7,scored,10,0.9999999999999998,0.4908397185929224
Gemma-Instant,RPmz2sHmrrY_case_0023,RPmz2sHmrrY,multi,7,scored,10,1.0,0.6333791667507152
GPT-Medium,RPmz2sHmrrY_case_0024,RPmz2sHmrrY,multi,0,scored,10,0.9999999999999999,0.4963997909087269
Qwen-Thinking,RPmz2sHmrrY_case_0024,RPmz2sHmrrY,multi,0,scored,10,1.0,0.3711556198546846
Qwen-Instant,RPmz2sHmrrY_case_0024,RPmz2sHmrrY,multi,0,scored,10,1.0,0.41621896631779276
Gemma-Instant,RPmz2sHmrrY_case_0024,RPmz2sHmrrY,multi,0,scored,10,1.0000000000000002,0.46049006234221757
GPT-Medium,RPmz2sHmrrY_case_0024,RPmz2sHmrrY,multi,2,scored,10,1.0,0.9688125021073895
Qwen-Thinking,RPmz2sHmrrY_case_0024,RPmz2sHmrrY,multi,2,scored,10,1.0,0.974829461589761
Qwen-Instant,RPmz2sHmrrY_case_0024,RPmz2sHmrrY,multi,2,scored,10,0.9999999999999996,0.8827046996307987
Gemma-Instant,RPmz2sHmrrY_case_0024,RPmz2sHmrrY,multi,2,scored,10,1.0000000000000002,0.9695577230900978
GPT-Medium,RPmz2sHmrrY_case_0024,RPmz2sHmrrY,multi,7,scored,10,1.0000000000000002,0.5328300489585587
Qwen-Thinking,RPmz2sHmrrY_case_0024,RPmz2sHmrrY,multi,7,scored,10,1.0,0.5921598110729682
Qwen-Instant,RPmz2sHmrrY_case_0024,RPmz2sHmrrY,multi,7,scored,10,1.0,0.4756278450489049
Gemma-Instant,RPmz2sHmrrY_case_0024,RPmz2sHmrrY,multi,7,scored,10,0.9999999999999999,0.6295667832818358
GPT-Medium,RPmz2sHmrrY_case_0025,RPmz2sHmrrY,multi,1,scored,11,0.9999999999999999,0.7571132571814825
Qwen-Thinking,RPmz2sHmrrY_case_0025,RPmz2sHmrrY,multi,1,scored,11,1.0000000000000002,0.6307974310977089
Qwen-Instant,RPmz2sHmrrY_case_0025,RPmz2sHmrrY,multi,1,scored,11,1.0,0.7544022281714657
Gemma-Instant,RPmz2sHmrrY_case_0025,RPmz2sHmrrY,multi,1,scored,11,1.0000000000000002,0.7961746846598559
GPT-Medium,RPmz2sHmrrY_case_0025,RPmz2sHmrrY,multi,2,scored,11,1.0000000000000002,0.9479319117670159
Qwen-Thinking,RPmz2sHmrrY_case_0025,RPmz2sHmrrY,multi,2,scored,11,1.0,0.7608781691445723
Qwen-Instant,RPmz2sHmrrY_case_0025,RPmz2sHmrrY,multi,2,scored,11,0.9999999999999998,0.6501315352117205
Gemma-Instant,RPmz2sHmrrY_case_0025,RPmz2sHmrrY,multi,2,scored,11,1.0000000000000002,0.6078051393284805
GPT-Medium,RPmz2sHmrrY_case_0025,RPmz2sHmrrY,multi,5,scored,11,1.0,0.7064196102936049
Qwen-Thinking,RPmz2sHmrrY_case_0025,RPmz2sHmrrY,multi,5,scored,11,1.0,0.5216265771836929
Qwen-Instant,RPmz2sHmrrY_case_0025,RPmz2sHmrrY,multi,5,scored,11,0.9999999999999998,0.5880491712174062
Gemma-Instant,RPmz2sHmrrY_case_0025,RPmz2sHmrrY,multi,5,scored,11,1.0000000000000002,0.6683510439197689
GPT-Medium,RPmz2sHmrrY_case_0025,RPmz2sHmrrY,multi,7,scored,11,1.0,0.5230191236395509
Qwen-Thinking,RPmz2sHmrrY_case_0025,RPmz2sHmrrY,multi,7,scored,11,1.0,0.4179800135912696
Qwen-Instant,RPmz2sHmrrY_case_0025,RPmz2sHmrrY,multi,7,scored,11,1.0,0.5513701899795069
Gemma-Instant,RPmz2sHmrrY_case_0025,RPmz2sHmrrY,multi,7,scored,11,1.0000000000000002,0.6315713367460516
GPT-Medium,RPmz2sHmrrY_case_0026,RPmz2sHmrrY,multi,2,scored,13,1.0,0.9703272471523637
Qwen-Thinking,RPmz2sHmrrY_case_0026,RPmz2sHmrrY,multi,2,scored,13,1.0,0.9684134419949942
Qwen-Instant,RPmz2sHmrrY_case_0026,RPmz2sHmrrY,multi,2,scored,13,0.9999999999999999,0.9107239924538442
Gemma-Instant,RPmz2sHmrrY_case_0026,RPmz2sHmrrY,multi,2,scored,13,0.9999999999999999,0.9774050360394897
GPT-Medium,RPmz2sHmrrY_case_0028,RPmz2sHmrrY,multi,4,scored,12,0.9999999999999999,0.6714817083134295
Qwen-Thinking,RPmz2sHmrrY_case_0028,RPmz2sHmrrY,multi,4,scored,12,0.9999999999999998,0.5385864647451497
Qwen-Instant,RPmz2sHmrrY_case_0028,RPmz2sHmrrY,multi,4,scored,12,1.0,0.6781181294821056
Gemma-Instant,RPmz2sHmrrY_case_0028,RPmz2sHmrrY,multi,4,scored,12,0.9999999999999998,0.5400678906391188
GPT-Medium,RPmz2sHmrrY_case_0028,RPmz2sHmrrY,multi,7,scored,12,0.9999999999999999,0.656979615563412
Qwen-Thinking,RPmz2sHmrrY_case_0028,RPmz2sHmrrY,multi,7,scored,12,0.9999999999999999,0.568649049933106
Qwen-Instant,RPmz2sHmrrY_case_0028,RPmz2sHmrrY,multi,7,scored,12,1.0000000000000002,0.6373802510932479
Gemma-Instant,RPmz2sHmrrY_case_0028,RPmz2sHmrrY,multi,7,scored,12,0.9999999999999998,0.5023687495496292
GPT-Medium,RPmz2sHmrrY_case_0029,RPmz2sHmrrY,multi,2,scored,10,0.9999999999999999,0.949436018438272
Qwen-Thinking,RPmz2sHmrrY_case_0029,RPmz2sHmrrY,multi,2,scored,10,0.9999999999999999,0.8924188789079565
Qwen-Instant,RPmz2sHmrrY_case_0029,RPmz2sHmrrY,multi,2,scored,10,1.0000000000000002,0.9443050287090331
Gemma-Instant,RPmz2sHmrrY_case_0029,RPmz2sHmrrY,multi,2,scored,10,1.0000000000000004,0.783295597962535
GPT-Medium,RPmz2sHmrrY_case_0029,RPmz2sHmrrY,multi,4,scored,10,0.9999999999999999,0.7580641929855175
Qwen-Thinking,RPmz2sHmrrY_case_0029,RPmz2sHmrrY,multi,4,scored,10,1.0,0.29527243434467343
Qwen-Instant,RPmz2sHmrrY_case_0029,RPmz2sHmrrY,multi,4,scored,10,0.9999999999999999,0.2509874884841842
Gemma-Instant,RPmz2sHmrrY_case_0029,RPmz2sHmrrY,multi,4,scored,10,0.9999999999999999,0.29527243434467343
GPT-Medium,RPmz2sHmrrY_case_0029,RPmz2sHmrrY,multi,5,scored,10,1.0,0.7636973021278264
Qwen-Thinking,RPmz2sHmrrY_case_0029,RPmz2sHmrrY,multi,5,scored,10,1.0,0.4021923962118287
Qwen-Instant,RPmz2sHmrrY_case_0029,RPmz2sHmrrY,multi,5,scored,10,1.0,0.2748511444000089
Gemma-Instant,RPmz2sHmrrY_case_0029,RPmz2sHmrrY,multi,5,scored,10,0.9999999999999999,0.2748511444000089
GPT-Medium,RPmz2sHmrrY_case_0029,RPmz2sHmrrY,multi,7,scored,10,1.0,0.7215181446722229
Qwen-Thinking,RPmz2sHmrrY_case_0029,RPmz2sHmrrY,multi,7,scored,10,1.0,0.25972594230844614
Qwen-Instant,RPmz2sHmrrY_case_0029,RPmz2sHmrrY,multi,7,scored,10,1.0,0.25972594230844614
Gemma-Instant,RPmz2sHmrrY_case_0029,RPmz2sHmrrY,multi,7,scored,10,0.9999999999999999,0.25972594230844626
GPT-Medium,RPmz2sHmrrY_case_0030,RPmz2sHmrrY,multi,1,scored,9,1.0,0.80755892733354
Qwen-Thinking,RPmz2sHmrrY_case_0030,RPmz2sHmrrY,multi,1,scored,9,0.9999999999999998,0.8591118081067971
Qwen-Instant,RPmz2sHmrrY_case_0030,RPmz2sHmrrY,multi,1,scored,9,1.0,0.6556268440766668
Gemma-Instant,RPmz2sHmrrY_case_0030,RPmz2sHmrrY,multi,1,scored,9,1.0000000000000002,0.9720081008712264
GPT-Medium,RPmz2sHmrrY_case_0030,RPmz2sHmrrY,multi,2,scored,9,0.9999999999999998,0.5152454800683282
Qwen-Thinking,RPmz2sHmrrY_case_0030,RPmz2sHmrrY,multi,2,scored,9,0.9999999999999997,0.46011580845771094
Qwen-Instant,RPmz2sHmrrY_case_0030,RPmz2sHmrrY,multi,2,scored,9,0.9999999999999998,0.4482993934948475
Gemma-Instant,RPmz2sHmrrY_case_0030,RPmz2sHmrrY,multi,2,scored,9,0.9999999999999999,0.311911670886988
GPT-Medium,RPmz2sHmrrY_case_0030,RPmz2sHmrrY,multi,5,scored,9,1.0,0.6453018319859627
Qwen-Thinking,RPmz2sHmrrY_case_0030,RPmz2sHmrrY,multi,5,scored,9,1.0000000000000002,0.5745839183365197
Qwen-Instant,RPmz2sHmrrY_case_0030,RPmz2sHmrrY,multi,5,scored,9,0.9999999999999998,0.5028374936327467
Gemma-Instant,RPmz2sHmrrY_case_0030,RPmz2sHmrrY,multi,5,scored,9,1.0,0.5844823152030554
GPT-Medium,RPmz2sHmrrY_case_0030,RPmz2sHmrrY,multi,7,scored,9,1.0000000000000002,0.5559143960289551
Qwen-Thinking,RPmz2sHmrrY_case_0030,RPmz2sHmrrY,multi,7,scored,9,1.0,0.48295979503988395
Qwen-Instant,RPmz2sHmrrY_case_0030,RPmz2sHmrrY,multi,7,scored,9,0.9999999999999998,0.47516608361547075
Gemma-Instant,RPmz2sHmrrY_case_0030,RPmz2sHmrrY,multi,7,scored,9,1.0,0.5523179479937101
GPT-Medium,RPmz2sHmrrY_case_0033,RPmz2sHmrrY,multi,0,scored,15,1.0,0.8148027357392043
Qwen-Thinking,RPmz2sHmrrY_case_0033,RPmz2sHmrrY,multi,0,scored,15,1.0000000000000002,0.5770533938045083
Qwen-Instant,RPmz2sHmrrY_case_0033,RPmz2sHmrrY,multi,0,scored,15,1.0,0.26780911177421385
Gemma-Instant,RPmz2sHmrrY_case_0033,RPmz2sHmrrY,multi,0,scored,15,1.0000000000000002,0.6542108451720894
GPT-Medium,RPmz2sHmrrY_case_0034,RPmz2sHmrrY,multi,1,scored,20,0.9999999999999999,0.5506580162625225
Qwen-Thinking,RPmz2sHmrrY_case_0034,RPmz2sHmrrY,multi,1,scored,20,1.0000000000000002,0.47300142330138906
Qwen-Instant,RPmz2sHmrrY_case_0034,RPmz2sHmrrY,multi,1,scored,20,1.0000000000000007,0.6151877882922008
Gemma-Instant,RPmz2sHmrrY_case_0034,RPmz2sHmrrY,multi,1,scored,20,1.0000000000000002,0.562489739792417
GPT-Medium,RPmz2sHmrrY_case_0034,RPmz2sHmrrY,multi,2,scored,20,0.9999999999999999,0.9061023477110272
Qwen-Thinking,RPmz2sHmrrY_case_0034,RPmz2sHmrrY,multi,2,scored,20,1.0000000000000007,0.7599626593812305
Qwen-Instant,RPmz2sHmrrY_case_0034,RPmz2sHmrrY,multi,2,scored,20,1.0,0.7016313601205544
Gemma-Instant,RPmz2sHmrrY_case_0034,RPmz2sHmrrY,multi,2,scored,20,1.0000000000000009,0.7536941129245079
GPT-Medium,RPmz2sHmrrY_case_0035,RPmz2sHmrrY,multi,1,scored,19,1.0000000000000002,0.5647927067913633
Qwen-Thinking,RPmz2sHmrrY_case_0035,RPmz2sHmrrY,multi,1,scored,19,1.0,0.3873369608769627
Qwen-Instant,RPmz2sHmrrY_case_0035,RPmz2sHmrrY,multi,1,scored,19,1.0000000000000002,0.6190075406544974
Gemma-Instant,RPmz2sHmrrY_case_0035,RPmz2sHmrrY,multi,1,scored,19,1.0000000000000004,0.5536660006285961
GPT-Medium,RPmz2sHmrrY_case_0035,RPmz2sHmrrY,multi,2,scored,19,1.0000000000000002,0.9565642291548885
Qwen-Thinking,RPmz2sHmrrY_case_0035,RPmz2sHmrrY,multi,2,scored,19,0.9999999999999994,0.7086814998792755
Qwen-Instant,RPmz2sHmrrY_case_0035,RPmz2sHmrrY,multi,2,scored,19,1.000000000000001,0.8203969857471803
Gemma-Instant,RPmz2sHmrrY_case_0035,RPmz2sHmrrY,multi,2,scored,19,1.0000000000000004,0.8880144124180964
GPT-Medium,RPmz2sHmrrY_case_0035,RPmz2sHmrrY,multi,5,scored,19,0.9999999999999999,0.7389333209203621
Qwen-Thinking,RPmz2sHmrrY_case_0035,RPmz2sHmrrY,multi,5,scored,19,0.9999999999999997,0.6423361018860759
Qwen-Instant,RPmz2sHmrrY_case_0035,RPmz2sHmrrY,multi,5,scored,19,0.9999999999999993,0.4923387538249472
Gemma-Instant,RPmz2sHmrrY_case_0035,RPmz2sHmrrY,multi,5,scored,19,0.9999999999999999,0.6743754668026384
GPT-Medium,RPmz2sHmrrY_case_0036,RPmz2sHmrrY,multi,7,scored,19,1.0000000000000002,0.6017909942234931
Qwen-Thinking,RPmz2sHmrrY_case_0036,RPmz2sHmrrY,multi,7,scored,19,1.0,0.5790190809855633
Qwen-Instant,RPmz2sHmrrY_case_0036,RPmz2sHmrrY,multi,7,scored,19,1.0000000000000004,0.5423946102875427
Gemma-Instant,RPmz2sHmrrY_case_0036,RPmz2sHmrrY,multi,7,scored,19,1.0000000000000009,0.6533257892678941
GPT-Medium,RPmz2sHmrrY_case_0038,RPmz2sHmrrY,multi,0,scored,17,1.0000000000000002,0.655725200431359
Qwen-Thinking,RPmz2sHmrrY_case_0038,RPmz2sHmrrY,multi,0,scored,17,1.0000000000000004,0.6167058952219686
Qwen-Instant,RPmz2sHmrrY_case_0038,RPmz2sHmrrY,multi,0,scored,17,1.0000000000000002,0.5474291495114163
Gemma-Instant,RPmz2sHmrrY_case_0038,RPmz2sHmrrY,multi,0,scored,17,1.0000000000000004,0.2822814913674767
GPT-Medium,RPmz2sHmrrY_case_0038,RPmz2sHmrrY,multi,2,scored,17,1.0,0.9449845591601569
Qwen-Thinking,RPmz2sHmrrY_case_0038,RPmz2sHmrrY,multi,2,scored,17,1.0000000000000002,0.7654874667901873
Qwen-Instant,RPmz2sHmrrY_case_0038,RPmz2sHmrrY,multi,2,scored,17,0.9999999999999996,0.6834780337548072
Gemma-Instant,RPmz2sHmrrY_case_0038,RPmz2sHmrrY,multi,2,scored,17,1.0000000000000004,0.9558894053565886
GPT-Medium,RPmz2sHmrrY_case_0038,RPmz2sHmrrY,multi,5,scored,17,1.0,0.7242732963077306
Qwen-Thinking,RPmz2sHmrrY_case_0038,RPmz2sHmrrY,multi,5,scored,17,1.0,0.624457003162572
Qwen-Instant,RPmz2sHmrrY_case_0038,RPmz2sHmrrY,multi,5,scored,17,0.9999999999999997,0.5766366697929727
Gemma-Instant,RPmz2sHmrrY_case_0038,RPmz2sHmrrY,multi,5,scored,17,0.9999999999999996,0.5964835515838771
GPT-Medium,RPmz2sHmrrY_case_0039,RPmz2sHmrrY,multi,0,scored,17,0.9999999999999999,0.682251125543721
Qwen-Thinking,RPmz2sHmrrY_case_0039,RPmz2sHmrrY,multi,0,scored,17,1.0,0.8077369059897094
Qwen-Instant,RPmz2sHmrrY_case_0039,RPmz2sHmrrY,multi,0,scored,17,1.0,0.6967083730628632
Gemma-Instant,RPmz2sHmrrY_case_0039,RPmz2sHmrrY,multi,0,scored,17,1.0000000000000002,0.5496705253620042
GPT-Medium,RPmz2sHmrrY_case_0039,RPmz2sHmrrY,multi,1,scored,17,1.0,0.6801066362984403
Qwen-Thinking,RPmz2sHmrrY_case_0039,RPmz2sHmrrY,multi,1,scored,17,1.0,0.8077369059897094
Qwen-Instant,RPmz2sHmrrY_case_0039,RPmz2sHmrrY,multi,1,scored,17,1.0000000000000004,0.6623022065484643
Gemma-Instant,RPmz2sHmrrY_case_0039,RPmz2sHmrrY,multi,1,scored,17,1.0000000000000002,0.5496705253620042
GPT-Medium,RPmz2sHmrrY_case_0039,RPmz2sHmrrY,multi,5,scored,17,1.0,0.7102358623910313
Qwen-Thinking,RPmz2sHmrrY_case_0039,RPmz2sHmrrY,multi,5,scored,17,1.0,0.6622315410252338
Qwen-Instant,RPmz2sHmrrY_case_0039,RPmz2sHmrrY,multi,5,scored,17,1.0000000000000002,0.5715589377547753
Gemma-Instant,RPmz2sHmrrY_case_0039,RPmz2sHmrrY,multi,5,scored,17,0.9999999999999999,0.557927036420568
GPT-Medium,RPmz2sHmrrY_case_0040,RPmz2sHmrrY,multi,0,scored,20,1.0,0.5977453868917966
Qwen-Thinking,RPmz2sHmrrY_case_0040,RPmz2sHmrrY,multi,0,scored,20,1.0,0.8780024594720637
Qwen-Instant,RPmz2sHmrrY_case_0040,RPmz2sHmrrY,multi,0,scored,20,0.9999999999999991,0.601826096854724
Gemma-Instant,RPmz2sHmrrY_case_0040,RPmz2sHmrrY,multi,0,scored,20,1.0000000000000004,0.7870232429043772
GPT-Medium,RPmz2sHmrrY_case_0040,RPmz2sHmrrY,multi,2,scored,20,0.9999999999999999,0.8991163369890228
Qwen-Thinking,RPmz2sHmrrY_case_0040,RPmz2sHmrrY,multi,2,scored,20,1.0000000000000004,0.9114645545538346
Qwen-Instant,RPmz2sHmrrY_case_0040,RPmz2sHmrrY,multi,2,scored,20,1.0000000000000004,0.8587491490507101
Gemma-Instant,RPmz2sHmrrY_case_0040,RPmz2sHmrrY,multi,2,scored,20,1.000000000000001,0.860937568639582
GPT-Medium,RPmz2sHmrrY_case_0040,RPmz2sHmrrY,multi,5,scored,20,0.9999999999999999,0.7139213253435658
Qwen-Thinking,RPmz2sHmrrY_case_0040,RPmz2sHmrrY,multi,5,scored,20,0.9999999999999996,0.42584042835296554
Qwen-Instant,RPmz2sHmrrY_case_0040,RPmz2sHmrrY,multi,5,scored,20,1.0,0.6013954132236405
Gemma-Instant,RPmz2sHmrrY_case_0040,RPmz2sHmrrY,multi,5,scored,20,1.0,0.5843557991647936
GPT-Medium,RPmz2sHmrrY_case_0040,RPmz2sHmrrY,multi,7,scored,20,1.0000000000000002,0.6579784337156851
Qwen-Thinking,RPmz2sHmrrY_case_0040,RPmz2sHmrrY,multi,7,scored,20,1.0000000000000002,0.36327735103844816
Qwen-Instant,RPmz2sHmrrY_case_0040,RPmz2sHmrrY,multi,7,scored,20,1.0,0.5683003093927899
Gemma-Instant,RPmz2sHmrrY_case_0040,RPmz2sHmrrY,multi,7,scored,20,1.0,0.5521983941991411
GPT-Medium,17DRP5sb8fy_case_0001,17DRP5sb8fy,single,0,scored,2,1.0,0.3880706664503597
Qwen-Thinking,17DRP5sb8fy_case_0001,17DRP5sb8fy,single,0,scored,2,1.0,0.37186214447568866
Qwen-Instant,17DRP5sb8fy_case_0001,17DRP5sb8fy,single,0,scored,2,1.0,0.32728870904534313
Gemma-Instant,17DRP5sb8fy_case_0001,17DRP5sb8fy,single,0,zero_no_model_generated_location_distribution,0,0,0.0
GPT-Medium,17DRP5sb8fy_case_0002,17DRP5sb8fy,single,4,scored,6,0.9999999999999999,0.4449074824370862
Qwen-Thinking,17DRP5sb8fy_case_0002,17DRP5sb8fy,single,4,scored,6,0.9999999999999999,0.46584290930855965
Qwen-Instant,17DRP5sb8fy_case_0002,17DRP5sb8fy,single,4,scored,6,1.0000000000000002,0.43902106835337407
Gemma-Instant,17DRP5sb8fy_case_0002,17DRP5sb8fy,single,4,scored,6,0.9999999999999999,0.46584290930855965
GPT-Medium,17DRP5sb8fy_case_0003,17DRP5sb8fy,single,2,scored,8,1.0000000000000002,0.19818438069805477
Qwen-Thinking,17DRP5sb8fy_case_0003,17DRP5sb8fy,single,2,scored,8,0.9999999999999997,0.22232204587443838
Qwen-Instant,17DRP5sb8fy_case_0003,17DRP5sb8fy,single,2,scored,8,0.9999999999999998,0.2277751527740275
Gemma-Instant,17DRP5sb8fy_case_0003,17DRP5sb8fy,single,2,scored,8,1.0000000000000002,0.2877737657973406
GPT-Medium,17DRP5sb8fy_case_0003,17DRP5sb8fy,single,5,scored,8,0.9999999999999997,0.5148244298876674
Qwen-Thinking,17DRP5sb8fy_case_0003,17DRP5sb8fy,single,5,scored,8,0.9999999999999998,0.3080738098950313
Qwen-Instant,17DRP5sb8fy_case_0003,17DRP5sb8fy,single,5,scored,8,0.9999999999999999,0.3645069125443222
Gemma-Instant,17DRP5sb8fy_case_0003,17DRP5sb8fy,single,5,scored,8,1.0,0.39519800370710323
GPT-Medium,17DRP5sb8fy_case_0003,17DRP5sb8fy,single,6,scored,8,1.0,0.9979246346926529
Qwen-Thinking,17DRP5sb8fy_case_0003,17DRP5sb8fy,single,6,scored,8,0.9999999999999998,0.9628841831189737
Qwen-Instant,17DRP5sb8fy_case_0003,17DRP5sb8fy,single,6,scored,8,1.0,0.9212563635955772
Gemma-Instant,17DRP5sb8fy_case_0003,17DRP5sb8fy,single,6,scored,8,1.0,0.8886525493569211
GPT-Medium,17DRP5sb8fy_case_0003,17DRP5sb8fy,single,7,scored,8,1.0000000000000002,0.9923516636487212
Qwen-Thinking,17DRP5sb8fy_case_0003,17DRP5sb8fy,single,7,scored,8,1.0000000000000004,0.988583898244505
Qwen-Instant,17DRP5sb8fy_case_0003,17DRP5sb8fy,single,7,scored,8,1.0,0.9773544144892536
Gemma-Instant,17DRP5sb8fy_case_0003,17DRP5sb8fy,single,7,scored,8,1.0000000000000002,0.9076552946039074
GPT-Medium,17DRP5sb8fy_case_0004,17DRP5sb8fy,single,0,scored,3,1.0,0.1974090869836953
Qwen-Thinking,17DRP5sb8fy_case_0004,17DRP5sb8fy,single,0,scored,3,0.9999999999999999,0.1938282685500614
Qwen-Instant,17DRP5sb8fy_case_0004,17DRP5sb8fy,single,0,scored,3,1.0,0.16853308461988248
Gemma-Instant,17DRP5sb8fy_case_0004,17DRP5sb8fy,single,0,scored,3,1.0,0.17074838780414003
GPT-Medium,17DRP5sb8fy_case_0004,17DRP5sb8fy,single,2,scored,3,1.0,0.20157561037162963
Qwen-Thinking,17DRP5sb8fy_case_0004,17DRP5sb8fy,single,2,scored,3,1.0,0.17165341429926384
Qwen-Instant,17DRP5sb8fy_case_0004,17DRP5sb8fy,single,2,scored,3,1.0,0.1828377890360805
Gemma-Instant,17DRP5sb8fy_case_0004,17DRP5sb8fy,single,2,scored,3,1.0000000000000002,0.19029403886062501
GPT-Medium,17DRP5sb8fy_case_0004,17DRP5sb8fy,single,5,scored,3,1.0,0.14041757947344125
Qwen-Thinking,17DRP5sb8fy_case_0004,17DRP5sb8fy,single,5,scored,3,1.0,0.21013155552427576
Qwen-Instant,17DRP5sb8fy_case_0004,17DRP5sb8fy,single,5,scored,3,1.0,0.21013155552427576
Gemma-Instant,17DRP5sb8fy_case_0004,17DRP5sb8fy,single,5,scored,3,1.0,0.18965230830980517
GPT-Medium,17DRP5sb8fy_case_0005,17DRP5sb8fy,single,1,scored,1,1.0,0.07381612097196955
Qwen-Thinking,17DRP5sb8fy_case_0005,17DRP5sb8fy,single,1,scored,1,1.0,0.07381612097196955
Qwen-Instant,17DRP5sb8fy_case_0005,17DRP5sb8fy,single,1,scored,1,1.0,0.07381612097196955
Gemma-Instant,17DRP5sb8fy_case_0005,17DRP5sb8fy,single,1,scored,1,1.0,0.07381612097196955
GPT-Medium,17DRP5sb8fy_case_0005,17DRP5sb8fy,single,2,scored,1,1.0,0.07381612097196955
Qwen-Thinking,17DRP5sb8fy_case_0005,17DRP5sb8fy,single,2,scored,1,1.0,0.07381612097196955
Qwen-Instant,17DRP5sb8fy_case_0005,17DRP5sb8fy,single,2,scored,1,1.0,0.07381612097196955
Gemma-Instant,17DRP5sb8fy_case_0005,17DRP5sb8fy,single,2,scored,1,1.0,0.07381612097196955
GPT-Medium,17DRP5sb8fy_case_0005,17DRP5sb8fy,single,3,scored,1,1.0,0.7677741755449227
Qwen-Thinking,17DRP5sb8fy_case_0005,17DRP5sb8fy,single,3,scored,1,1.0,0.7677741755449227
Qwen-Instant,17DRP5sb8fy_case_0005,17DRP5sb8fy,single,3,scored,1,1.0,0.7677741755449227
Gemma-Instant,17DRP5sb8fy_case_0005,17DRP5sb8fy,single,3,scored,1,1.0,0.7677741755449227
GPT-Medium,17DRP5sb8fy_case_0005,17DRP5sb8fy,single,4,scored,1,1.0,0.8415734645110088
Qwen-Thinking,17DRP5sb8fy_case_0005,17DRP5sb8fy,single,4,scored,1,1.0,0.8415734645110088
Qwen-Instant,17DRP5sb8fy_case_0005,17DRP5sb8fy,single,4,scored,1,1.0,0.8415734645110088
Gemma-Instant,17DRP5sb8fy_case_0005,17DRP5sb8fy,single,4,scored,1,1.0,0.8415734645110088
GPT-Medium,17DRP5sb8fy_case_0005,17DRP5sb8fy,single,5,scored,1,1.0,0.10137124059483682
Qwen-Thinking,17DRP5sb8fy_case_0005,17DRP5sb8fy,single,5,scored,1,1.0,0.10137124059483682
Qwen-Instant,17DRP5sb8fy_case_0005,17DRP5sb8fy,single,5,scored,1,1.0,0.10137124059483682
Gemma-Instant,17DRP5sb8fy_case_0005,17DRP5sb8fy,single,5,scored,1,1.0,0.10137124059483682
GPT-Medium,17DRP5sb8fy_case_0005,17DRP5sb8fy,single,7,scored,1,1.0,0.6532131522272804
Qwen-Thinking,17DRP5sb8fy_case_0005,17DRP5sb8fy,single,7,scored,1,1.0,0.6532131522272804
Qwen-Instant,17DRP5sb8fy_case_0005,17DRP5sb8fy,single,7,scored,1,1.0,0.6532131522272804
Gemma-Instant,17DRP5sb8fy_case_0005,17DRP5sb8fy,single,7,scored,1,1.0,0.6532131522272804
GPT-Medium,17DRP5sb8fy_case_0006,17DRP5sb8fy,single,1,scored,2,1.0,0.5868860298019241
Qwen-Thinking,17DRP5sb8fy_case_0006,17DRP5sb8fy,single,1,scored,2,1.0,0.5584907908949681
Qwen-Instant,17DRP5sb8fy_case_0006,17DRP5sb8fy,single,1,scored,2,1.0,0.5465518836272707
Gemma-Instant,17DRP5sb8fy_case_0006,17DRP5sb8fy,single,1,scored,2,1.0,0.5863482411862619
GPT-Medium,17DRP5sb8fy_case_0033,17DRP5sb8fy,multi,3,scored,11,1.0,0.7919418968259508
Qwen-Thinking,17DRP5sb8fy_case_0033,17DRP5sb8fy,multi,3,scored,11,0.9999999999999998,0.6936174506190957
Qwen-Instant,17DRP5sb8fy_case_0033,17DRP5sb8fy,multi,3,scored,11,0.9999999999999999,0.6949313197340763
Gemma-Instant,17DRP5sb8fy_case_0033,17DRP5sb8fy,multi,3,scored,11,1.0000000000000002,0.6564140119859687
GPT-Medium,17DRP5sb8fy_case_0033,17DRP5sb8fy,multi,5,scored,11,0.9999999999999999,0.8343638969522197
Qwen-Thinking,17DRP5sb8fy_case_0033,17DRP5sb8fy,multi,5,scored,11,1.0000000000000002,0.6592858043392731
Qwen-Instant,17DRP5sb8fy_case_0033,17DRP5sb8fy,multi,5,scored,11,1.0,0.40078057569876246
Gemma-Instant,17DRP5sb8fy_case_0033,17DRP5sb8fy,multi,5,scored,11,1.0000000000000002,0.6592858043392731
GPT-Medium,17DRP5sb8fy_case_0034,17DRP5sb8fy,multi,0,scored,11,1.0000000000000002,0.9797252826913792
Qwen-Thinking,17DRP5sb8fy_case_0034,17DRP5sb8fy,multi,0,scored,11,0.9999999999999998,0.8483917477632801
Qwen-Instant,17DRP5sb8fy_case_0034,17DRP5sb8fy,multi,0,scored,11,1.0000000000000002,0.8161368832422915
Gemma-Instant,17DRP5sb8fy_case_0034,17DRP5sb8fy,multi,0,scored,11,0.9999999999999996,0.8610001858719276
GPT-Medium,17DRP5sb8fy_case_0034,17DRP5sb8fy,multi,5,scored,11,0.9999999999999999,0.7747174924504383
Qwen-Thinking,17DRP5sb8fy_case_0034,17DRP5sb8fy,multi,5,scored,11,1.0000000000000004,0.8651362742743212
Qwen-Instant,17DRP5sb8fy_case_0034,17DRP5sb8fy,multi,5,scored,11,1.0,0.6698403042900802
Gemma-Instant,17DRP5sb8fy_case_0034,17DRP5sb8fy,multi,5,scored,11,1.0000000000000004,0.7061839242115886
GPT-Medium,17DRP5sb8fy_case_0035,17DRP5sb8fy,multi,0,scored,13,1.0,0.9426187301358153
Qwen-Thinking,17DRP5sb8fy_case_0035,17DRP5sb8fy,multi,0,scored,13,1.0,0.8837589881866887
Qwen-Instant,17DRP5sb8fy_case_0035,17DRP5sb8fy,multi,0,scored,13,1.0000000000000002,0.8891655468756798
Gemma-Instant,17DRP5sb8fy_case_0035,17DRP5sb8fy,multi,0,scored,13,1.0000000000000004,0.9684378709645975
GPT-Medium,17DRP5sb8fy_case_0035,17DRP5sb8fy,multi,1,scored,13,1.0000000000000002,0.8832783624709357
Qwen-Thinking,17DRP5sb8fy_case_0035,17DRP5sb8fy,multi,1,scored,13,1.0,0.8585618140104601
Qwen-Instant,17DRP5sb8fy_case_0035,17DRP5sb8fy,multi,1,scored,13,1.0000000000000002,0.7235290308459336
Gemma-Instant,17DRP5sb8fy_case_0035,17DRP5sb8fy,multi,1,scored,13,1.0000000000000004,0.8198897286026037
GPT-Medium,17DRP5sb8fy_case_0035,17DRP5sb8fy,multi,5,scored,13,1.0,0.9021753963424213
Qwen-Thinking,17DRP5sb8fy_case_0035,17DRP5sb8fy,multi,5,scored,13,0.9999999999999996,0.8488218157048547
Qwen-Instant,17DRP5sb8fy_case_0035,17DRP5sb8fy,multi,5,scored,13,0.9999999999999998,0.6875650857900331
Gemma-Instant,17DRP5sb8fy_case_0035,17DRP5sb8fy,multi,5,scored,13,1.0000000000000004,0.7881768133739021
GPT-Medium,17DRP5sb8fy_case_0038,17DRP5sb8fy,multi,1,scored,6,1.0000000000000002,0.812493348001519
Qwen-Thinking,17DRP5sb8fy_case_0038,17DRP5sb8fy,multi,1,scored,6,1.0,0.7935245507037918
Qwen-Instant,17DRP5sb8fy_case_0038,17DRP5sb8fy,multi,1,scored,6,0.9999999999999996,0.6427676043414594
Gemma-Instant,17DRP5sb8fy_case_0038,17DRP5sb8fy,multi,1,scored,6,1.0000000000000002,0.6688164316857471
GPT-Medium,17DRP5sb8fy_case_0038,17DRP5sb8fy,multi,4,scored,6,1.0,0.07275855236038753
Qwen-Thinking,17DRP5sb8fy_case_0038,17DRP5sb8fy,multi,4,scored,6,0.9999999999999999,0.060756901215618275
Qwen-Instant,17DRP5sb8fy_case_0038,17DRP5sb8fy,multi,4,scored,6,0.9999999999999998,0.27958823343207173
Gemma-Instant,17DRP5sb8fy_case_0038,17DRP5sb8fy,multi,4,scored,6,0.9999999999999997,0.20174343616760004
GPT-Medium,17DRP5sb8fy_case_0039,17DRP5sb8fy,multi,4,scored,13,1.0000000000000002,0.4382532710609882
Qwen-Thinking,17DRP5sb8fy_case_0039,17DRP5sb8fy,multi,4,scored,13,0.9999999999999998,0.4902276929800563
Qwen-Instant,17DRP5sb8fy_case_0039,17DRP5sb8fy,multi,4,scored,13,0.9999999999999996,0.537947195496884
Gemma-Instant,17DRP5sb8fy_case_0039,17DRP5sb8fy,multi,4,scored,13,1.0,0.4196389740985813
GPT-Medium,17DRP5sb8fy_case_0039,17DRP5sb8fy,multi,6,scored,13,1.0,0.4128278197348876
Qwen-Thinking,17DRP5sb8fy_case_0039,17DRP5sb8fy,multi,6,scored,13,1.0000000000000004,0.4954429766131315
Qwen-Instant,17DRP5sb8fy_case_0039,17DRP5sb8fy,multi,6,scored,13,1.0,0.37536576215926165
Gemma-Instant,17DRP5sb8fy_case_0039,17DRP5sb8fy,multi,6,scored,13,0.9999999999999998,0.44747010894787653
GPT-Medium,17DRP5sb8fy_case_0040,17DRP5sb8fy,multi,1,scored,12,1.0000000000000002,0.612950475445549
Qwen-Thinking,17DRP5sb8fy_case_0040,17DRP5sb8fy,multi,1,scored,12,1.0000000000000002,0.4276048565304802
Qwen-Instant,17DRP5sb8fy_case_0040,17DRP5sb8fy,multi,1,scored,12,1.0,0.5213196767612158
Gemma-Instant,17DRP5sb8fy_case_0040,17DRP5sb8fy,multi,1,scored,12,0.9999999999999998,0.7802976987981582
GPT-Medium,17DRP5sb8fy_case_0040,17DRP5sb8fy,multi,3,scored,12,1.0000000000000002,0.9400926675697051
Qwen-Thinking,17DRP5sb8fy_case_0040,17DRP5sb8fy,multi,3,scored,12,1.0000000000000002,0.7425038486714404
Qwen-Instant,17DRP5sb8fy_case_0040,17DRP5sb8fy,multi,3,scored,12,1.0000000000000002,0.7425038486714404
Gemma-Instant,17DRP5sb8fy_case_0040,17DRP5sb8fy,multi,3,scored,12,1.0000000000000004,0.9364247625535773
GPT-Medium,17DRP5sb8fy_case_0040,17DRP5sb8fy,multi,4,scored,12,1.0,0.44825773609980746
Qwen-Thinking,17DRP5sb8fy_case_0040,17DRP5sb8fy,multi,4,scored,12,0.9999999999999996,0.42494539099336714
Qwen-Instant,17DRP5sb8fy_case_0040,17DRP5sb8fy,multi,4,scored,12,0.9999999999999998,0.5787181597098083
Gemma-Instant,17DRP5sb8fy_case_0040,17DRP5sb8fy,multi,4,scored,12,0.9999999999999998,0.1148005237939479
GPT-Medium,17DRP5sb8fy_case_0040,17DRP5sb8fy,multi,5,scored,12,1.0000000000000002,0.7755858038733229
Qwen-Thinking,17DRP5sb8fy_case_0040,17DRP5sb8fy,multi,5,scored,12,1.0000000000000002,0.5506358008456501
Qwen-Instant,17DRP5sb8fy_case_0040,17DRP5sb8fy,multi,5,scored,12,0.9999999999999998,0.698530423850392
Gemma-Instant,17DRP5sb8fy_case_0040,17DRP5sb8fy,multi,5,scored,12,0.9999999999999999,0.5451196288577942
GPT-Medium,17DRP5sb8fy_case_0040,17DRP5sb8fy,multi,7,scored,12,1.0,0.9797252522164623
Qwen-Thinking,17DRP5sb8fy_case_0040,17DRP5sb8fy,multi,7,scored,12,0.9999999999999998,0.8279521564120867
Qwen-Instant,17DRP5sb8fy_case_0040,17DRP5sb8fy,multi,7,scored,12,0.9999999999999998,0.8365545485914825
Gemma-Instant,17DRP5sb8fy_case_0040,17DRP5sb8fy,multi,7,scored,12,1.0,0.9394554639982077
GPT-Medium,17DRP5sb8fy_case_0041,17DRP5sb8fy,multi,5,scored,8,1.0,0.7109226561312267
Qwen-Thinking,17DRP5sb8fy_case_0041,17DRP5sb8fy,multi,5,scored,8,1.0000000000000002,0.6819816343406049
Qwen-Instant,17DRP5sb8fy_case_0041,17DRP5sb8fy,multi,5,scored,8,1.0,0.6164980030045673
Gemma-Instant,17DRP5sb8fy_case_0041,17DRP5sb8fy,multi,5,scored,8,1.0,0.7127561852945699
GPT-Medium,17DRP5sb8fy_case_0043,17DRP5sb8fy,multi,3,scored,6,1.0,0.7311248027295681
Qwen-Thinking,17DRP5sb8fy_case_0043,17DRP5sb8fy,multi,3,scored,6,1.0000000000000002,0.5981201995745025
Qwen-Instant,17DRP5sb8fy_case_0043,17DRP5sb8fy,multi,3,scored,6,0.9999999999999998,0.6322124872226648
Gemma-Instant,17DRP5sb8fy_case_0043,17DRP5sb8fy,multi,3,scored,6,1.0,0.6913702734120856
GPT-Medium,17DRP5sb8fy_case_0043,17DRP5sb8fy,multi,5,scored,6,1.0,0.7689501666040925
Qwen-Thinking,17DRP5sb8fy_case_0043,17DRP5sb8fy,multi,5,scored,6,1.0000000000000002,0.6564080954015461
Qwen-Instant,17DRP5sb8fy_case_0043,17DRP5sb8fy,multi,5,scored,6,1.0000000000000002,0.6564080954015461
Gemma-Instant,17DRP5sb8fy_case_0043,17DRP5sb8fy,multi,5,scored,6,0.9999999999999999,0.6275102692496297
GPT-Medium,17DRP5sb8fy_case_0044,17DRP5sb8fy,multi,4,scored,8,1.0,0.08531464766002272
Qwen-Thinking,17DRP5sb8fy_case_0044,17DRP5sb8fy,multi,4,scored,8,0.9999999999999999,0.15468876433157142
Qwen-Instant,17DRP5sb8fy_case_0044,17DRP5sb8fy,multi,4,scored,8,1.0,0.20794652524171464
Gemma-Instant,17DRP5sb8fy_case_0044,17DRP5sb8fy,multi,4,scored,8,1.0000000000000002,0.08207667928115026
GPT-Medium,17DRP5sb8fy_case_0044,17DRP5sb8fy,multi,5,scored,8,1.0,0.7751812988123743
Qwen-Thinking,17DRP5sb8fy_case_0044,17DRP5sb8fy,multi,5,scored,8,1.0000000000000002,0.6100575594423754
Qwen-Instant,17DRP5sb8fy_case_0044,17DRP5sb8fy,multi,5,scored,8,1.0,0.6009688089855156
Gemma-Instant,17DRP5sb8fy_case_0044,17DRP5sb8fy,multi,5,scored,8,1.0,0.6064361449471574
GPT-Medium,17DRP5sb8fy_case_0045,17DRP5sb8fy,multi,1,scored,6,1.0,0.8023914632021162
Qwen-Thinking,17DRP5sb8fy_case_0045,17DRP5sb8fy,multi,1,scored,6,1.0000000000000002,0.5118856423689642
Qwen-Instant,17DRP5sb8fy_case_0045,17DRP5sb8fy,multi,1,scored,6,0.9999999999999999,0.6415877886306882
Gemma-Instant,17DRP5sb8fy_case_0045,17DRP5sb8fy,multi,1,scored,6,0.9999999999999998,0.6852625322967435
GPT-Medium,17DRP5sb8fy_case_0045,17DRP5sb8fy,multi,3,scored,6,0.9999999999999999,0.7298864665046796
Qwen-Thinking,17DRP5sb8fy_case_0045,17DRP5sb8fy,multi,3,scored,6,1.0000000000000002,0.4876940275814249
Qwen-Instant,17DRP5sb8fy_case_0045,17DRP5sb8fy,multi,3,scored,6,0.9999999999999998,0.6267029452182811
Gemma-Instant,17DRP5sb8fy_case_0045,17DRP5sb8fy,multi,3,scored,6,1.0,0.6050392177943553
GPT-Medium,17DRP5sb8fy_case_0045,17DRP5sb8fy,multi,4,scored,6,1.0,0.08910118551100177
Qwen-Thinking,17DRP5sb8fy_case_0045,17DRP5sb8fy,multi,4,scored,6,1.0000000000000002,0.4186486043423465
Qwen-Instant,17DRP5sb8fy_case_0045,17DRP5sb8fy,multi,4,scored,6,1.0,0.26437185836304833
Gemma-Instant,17DRP5sb8fy_case_0045,17DRP5sb8fy,multi,4,scored,6,0.9999999999999998,0.21096836937021435
GPT-Medium,17DRP5sb8fy_case_0045,17DRP5sb8fy,multi,5,scored,6,0.9999999999999999,0.7000867974952559
Qwen-Thinking,17DRP5sb8fy_case_0045,17DRP5sb8fy,multi,5,scored,6,1.0000000000000002,0.6297866941419994
Qwen-Instant,17DRP5sb8fy_case_0045,17DRP5sb8fy,multi,5,scored,6,1.0000000000000002,0.5378713781989825
Gemma-Instant,17DRP5sb8fy_case_0045,17DRP5sb8fy,multi,5,scored,6,0.9999999999999999,0.5042944445371251
