method,case_id,scan_id,agent_group,agent_number,target_number,evaluation_status,pwgs_pair_count,geodesic_ndcg_at_5_pair_count,empty_support_count,valid_hypothesis_snapshot_count,invalid_hypothesis_snapshot_count,episode_pwgs,episode_geodesic_ndcg_at_5,in_common_support,edge_jnll_status,ungrounded_edge_candidate_count
GPT-Medium,r47D5H71a5s_case_0007,r47D5H71a5s,single,1,1,evaluable,21,21,0,22,0,0.3292930554882511,0.8891613372638975,1,not_estimable_no_ungrounded_predictions,0
GPT-Medium,r47D5H71a5s_case_0008,r47D5H71a5s,single,1,4,evaluable,29,29,0,19,0,0.6331390947265751,0.8050599398059228,1,not_estimable_no_ungrounded_predictions,0
GPT-Medium,r47D5H71a5s_case_0009,r47D5H71a5s,single,1,4,evaluable,77,77,0,29,0,0.5000490026101407,0.9357489775901795,1,not_estimable_no_ungrounded_predictions,0
GPT-Medium,r47D5H71a5s_case_0010,r47D5H71a5s,single,1,8,evaluable,89,89,0,29,0,0.5496069785096539,0.848578931958572,1,not_estimable_no_ungrounded_predictions,0
GPT-Medium,r47D5H71a5s_case_0011,r47D5H71a5s,single,1,1,evaluable,2,2,0,3,0,0.5807115518162842,0.9992117180214644,1,not_estimable_no_ungrounded_predictions,0
GPT-Medium,r47D5H71a5s_case_0012,r47D5H71a5s,single,1,1,evaluable,8,8,0,9,0,0.42826391855519896,0.9201414745992226,1,not_estimable_no_ungrounded_predictions,0
GPT-Medium,r47D5H71a5s_case_0013,r47D5H71a5s,single,1,4,evaluable,83,83,0,29,0,0.4780783060528262,0.704189805690108,1,not_estimable_no_ungrounded_predictions,0
GPT-Medium,r47D5H71a5s_case_0014,r47D5H71a5s,single,1,4,evaluable,52,52,0,29,0,0.532953414126243,0.7678132264555882,1,not_estimable_no_ungrounded_predictions,0
GPT-Medium,r47D5H71a5s_case_0015,r47D5H71a5s,single,1,8,evaluable,81,81,0,26,0,0.47816342677805596,0.7399073506756717,1,not_estimable_no_ungrounded_predictions,0
GPT-Medium,r47D5H71a5s_case_0016,r47D5H71a5s,multi,3,1,evaluable,4,4,0,5,0,0.26153989995452276,0.599372280258313,1,not_estimable_no_ungrounded_predictions,0
GPT-Medium,r47D5H71a5s_case_0017,r47D5H71a5s,multi,3,1,evaluable,6,6,0,7,0,0.4807852614294236,0.8121526899199659,1,not_estimable_no_ungrounded_predictions,0
GPT-Medium,r47D5H71a5s_case_0018,r47D5H71a5s,multi,3,4,evaluable,12,12,0,11,0,0.7128672590896769,0.7569589904682869,1,not_estimable_no_ungrounded_predictions,0
GPT-Medium,r47D5H71a5s_case_0019,r47D5H71a5s,multi,3,4,evaluable,11,11,0,10,0,0.35976384795091504,0.6267449463647106,1,not_estimable_no_ungrounded_predictions,0
GPT-Medium,r47D5H71a5s_case_0020,r47D5H71a5s,multi,3,8,evaluable,37,37,0,10,0,0.5714263087965895,0.7051054160815898,1,not_estimable_no_ungrounded_predictions,0
GPT-Medium,r47D5H71a5s_case_0036,r47D5H71a5s,multi,5,1,evaluable,2,2,0,3,0,0.575641200848001,0.5358053230222344,1,not_estimable_no_ungrounded_predictions,0
GPT-Medium,r47D5H71a5s_case_0041,r47D5H71a5s,multi,5,1,not_applicable_no_target_hypothesis,0,0,0,1,0,,,0,not_estimable_no_ungrounded_predictions,0
GPT-Medium,r47D5H71a5s_case_0042,r47D5H71a5s,multi,5,1,not_applicable_no_target_hypothesis,0,0,0,1,0,,,0,not_estimable_no_ungrounded_predictions,0
GPT-Medium,r47D5H71a5s_case_0043,r47D5H71a5s,multi,5,4,evaluable,4,4,0,5,0,0.6671042379705234,0.7918940636977888,1,not_estimable_no_ungrounded_predictions,0
GPT-Medium,r47D5H71a5s_case_0044,r47D5H71a5s,multi,5,4,evaluable,3,3,0,3,0,0.6800516638132802,0.8822275569718102,1,not_estimable_no_ungrounded_predictions,0
GPT-Medium,r47D5H71a5s_case_0045,r47D5H71a5s,multi,5,8,evaluable,15,15,0,6,0,0.7108273893045243,0.7867159428356804,1,not_estimable_no_ungrounded_predictions,0
GPT-Medium,zsNo4HB9uLZ_case_0001,zsNo4HB9uLZ,single,1,1,invalid_artifact,25,25,0,26,1,,,0,not_estimable_no_ungrounded_predictions,0
GPT-Medium,zsNo4HB9uLZ_case_0002,zsNo4HB9uLZ,single,1,1,evaluable,6,6,0,7,0,0.3718923115476603,0.9650797783157826,0,not_estimable_no_ungrounded_predictions,0
GPT-Medium,zsNo4HB9uLZ_case_0003,zsNo4HB9uLZ,single,1,4,evaluable,116,116,0,29,0,0.6832716090434602,0.8796631108461207,1,not_estimable_no_ungrounded_predictions,0
GPT-Medium,zsNo4HB9uLZ_case_0004,zsNo4HB9uLZ,single,1,4,evaluable,69,69,0,29,0,0.44286498342069436,0.8513971585959971,1,not_estimable_no_ungrounded_predictions,0
GPT-Medium,zsNo4HB9uLZ_case_0005,zsNo4HB9uLZ,single,1,8,evaluable,34,34,0,12,0,0.5717277547094147,0.790264440501131,1,not_estimable_no_ungrounded_predictions,0
GPT-Medium,zsNo4HB9uLZ_case_0006,zsNo4HB9uLZ,single,1,1,evaluable,12,12,0,13,0,0.7502746482692308,0.9048252959143932,1,not_estimable_no_ungrounded_predictions,0
GPT-Medium,zsNo4HB9uLZ_case_0008,zsNo4HB9uLZ,single,1,4,evaluable,16,16,0,7,0,0.7695135563173401,0.9375071960147411,1,not_estimable_no_ungrounded_predictions,0
GPT-Medium,zsNo4HB9uLZ_case_0009,zsNo4HB9uLZ,single,1,4,evaluable,116,116,0,29,0,0.4277450294991426,0.698092836323185,1,not_estimable_no_ungrounded_predictions,0
GPT-Medium,zsNo4HB9uLZ_case_0010,zsNo4HB9uLZ,single,1,8,evaluable,84,84,0,29,0,0.4469081998769151,0.732791780220826,1,not_estimable_no_ungrounded_predictions,0
GPT-Medium,zsNo4HB9uLZ_case_0011,zsNo4HB9uLZ,single,1,1,evaluable,15,15,0,16,0,0.31628269117094665,0.8573543395628397,1,not_estimable_no_ungrounded_predictions,0
GPT-Medium,zsNo4HB9uLZ_case_0012,zsNo4HB9uLZ,single,1,1,evaluable,3,3,0,4,0,0.7245631691055024,0.9997260773300402,1,not_estimable_no_ungrounded_predictions,0
GPT-Medium,zsNo4HB9uLZ_case_0013,zsNo4HB9uLZ,single,1,4,evaluable,60,60,0,29,0,0.6992763781483086,0.9028005908599129,1,not_estimable_no_ungrounded_predictions,0
GPT-Medium,zsNo4HB9uLZ_case_0014,zsNo4HB9uLZ,single,1,4,evaluable,14,14,0,6,0,0.5934914424531555,0.9138354410880156,1,not_estimable_no_ungrounded_predictions,0
GPT-Medium,zsNo4HB9uLZ_case_0015,zsNo4HB9uLZ,single,1,8,evaluable,32,32,0,11,0,0.7678184387656628,0.9383177108507929,1,not_estimable_no_ungrounded_predictions,0
GPT-Medium,zsNo4HB9uLZ_case_0016,zsNo4HB9uLZ,multi,3,1,evaluable,5,5,0,6,0,0.40701853879367833,0.8231983583868203,1,not_estimable_no_ungrounded_predictions,0
GPT-Medium,zsNo4HB9uLZ_case_0017,zsNo4HB9uLZ,multi,3,1,evaluable,3,3,0,4,0,0.9852676452966459,0.9820578201593161,1,not_estimable_no_ungrounded_predictions,0
GPT-Medium,zsNo4HB9uLZ_case_0018,zsNo4HB9uLZ,multi,3,4,evaluable,14,14,0,8,0,0.701091834263307,0.8435068572572659,1,not_estimable_no_ungrounded_predictions,0
GPT-Medium,zsNo4HB9uLZ_case_0019,zsNo4HB9uLZ,multi,3,4,evaluable,8,8,0,6,0,0.6842214963146698,0.9100804175993378,1,not_estimable_no_ungrounded_predictions,0
GPT-Medium,zsNo4HB9uLZ_case_0020,zsNo4HB9uLZ,multi,3,8,evaluable,33,33,0,8,0,0.6239863075941356,0.7979890102009957,1,not_estimable_no_ungrounded_predictions,0
GPT-Medium,zsNo4HB9uLZ_case_0045,zsNo4HB9uLZ,multi,5,8,evaluable,13,13,0,6,0,0.6493708303199064,0.7742636513449642,1,not_estimable_no_ungrounded_predictions,0
GPT-Medium,JF19kD82Mey_case_0003,JF19kD82Mey,single,1,4,evaluable,36,36,0,29,0,0.7173196876037253,0.9417106983150636,1,not_estimable_no_ungrounded_predictions,0
GPT-Medium,JF19kD82Mey_case_0004,JF19kD82Mey,single,1,4,evaluable,85,85,0,29,0,0.5474658030398795,0.9589278571674271,1,not_estimable_no_ungrounded_predictions,0
GPT-Medium,JF19kD82Mey_case_0006,JF19kD82Mey,single,1,1,evaluable,1,1,0,2,0,0.9917995805135847,1.0,1,not_estimable_no_ungrounded_predictions,0
GPT-Medium,JF19kD82Mey_case_0007,JF19kD82Mey,single,1,1,evaluable,29,29,0,29,0,0.7247972339199088,0.9053476551268586,1,not_estimable_no_ungrounded_predictions,0
GPT-Medium,JF19kD82Mey_case_0016,JF19kD82Mey,multi,3,1,not_applicable_no_target_hypothesis,0,0,0,1,0,,,0,not_estimable_no_ungrounded_predictions,0
GPT-Medium,JF19kD82Mey_case_0018,JF19kD82Mey,multi,3,4,evaluable,13,13,0,9,0,0.7425264527237705,0.9400269938301702,1,not_estimable_no_ungrounded_predictions,0
GPT-Medium,JF19kD82Mey_case_0020,JF19kD82Mey,multi,3,8,evaluable,12,12,0,7,0,0.4720532366783862,0.7773644409554269,1,not_estimable_no_ungrounded_predictions,0
GPT-Medium,JF19kD82Mey_case_0021,JF19kD82Mey,multi,3,1,evaluable,2,2,0,3,0,0.9225981281971039,0.9743611670876038,1,not_estimable_no_ungrounded_predictions,0
GPT-Medium,JF19kD82Mey_case_0022,JF19kD82Mey,multi,3,1,evaluable,1,1,0,2,0,0.5180378680158543,0.8240070259481624,1,not_estimable_no_ungrounded_predictions,0
GPT-Medium,JF19kD82Mey_case_0023,JF19kD82Mey,multi,3,4,evaluable,5,5,0,5,0,0.5006138741084161,0.8227133998954423,1,not_estimable_no_ungrounded_predictions,0
GPT-Medium,JF19kD82Mey_case_0024,JF19kD82Mey,multi,3,4,evaluable,21,21,0,12,0,0.7451130024387604,0.9136229300727808,1,not_estimable_no_ungrounded_predictions,0
GPT-Medium,JF19kD82Mey_case_0025,JF19kD82Mey,multi,3,8,evaluable,33,33,0,12,0,0.7537222387792747,0.8928875675522941,1,not_estimable_no_ungrounded_predictions,0
GPT-Medium,JF19kD82Mey_case_0026,JF19kD82Mey,multi,3,1,not_applicable_no_target_hypothesis,0,0,0,1,0,,,0,not_estimable_no_ungrounded_predictions,0
GPT-Medium,JF19kD82Mey_case_0027,JF19kD82Mey,multi,3,1,not_applicable_no_target_hypothesis,0,0,0,1,0,,,0,not_estimable_no_ungrounded_predictions,0
GPT-Medium,JF19kD82Mey_case_0028,JF19kD82Mey,multi,3,4,evaluable,12,12,0,8,0,0.7124812750564211,0.8731532147151065,1,not_estimable_no_ungrounded_predictions,0
GPT-Medium,JF19kD82Mey_case_0029,JF19kD82Mey,multi,3,4,evaluable,8,8,0,5,0,0.87348666196824,0.8429634003381861,1,not_estimable_no_ungrounded_predictions,0
GPT-Medium,JF19kD82Mey_case_0030,JF19kD82Mey,multi,3,8,evaluable,18,18,0,9,0,0.557138195607251,0.7491215358767427,1,not_estimable_no_ungrounded_predictions,0
GPT-Medium,JF19kD82Mey_case_0031,JF19kD82Mey,multi,5,1,evaluable,3,3,0,4,0,0.4805139870436419,0.5887978831647761,1,not_estimable_no_ungrounded_predictions,0
GPT-Medium,JF19kD82Mey_case_0032,JF19kD82Mey,multi,5,1,not_applicable_no_target_hypothesis,0,0,0,1,0,,,0,not_estimable_no_ungrounded_predictions,0
GPT-Medium,JF19kD82Mey_case_0033,JF19kD82Mey,multi,5,4,evaluable,2,2,0,3,0,0.87903278804038,0.9708391377528471,1,not_estimable_no_ungrounded_predictions,0
GPT-Medium,RPmz2sHmrrY_case_0021,RPmz2sHmrrY,multi,3,1,evaluable,1,1,0,2,0,0.8655378140547023,0.9543363879542011,1,not_estimable_no_ungrounded_predictions,0
GPT-Medium,RPmz2sHmrrY_case_0022,RPmz2sHmrrY,multi,3,1,evaluable,5,5,0,6,0,0.7756711172721895,0.8489198947214168,1,not_estimable_no_ungrounded_predictions,0
GPT-Medium,RPmz2sHmrrY_case_0023,RPmz2sHmrrY,multi,3,4,evaluable,28,28,0,26,0,0.7223753560967597,0.8787878942545636,1,not_estimable_no_ungrounded_predictions,0
GPT-Medium,RPmz2sHmrrY_case_0024,RPmz2sHmrrY,multi,3,4,evaluable,12,12,0,8,0,0.6691709919183476,0.8339981180503765,1,not_estimable_no_ungrounded_predictions,0
GPT-Medium,RPmz2sHmrrY_case_0025,RPmz2sHmrrY,multi,3,8,evaluable,14,14,0,5,0,0.7245747948936199,0.8802016917148394,1,not_estimable_no_ungrounded_predictions,0
GPT-Medium,RPmz2sHmrrY_case_0026,RPmz2sHmrrY,multi,3,1,evaluable,7,7,0,8,0,0.9132084346196766,0.9892578994386795,1,not_estimable_no_ungrounded_predictions,0
GPT-Medium,RPmz2sHmrrY_case_0027,RPmz2sHmrrY,multi,3,1,not_applicable_no_target_hypothesis,0,0,0,1,0,,,0,not_estimable_no_ungrounded_predictions,0
GPT-Medium,RPmz2sHmrrY_case_0028,RPmz2sHmrrY,multi,3,4,evaluable,32,32,0,18,0,0.6487780962277832,0.8414917466277974,1,not_estimable_no_ungrounded_predictions,0
GPT-Medium,RPmz2sHmrrY_case_0029,RPmz2sHmrrY,multi,3,4,evaluable,34,34,0,27,0,0.6919828669285139,0.8290481134644492,1,not_estimable_no_ungrounded_predictions,0
GPT-Medium,RPmz2sHmrrY_case_0030,RPmz2sHmrrY,multi,3,8,evaluable,25,25,0,9,0,0.6791594997232698,0.8664120495424283,1,not_estimable_no_ungrounded_predictions,0
GPT-Medium,RPmz2sHmrrY_case_0031,RPmz2sHmrrY,multi,5,1,not_applicable_no_target_hypothesis,0,0,0,1,0,,,0,not_estimable_no_ungrounded_predictions,0
GPT-Medium,RPmz2sHmrrY_case_0032,RPmz2sHmrrY,multi,5,1,not_applicable_no_target_hypothesis,0,0,0,1,0,,,0,not_estimable_no_ungrounded_predictions,0
GPT-Medium,RPmz2sHmrrY_case_0033,RPmz2sHmrrY,multi,5,4,evaluable,1,1,0,2,0,0.8148027357392043,0.9063585577787099,1,not_estimable_no_ungrounded_predictions,0
GPT-Medium,RPmz2sHmrrY_case_0034,RPmz2sHmrrY,multi,5,4,evaluable,10,10,0,9,0,0.8341131089008789,0.9129457757603718,1,not_estimable_no_ungrounded_predictions,0
GPT-Medium,RPmz2sHmrrY_case_0035,RPmz2sHmrrY,multi,5,8,evaluable,8,8,0,6,0,0.8148079749466487,0.91669612168529,1,not_estimable_no_ungrounded_predictions,0
GPT-Medium,RPmz2sHmrrY_case_0036,RPmz2sHmrrY,multi,5,1,evaluable,2,2,0,3,0,0.6154524442617494,0.890246722873314,1,not_estimable_no_ungrounded_predictions,0
GPT-Medium,RPmz2sHmrrY_case_0037,RPmz2sHmrrY,multi,5,1,not_applicable_no_target_hypothesis,0,0,0,1,0,,,0,not_estimable_no_ungrounded_predictions,0
GPT-Medium,RPmz2sHmrrY_case_0038,RPmz2sHmrrY,multi,5,4,evaluable,10,10,0,6,0,0.7607597890309864,0.8549680470320297,1,not_estimable_no_ungrounded_predictions,0
GPT-Medium,RPmz2sHmrrY_case_0039,RPmz2sHmrrY,multi,5,4,evaluable,12,12,0,7,0,0.6538394391723799,0.8069591299447175,1,not_estimable_no_ungrounded_predictions,0
GPT-Medium,RPmz2sHmrrY_case_0040,RPmz2sHmrrY,multi,5,8,evaluable,19,19,0,6,0,0.690961548052226,0.8198640098841105,1,not_estimable_no_ungrounded_predictions,0
GPT-Medium,17DRP5sb8fy_case_0001,17DRP5sb8fy,single,1,1,evaluable,2,2,0,3,0,0.4360054564629293,1.0,0,not_estimable_no_ungrounded_predictions,0
GPT-Medium,17DRP5sb8fy_case_0002,17DRP5sb8fy,single,1,1,evaluable,29,29,0,29,0,0.27020565563911025,0.6681485325950611,1,not_estimable_no_ungrounded_predictions,0
GPT-Medium,17DRP5sb8fy_case_0003,17DRP5sb8fy,single,1,4,evaluable,65,65,0,29,0,0.3307293673662867,0.6658436667497731,1,not_estimable_no_ungrounded_predictions,0
GPT-Medium,17DRP5sb8fy_case_0004,17DRP5sb8fy,single,1,4,evaluable,38,38,0,29,0,0.3778094665274851,0.8360760665701943,1,not_estimable_no_ungrounded_predictions,0
GPT-Medium,17DRP5sb8fy_case_0005,17DRP5sb8fy,single,1,8,evaluable,88,88,0,29,0,0.6887437733575735,0.9141007275598976,1,not_estimable_no_ungrounded_predictions,0
GPT-Medium,17DRP5sb8fy_case_0006,17DRP5sb8fy,single,1,1,evaluable,5,5,0,6,0,0.797208725389627,0.9898869033036928,1,not_estimable_no_ungrounded_predictions,0
GPT-Medium,17DRP5sb8fy_case_0007,17DRP5sb8fy,single,1,1,evaluable,29,29,0,29,0,0.780638924509082,0.9743771119802161,0,not_estimable_no_ungrounded_predictions,0
GPT-Medium,17DRP5sb8fy_case_0033,17DRP5sb8fy,multi,5,4,evaluable,4,4,0,4,0,0.8679944696033456,0.9242531305425016,1,not_estimable_no_ungrounded_predictions,0
GPT-Medium,17DRP5sb8fy_case_0034,17DRP5sb8fy,multi,5,4,evaluable,17,17,1,15,0,0.7546575469210041,0.8670862652724923,1,not_estimable_no_ungrounded_predictions,0
GPT-Medium,17DRP5sb8fy_case_0035,17DRP5sb8fy,multi,5,8,evaluable,15,15,0,9,0,0.9222622812468608,0.8771963448570789,1,not_estimable_no_ungrounded_predictions,0
GPT-Medium,17DRP5sb8fy_case_0036,17DRP5sb8fy,multi,5,1,not_applicable_no_target_hypothesis,0,0,0,1,0,,,0,not_estimable_no_ungrounded_predictions,0
GPT-Medium,17DRP5sb8fy_case_0037,17DRP5sb8fy,multi,5,1,not_applicable_no_target_hypothesis,0,0,0,1,0,,,0,not_estimable_no_ungrounded_predictions,0
GPT-Medium,17DRP5sb8fy_case_0038,17DRP5sb8fy,multi,5,4,evaluable,8,8,0,5,0,0.5728450258899094,0.6994740786607196,1,not_estimable_no_ungrounded_predictions,0
GPT-Medium,17DRP5sb8fy_case_0039,17DRP5sb8fy,multi,5,4,evaluable,8,8,0,6,0,0.6812086108332385,0.7144863262473191,1,not_estimable_no_ungrounded_predictions,0
GPT-Medium,17DRP5sb8fy_case_0040,17DRP5sb8fy,multi,5,8,evaluable,23,23,1,13,0,0.6695156759200891,0.8300314595716219,1,not_estimable_no_ungrounded_predictions,0
GPT-Medium,17DRP5sb8fy_case_0041,17DRP5sb8fy,multi,5,1,evaluable,10,10,0,11,0,0.6886528062930413,0.8865505209435576,1,not_estimable_no_ungrounded_predictions,0
GPT-Medium,17DRP5sb8fy_case_0042,17DRP5sb8fy,multi,5,1,evaluable,3,3,0,4,0,0.8582626720768385,0.9546270059181649,0,not_estimable_no_ungrounded_predictions,0
GPT-Medium,17DRP5sb8fy_case_0043,17DRP5sb8fy,multi,5,4,evaluable,2,2,0,2,0,0.7500374846668303,0.8741216530463671,1,not_estimable_no_ungrounded_predictions,0
GPT-Medium,17DRP5sb8fy_case_0044,17DRP5sb8fy,multi,5,4,evaluable,17,17,0,14,0,0.6140168847230816,0.8158207550925567,1,not_estimable_no_ungrounded_predictions,0
GPT-Medium,17DRP5sb8fy_case_0045,17DRP5sb8fy,multi,5,8,evaluable,22,22,1,12,0,0.6520017977341748,0.8511120451784965,1,not_estimable_no_ungrounded_predictions,0
Qwen-Thinking,r47D5H71a5s_case_0007,r47D5H71a5s,single,1,1,evaluable,23,23,0,24,0,0.3028719158295651,0.8703405704352549,1,not_estimable_no_ungrounded_predictions,0
Qwen-Thinking,r47D5H71a5s_case_0008,r47D5H71a5s,single,1,4,evaluable,77,77,0,29,0,0.7330876958560048,0.8878791535383354,1,not_estimable_no_ungrounded_predictions,0
Qwen-Thinking,r47D5H71a5s_case_0009,r47D5H71a5s,single,1,4,evaluable,80,80,0,29,0,0.4851769616554269,0.9230428887630419,1,not_estimable_no_ungrounded_predictions,0
Qwen-Thinking,r47D5H71a5s_case_0010,r47D5H71a5s,single,1,8,evaluable,62,62,0,17,0,0.6224171547792781,0.858396179838459,1,not_estimable_no_ungrounded_predictions,0
Qwen-Thinking,r47D5H71a5s_case_0011,r47D5H71a5s,single,1,1,evaluable,29,29,0,29,0,0.6168793565881496,0.8650180291708544,1,not_estimable_no_ungrounded_predictions,0
Qwen-Thinking,r47D5H71a5s_case_0012,r47D5H71a5s,single,1,1,evaluable,18,18,0,19,0,0.4330698698421409,0.9344539845151605,1,not_estimable_no_ungrounded_predictions,0
Qwen-Thinking,r47D5H71a5s_case_0013,r47D5H71a5s,single,1,4,evaluable,79,79,0,29,0,0.4277748495505661,0.802028939087084,1,not_estimable_no_ungrounded_predictions,0
Qwen-Thinking,r47D5H71a5s_case_0014,r47D5H71a5s,single,1,4,evaluable,50,50,0,29,0,0.4352154385830021,0.6454020515108442,1,not_estimable_no_ungrounded_predictions,0
Qwen-Thinking,r47D5H71a5s_case_0015,r47D5H71a5s,single,1,8,evaluable,131,131,0,29,0,0.49324754273287236,0.8088617208821455,1,not_estimable_no_ungrounded_predictions,0
Qwen-Thinking,r47D5H71a5s_case_0016,r47D5H71a5s,multi,3,1,evaluable,4,4,0,5,0,0.31854110925719503,0.7000330068163139,1,not_estimable_no_ungrounded_predictions,0
Qwen-Thinking,r47D5H71a5s_case_0017,r47D5H71a5s,multi,3,1,evaluable,4,4,0,5,0,0.24269264411631242,0.683171727736584,1,not_estimable_no_ungrounded_predictions,0
Qwen-Thinking,r47D5H71a5s_case_0018,r47D5H71a5s,multi,3,4,evaluable,7,7,0,5,0,0.6942534712673865,0.7583031792667104,1,not_estimable_no_ungrounded_predictions,0
Qwen-Thinking,r47D5H71a5s_case_0019,r47D5H71a5s,multi,3,4,evaluable,14,14,0,9,0,0.36156512939607516,0.6216142612864974,1,not_estimable_no_ungrounded_predictions,0
Qwen-Thinking,r47D5H71a5s_case_0020,r47D5H71a5s,multi,3,8,evaluable,45,45,0,11,0,0.5771978165517618,0.7992142059090657,1,not_estimable_no_ungrounded_predictions,0
Qwen-Thinking,r47D5H71a5s_case_0036,r47D5H71a5s,multi,5,1,evaluable,1,1,0,2,0,0.6993554507254723,0.811235382732993,1,not_estimable_no_ungrounded_predictions,0
Qwen-Thinking,r47D5H71a5s_case_0041,r47D5H71a5s,multi,5,1,not_applicable_no_target_hypothesis,0,0,0,1,0,,,0,not_estimable_no_ungrounded_predictions,0
Qwen-Thinking,r47D5H71a5s_case_0042,r47D5H71a5s,multi,5,1,evaluable,2,2,0,3,0,0.7571338902794971,0.8845285274630552,0,not_estimable_no_ungrounded_predictions,0
Qwen-Thinking,r47D5H71a5s_case_0043,r47D5H71a5s,multi,5,4,evaluable,2,2,0,3,0,0.5267825341516945,0.670667495999373,1,not_estimable_no_ungrounded_predictions,0
Qwen-Thinking,r47D5H71a5s_case_0044,r47D5H71a5s,multi,5,4,evaluable,5,5,0,4,0,0.6006388075687145,0.7709935326663616,1,not_estimable_no_ungrounded_predictions,0
Qwen-Thinking,r47D5H71a5s_case_0045,r47D5H71a5s,multi,5,8,evaluable,17,17,0,8,0,0.6856953304441114,0.7478784789503505,1,not_estimable_no_ungrounded_predictions,0
Qwen-Thinking,zsNo4HB9uLZ_case_0001,zsNo4HB9uLZ,single,1,1,evaluable,6,6,0,7,0,0.6232240767938686,0.9719143244461034,0,not_estimable_no_ungrounded_predictions,0
Qwen-Thinking,zsNo4HB9uLZ_case_0002,zsNo4HB9uLZ,single,1,1,evaluable,2,2,0,3,0,0.26701046752927127,0.9338516857273367,0,not_estimable_no_ungrounded_predictions,0
Qwen-Thinking,zsNo4HB9uLZ_case_0003,zsNo4HB9uLZ,single,1,4,evaluable,43,43,0,25,0,0.58481811918304,0.9459620465775596,1,not_estimable_no_ungrounded_predictions,0
Qwen-Thinking,zsNo4HB9uLZ_case_0004,zsNo4HB9uLZ,single,1,4,evaluable,60,60,0,29,0,0.5102750616023349,0.8428506839170974,1,not_estimable_no_ungrounded_predictions,0
Qwen-Thinking,zsNo4HB9uLZ_case_0005,zsNo4HB9uLZ,single,1,8,evaluable,44,44,0,13,0,0.4840597598592508,0.8095590890676938,1,not_estimable_no_ungrounded_predictions,0
Qwen-Thinking,zsNo4HB9uLZ_case_0006,zsNo4HB9uLZ,single,1,1,evaluable,5,5,0,6,0,0.7445891618125046,0.964625550657888,1,not_estimable_no_ungrounded_predictions,0
Qwen-Thinking,zsNo4HB9uLZ_case_0008,zsNo4HB9uLZ,single,1,4,evaluable,47,47,0,20,0,0.7679985286268995,0.8465693780278709,1,not_estimable_no_ungrounded_predictions,0
Qwen-Thinking,zsNo4HB9uLZ_case_0009,zsNo4HB9uLZ,single,1,4,evaluable,92,92,0,29,0,0.513931051079226,0.9057017027017246,1,not_estimable_no_ungrounded_predictions,0
Qwen-Thinking,zsNo4HB9uLZ_case_0010,zsNo4HB9uLZ,single,1,8,evaluable,83,83,0,29,0,0.481998781846413,0.8396134220771501,1,not_estimable_no_ungrounded_predictions,0
Qwen-Thinking,zsNo4HB9uLZ_case_0011,zsNo4HB9uLZ,single,1,1,evaluable,18,18,0,19,0,0.38539453131945667,0.8737507944074597,1,not_estimable_no_ungrounded_predictions,0
Qwen-Thinking,zsNo4HB9uLZ_case_0012,zsNo4HB9uLZ,single,1,1,evaluable,19,19,0,20,0,0.7773380427006146,0.9375057325234493,1,not_estimable_no_ungrounded_predictions,0
Qwen-Thinking,zsNo4HB9uLZ_case_0013,zsNo4HB9uLZ,single,1,4,evaluable,113,113,0,29,0,0.7227706650456713,0.9018136358189411,1,not_estimable_no_ungrounded_predictions,0
Qwen-Thinking,zsNo4HB9uLZ_case_0014,zsNo4HB9uLZ,single,1,4,evaluable,28,28,0,12,0,0.6068320260088343,0.9021713292292509,1,not_estimable_no_ungrounded_predictions,0
Qwen-Thinking,zsNo4HB9uLZ_case_0015,zsNo4HB9uLZ,single,1,8,evaluable,144,144,0,29,0,0.5754477051990272,0.7870023732893189,1,not_estimable_no_ungrounded_predictions,0
Qwen-Thinking,zsNo4HB9uLZ_case_0016,zsNo4HB9uLZ,multi,3,1,evaluable,5,5,0,6,0,0.5149639371081273,0.776651892705674,1,not_estimable_no_ungrounded_predictions,0
Qwen-Thinking,zsNo4HB9uLZ_case_0017,zsNo4HB9uLZ,multi,3,1,evaluable,3,3,0,4,0,0.8953842376336064,0.9755169354336782,1,not_estimable_no_ungrounded_predictions,0
Qwen-Thinking,zsNo4HB9uLZ_case_0018,zsNo4HB9uLZ,multi,3,4,evaluable,12,12,0,7,0,0.7602555460900694,0.8438155287372195,1,not_estimable_no_ungrounded_predictions,0
Qwen-Thinking,zsNo4HB9uLZ_case_0019,zsNo4HB9uLZ,multi,3,4,evaluable,8,8,0,5,0,0.6257625475543985,0.8967205245492548,1,not_estimable_no_ungrounded_predictions,0
Qwen-Thinking,zsNo4HB9uLZ_case_0020,zsNo4HB9uLZ,multi,3,8,evaluable,58,58,0,19,0,0.5657787594489446,0.7294774379264986,1,not_estimable_no_ungrounded_predictions,0
Qwen-Thinking,zsNo4HB9uLZ_case_0045,zsNo4HB9uLZ,multi,5,8,evaluable,16,16,0,6,0,0.6376700824111203,0.7725116801267443,1,not_estimable_no_ungrounded_predictions,0
Qwen-Thinking,JF19kD82Mey_case_0003,JF19kD82Mey,single,1,4,evaluable,59,59,0,29,0,0.6968030219211688,0.9083058291655564,1,not_estimable_no_ungrounded_predictions,0
Qwen-Thinking,JF19kD82Mey_case_0004,JF19kD82Mey,single,1,4,evaluable,84,84,0,29,0,0.6134031788612601,0.9677896178663036,1,not_estimable_no_ungrounded_predictions,0
Qwen-Thinking,JF19kD82Mey_case_0006,JF19kD82Mey,single,1,1,evaluable,1,1,0,2,0,0.9744870645011763,0.9989500275633593,1,not_estimable_no_ungrounded_predictions,0
Qwen-Thinking,JF19kD82Mey_case_0007,JF19kD82Mey,single,1,1,evaluable,27,27,0,28,0,0.887033330875524,0.9287347233049517,1,not_estimable_no_ungrounded_predictions,0
Qwen-Thinking,JF19kD82Mey_case_0016,JF19kD82Mey,multi,3,1,not_applicable_no_target_hypothesis,0,0,0,1,0,,,0,not_estimable_no_ungrounded_predictions,0
Qwen-Thinking,JF19kD82Mey_case_0018,JF19kD82Mey,multi,3,4,evaluable,11,11,0,10,0,0.5841398682645255,0.8261441578162912,1,not_estimable_no_ungrounded_predictions,0
Qwen-Thinking,JF19kD82Mey_case_0020,JF19kD82Mey,multi,3,8,evaluable,23,23,0,10,0,0.5934846611914234,0.8003441241371456,1,not_estimable_no_ungrounded_predictions,0
Qwen-Thinking,JF19kD82Mey_case_0021,JF19kD82Mey,multi,3,1,evaluable,12,12,0,13,0,0.7977364692201901,0.8766229906825697,1,not_estimable_no_ungrounded_predictions,0
Qwen-Thinking,JF19kD82Mey_case_0022,JF19kD82Mey,multi,3,1,evaluable,1,1,0,2,0,0.4738086138662736,0.8055183723247489,1,not_estimable_no_ungrounded_predictions,0
Qwen-Thinking,JF19kD82Mey_case_0023,JF19kD82Mey,multi,3,4,evaluable,4,4,0,4,0,0.48960426776683647,0.7824954299908695,1,not_estimable_no_ungrounded_predictions,0
Qwen-Thinking,JF19kD82Mey_case_0024,JF19kD82Mey,multi,3,4,evaluable,14,14,0,7,0,0.7713037759678493,0.9032897183460324,1,not_estimable_no_ungrounded_predictions,0
Qwen-Thinking,JF19kD82Mey_case_0025,JF19kD82Mey,multi,3,8,evaluable,51,51,0,25,0,0.728815996979023,0.8819691366475472,1,not_estimable_no_ungrounded_predictions,0
Qwen-Thinking,JF19kD82Mey_case_0026,JF19kD82Mey,multi,3,1,not_applicable_no_target_hypothesis,0,0,0,1,0,,,0,not_estimable_no_ungrounded_predictions,0
Qwen-Thinking,JF19kD82Mey_case_0027,JF19kD82Mey,multi,3,1,not_applicable_no_target_hypothesis,0,0,0,1,0,,,0,not_estimable_no_ungrounded_predictions,0
Qwen-Thinking,JF19kD82Mey_case_0028,JF19kD82Mey,multi,3,4,evaluable,19,19,0,12,0,0.6813135112078061,0.9085469377896207,1,not_estimable_no_ungrounded_predictions,0
Qwen-Thinking,JF19kD82Mey_case_0029,JF19kD82Mey,multi,3,4,evaluable,7,7,0,5,0,0.7635004523368567,0.8396297806046665,1,not_estimable_no_ungrounded_predictions,0
Qwen-Thinking,JF19kD82Mey_case_0030,JF19kD82Mey,multi,3,8,evaluable,23,23,0,12,0,0.5573104713469044,0.7513004832460531,1,not_estimable_no_ungrounded_predictions,0
Qwen-Thinking,JF19kD82Mey_case_0031,JF19kD82Mey,multi,5,1,evaluable,3,3,0,4,0,0.555042125791131,0.658162739435768,1,not_estimable_no_ungrounded_predictions,0
Qwen-Thinking,JF19kD82Mey_case_0032,JF19kD82Mey,multi,5,1,not_applicable_no_target_hypothesis,0,0,0,1,0,,,0,not_estimable_no_ungrounded_predictions,0
Qwen-Thinking,JF19kD82Mey_case_0033,JF19kD82Mey,multi,5,4,evaluable,3,3,0,3,0,0.6821250029811367,0.7553856070298958,1,not_estimable_no_ungrounded_predictions,0
Qwen-Thinking,RPmz2sHmrrY_case_0021,RPmz2sHmrrY,multi,3,1,evaluable,1,1,0,2,0,0.5242293086221406,0.663784524494703,1,not_estimable_no_ungrounded_predictions,0
Qwen-Thinking,RPmz2sHmrrY_case_0022,RPmz2sHmrrY,multi,3,1,evaluable,2,2,0,3,0,0.7673751616844788,0.8002074991166572,1,not_estimable_no_ungrounded_predictions,0
Qwen-Thinking,RPmz2sHmrrY_case_0023,RPmz2sHmrrY,multi,3,4,evaluable,13,13,0,8,0,0.5616437268197262,0.7547434011171554,1,not_estimable_no_ungrounded_predictions,0
Qwen-Thinking,RPmz2sHmrrY_case_0024,RPmz2sHmrrY,multi,3,4,evaluable,11,11,0,5,0,0.6040587976256481,0.6847787996632007,1,not_estimable_no_ungrounded_predictions,0
Qwen-Thinking,RPmz2sHmrrY_case_0025,RPmz2sHmrrY,multi,3,8,evaluable,31,31,0,13,0,0.6387406193236862,0.7704227165750366,1,not_estimable_no_ungrounded_predictions,0
Qwen-Thinking,RPmz2sHmrrY_case_0026,RPmz2sHmrrY,multi,3,1,evaluable,4,4,0,5,0,0.8845135405912885,0.7702291133582843,1,not_estimable_no_ungrounded_predictions,0
Qwen-Thinking,RPmz2sHmrrY_case_0027,RPmz2sHmrrY,multi,3,1,not_applicable_no_target_hypothesis,0,0,0,1,0,,,0,not_estimable_no_ungrounded_predictions,0
Qwen-Thinking,RPmz2sHmrrY_case_0028,RPmz2sHmrrY,multi,3,4,evaluable,17,17,0,14,0,0.6289319243633398,0.8264121043691889,1,not_estimable_no_ungrounded_predictions,0
Qwen-Thinking,RPmz2sHmrrY_case_0029,RPmz2sHmrrY,multi,3,4,evaluable,36,36,0,29,0,0.6650650918014869,0.8245745998985932,1,not_estimable_no_ungrounded_predictions,0
Qwen-Thinking,RPmz2sHmrrY_case_0030,RPmz2sHmrrY,multi,3,8,evaluable,12,12,0,6,0,0.6263018787897502,0.8676873946761053,1,not_estimable_no_ungrounded_predictions,0
Qwen-Thinking,RPmz2sHmrrY_case_0031,RPmz2sHmrrY,multi,5,1,not_applicable_no_target_hypothesis,0,0,0,1,0,,,0,not_estimable_no_ungrounded_predictions,0
Qwen-Thinking,RPmz2sHmrrY_case_0032,RPmz2sHmrrY,multi,5,1,not_applicable_no_target_hypothesis,0,0,0,1,0,,,0,not_estimable_no_ungrounded_predictions,0
Qwen-Thinking,RPmz2sHmrrY_case_0033,RPmz2sHmrrY,multi,5,4,evaluable,1,1,0,2,0,0.5770533938045083,0.8432056477032847,1,not_estimable_no_ungrounded_predictions,0
Qwen-Thinking,RPmz2sHmrrY_case_0034,RPmz2sHmrrY,multi,5,4,evaluable,4,4,0,3,0,0.6411626486872549,0.9030942173579284,1,not_estimable_no_ungrounded_predictions,0
Qwen-Thinking,RPmz2sHmrrY_case_0035,RPmz2sHmrrY,multi,5,8,evaluable,6,6,0,4,0,0.655508513742717,0.8407497886603345,1,not_estimable_no_ungrounded_predictions,0
Qwen-Thinking,RPmz2sHmrrY_case_0036,RPmz2sHmrrY,multi,5,1,evaluable,13,13,0,14,0,0.6514958224425185,0.8362423872551941,1,not_estimable_no_ungrounded_predictions,0
Qwen-Thinking,RPmz2sHmrrY_case_0037,RPmz2sHmrrY,multi,5,1,not_applicable_no_target_hypothesis,0,0,0,1,0,,,0,not_estimable_no_ungrounded_predictions,0
Qwen-Thinking,RPmz2sHmrrY_case_0038,RPmz2sHmrrY,multi,5,4,evaluable,9,9,0,6,0,0.6655948195402897,0.8305240864388785,1,not_estimable_no_ungrounded_predictions,0
Qwen-Thinking,RPmz2sHmrrY_case_0039,RPmz2sHmrrY,multi,5,4,evaluable,9,9,0,5,0,0.6590007555399127,0.7290979276897542,1,not_estimable_no_ungrounded_predictions,0
Qwen-Thinking,RPmz2sHmrrY_case_0040,RPmz2sHmrrY,multi,5,8,evaluable,20,20,0,6,0,0.7281692527560704,0.8367349719118755,1,not_estimable_no_ungrounded_predictions,0
Qwen-Thinking,17DRP5sb8fy_case_0001,17DRP5sb8fy,single,1,1,evaluable,7,7,0,8,0,0.3135242100846071,0.748378627687196,0,not_estimable_no_ungrounded_predictions,0
Qwen-Thinking,17DRP5sb8fy_case_0002,17DRP5sb8fy,single,1,1,evaluable,29,29,0,29,0,0.2947155001806289,0.716539514578147,1,not_estimable_no_ungrounded_predictions,0
Qwen-Thinking,17DRP5sb8fy_case_0003,17DRP5sb8fy,single,1,4,evaluable,43,43,0,29,0,0.47903995210258965,0.7679443536877743,1,not_estimable_no_ungrounded_predictions,0
Qwen-Thinking,17DRP5sb8fy_case_0004,17DRP5sb8fy,single,1,4,evaluable,52,52,0,29,0,0.33988310159313734,0.8706266033864929,1,not_estimable_no_ungrounded_predictions,0
Qwen-Thinking,17DRP5sb8fy_case_0005,17DRP5sb8fy,single,1,8,evaluable,83,83,0,29,0,0.3785113293537328,0.7982465994556167,1,not_estimable_no_ungrounded_predictions,0
Qwen-Thinking,17DRP5sb8fy_case_0006,17DRP5sb8fy,single,1,1,evaluable,29,29,0,29,0,0.40342392369544433,0.7839968875808003,1,not_estimable_no_ungrounded_predictions,0
Qwen-Thinking,17DRP5sb8fy_case_0007,17DRP5sb8fy,single,1,1,not_applicable_no_target_hypothesis,0,0,0,1,0,,,0,not_estimable_no_ungrounded_predictions,0
Qwen-Thinking,17DRP5sb8fy_case_0033,17DRP5sb8fy,multi,5,4,evaluable,16,16,1,16,0,0.7494881103448799,0.8855436914329449,1,not_estimable_no_ungrounded_predictions,0
Qwen-Thinking,17DRP5sb8fy_case_0034,17DRP5sb8fy,multi,5,4,evaluable,14,14,1,14,0,0.806254883070712,0.9037868657088903,1,not_estimable_no_ungrounded_predictions,0
Qwen-Thinking,17DRP5sb8fy_case_0035,17DRP5sb8fy,multi,5,8,evaluable,28,28,1,22,0,0.8654867235684519,0.8987907323054432,1,not_estimable_no_ungrounded_predictions,0
Qwen-Thinking,17DRP5sb8fy_case_0036,17DRP5sb8fy,multi,5,1,evaluable,1,1,0,2,0,0.6083207314533373,0.8145827911972119,0,not_estimable_no_ungrounded_predictions,0
Qwen-Thinking,17DRP5sb8fy_case_0037,17DRP5sb8fy,multi,5,1,not_applicable_no_target_hypothesis,0,0,0,1,0,,,0,not_estimable_no_ungrounded_predictions,0
Qwen-Thinking,17DRP5sb8fy_case_0038,17DRP5sb8fy,multi,5,4,evaluable,7,7,0,5,0,0.503567151530062,0.6523205487280431,1,not_estimable_no_ungrounded_predictions,0
Qwen-Thinking,17DRP5sb8fy_case_0039,17DRP5sb8fy,multi,5,4,evaluable,8,8,0,6,0,0.6511213791229564,0.6944017240394406,1,not_estimable_no_ungrounded_predictions,0
Qwen-Thinking,17DRP5sb8fy_case_0040,17DRP5sb8fy,multi,5,8,evaluable,24,24,1,12,0,0.6096026413351574,0.7872777474334286,1,not_estimable_no_ungrounded_predictions,0
Qwen-Thinking,17DRP5sb8fy_case_0041,17DRP5sb8fy,multi,5,1,evaluable,1,1,0,2,0,0.6819816343406049,0.7725924693076174,1,not_estimable_no_ungrounded_predictions,0
Qwen-Thinking,17DRP5sb8fy_case_0042,17DRP5sb8fy,multi,5,1,evaluable,3,3,0,4,0,0.7581947196296337,0.8648842384850087,0,not_estimable_no_ungrounded_predictions,0
Qwen-Thinking,17DRP5sb8fy_case_0043,17DRP5sb8fy,multi,5,4,evaluable,4,4,0,4,0,0.7553075631667248,0.8528772465302411,1,not_estimable_no_ungrounded_predictions,0
Qwen-Thinking,17DRP5sb8fy_case_0044,17DRP5sb8fy,multi,5,4,evaluable,5,5,0,5,0,0.3304768164004535,0.5355740141561027,1,not_estimable_no_ungrounded_predictions,0
Qwen-Thinking,17DRP5sb8fy_case_0045,17DRP5sb8fy,multi,5,8,evaluable,28,28,1,14,0,0.6314281696552098,0.7713434785724178,1,not_estimable_no_ungrounded_predictions,0
Qwen-Instant,r47D5H71a5s_case_0007,r47D5H71a5s,single,1,1,evaluable,5,5,0,6,0,0.13321635965988138,0.8279656588404392,1,not_estimable_no_ungrounded_predictions,0
Qwen-Instant,r47D5H71a5s_case_0008,r47D5H71a5s,single,1,4,evaluable,116,116,0,29,0,0.7572420847150473,0.8733226387916188,1,not_estimable_no_ungrounded_predictions,0
Qwen-Instant,r47D5H71a5s_case_0009,r47D5H71a5s,single,1,4,evaluable,111,111,0,29,0,0.5317803822370939,0.8881572705289744,1,not_estimable_no_ungrounded_predictions,0
Qwen-Instant,r47D5H71a5s_case_0010,r47D5H71a5s,single,1,8,evaluable,86,86,0,24,0,0.5732688716739842,0.8586127483892486,1,not_estimable_no_ungrounded_predictions,0
Qwen-Instant,r47D5H71a5s_case_0011,r47D5H71a5s,single,1,1,evaluable,8,8,0,9,0,0.6182869819004907,0.9562455320495462,1,not_estimable_no_ungrounded_predictions,0
Qwen-Instant,r47D5H71a5s_case_0012,r47D5H71a5s,single,1,1,evaluable,29,29,0,29,0,0.48805818314815436,0.9230690076543466,1,not_estimable_no_ungrounded_predictions,0
Qwen-Instant,r47D5H71a5s_case_0013,r47D5H71a5s,single,1,4,evaluable,57,57,0,29,0,0.453715217668767,0.740322636923087,1,not_estimable_no_ungrounded_predictions,0
Qwen-Instant,r47D5H71a5s_case_0014,r47D5H71a5s,single,1,4,evaluable,79,79,0,29,0,0.5773894404865935,0.7922978747676985,1,not_estimable_no_ungrounded_predictions,0
Qwen-Instant,r47D5H71a5s_case_0015,r47D5H71a5s,single,1,8,evaluable,81,81,0,29,0,0.5671527824639094,0.8617956761910587,1,not_estimable_no_ungrounded_predictions,0
Qwen-Instant,r47D5H71a5s_case_0016,r47D5H71a5s,multi,3,1,evaluable,29,29,0,29,0,0.48299267810320323,0.7302137311143863,1,not_estimable_no_ungrounded_predictions,0
Qwen-Instant,r47D5H71a5s_case_0017,r47D5H71a5s,multi,3,1,evaluable,4,4,0,5,0,0.27540326604888354,0.6412485889310376,1,not_estimable_no_ungrounded_predictions,0
Qwen-Instant,r47D5H71a5s_case_0018,r47D5H71a5s,multi,3,4,evaluable,11,11,0,7,0,0.6120367872488588,0.6874099576912184,1,not_estimable_no_ungrounded_predictions,0
Qwen-Instant,r47D5H71a5s_case_0019,r47D5H71a5s,multi,3,4,evaluable,26,26,0,18,0,0.3871093339168979,0.5875830294462616,1,not_estimable_no_ungrounded_predictions,0
Qwen-Instant,r47D5H71a5s_case_0020,r47D5H71a5s,multi,3,8,evaluable,44,44,0,12,0,0.5363007005693312,0.7731098607955956,1,not_estimable_no_ungrounded_predictions,0
Qwen-Instant,r47D5H71a5s_case_0036,r47D5H71a5s,multi,5,1,evaluable,2,2,0,3,0,0.6396416307374897,0.7342509543153348,1,not_estimable_no_ungrounded_predictions,0
Qwen-Instant,r47D5H71a5s_case_0041,r47D5H71a5s,multi,5,1,not_applicable_no_target_hypothesis,0,0,0,1,0,,,0,not_estimable_no_ungrounded_predictions,0
Qwen-Instant,r47D5H71a5s_case_0042,r47D5H71a5s,multi,5,1,evaluable,2,2,0,3,0,0.7446585882804106,0.7494388028674818,0,not_estimable_no_ungrounded_predictions,0
Qwen-Instant,r47D5H71a5s_case_0043,r47D5H71a5s,multi,5,4,evaluable,3,3,0,3,0,0.4413420689554863,0.6613704705758002,1,not_estimable_no_ungrounded_predictions,0
Qwen-Instant,r47D5H71a5s_case_0044,r47D5H71a5s,multi,5,4,evaluable,3,3,0,3,0,0.5528378607577177,0.762649827778203,1,not_estimable_no_ungrounded_predictions,0
Qwen-Instant,r47D5H71a5s_case_0045,r47D5H71a5s,multi,5,8,evaluable,14,14,0,7,0,0.6208411018080181,0.7034031921855393,1,not_estimable_no_ungrounded_predictions,0
Qwen-Instant,zsNo4HB9uLZ_case_0001,zsNo4HB9uLZ,single,1,1,evaluable,29,29,0,29,0,0.5669928679685551,0.7786976951795365,0,not_estimable_no_ungrounded_predictions,0
Qwen-Instant,zsNo4HB9uLZ_case_0002,zsNo4HB9uLZ,single,1,1,evaluable,1,1,0,2,0,0.2944514680431749,0.9871004251417583,0,not_estimable_no_ungrounded_predictions,0
Qwen-Instant,zsNo4HB9uLZ_case_0003,zsNo4HB9uLZ,single,1,4,evaluable,58,58,0,29,0,0.5751246647562265,0.8863874615755165,1,not_estimable_no_ungrounded_predictions,0
Qwen-Instant,zsNo4HB9uLZ_case_0004,zsNo4HB9uLZ,single,1,4,evaluable,72,72,0,29,0,0.5265543338212283,0.8908603740807466,1,not_estimable_no_ungrounded_predictions,0
Qwen-Instant,zsNo4HB9uLZ_case_0005,zsNo4HB9uLZ,single,1,8,evaluable,58,58,0,18,0,0.5213024829801921,0.883447248720623,1,not_estimable_no_ungrounded_predictions,0
Qwen-Instant,zsNo4HB9uLZ_case_0006,zsNo4HB9uLZ,single,1,1,evaluable,22,22,0,23,0,0.5476634040585965,0.8029634983655142,1,not_estimable_no_ungrounded_predictions,0
Qwen-Instant,zsNo4HB9uLZ_case_0008,zsNo4HB9uLZ,single,1,4,evaluable,44,44,0,29,0,0.5308286440357727,0.8056643641941378,1,not_estimable_no_ungrounded_predictions,0
Qwen-Instant,zsNo4HB9uLZ_case_0009,zsNo4HB9uLZ,single,1,4,evaluable,95,95,0,29,0,0.44579861798674786,0.8656211592423456,1,not_estimable_no_ungrounded_predictions,0
Qwen-Instant,zsNo4HB9uLZ_case_0010,zsNo4HB9uLZ,single,1,8,evaluable,92,92,0,29,0,0.5036630048862446,0.8063549159809937,1,not_estimable_no_ungrounded_predictions,0
Qwen-Instant,zsNo4HB9uLZ_case_0011,zsNo4HB9uLZ,single,1,1,evaluable,11,11,0,12,0,0.29656188537715505,0.8847740519389254,1,not_estimable_no_ungrounded_predictions,0
Qwen-Instant,zsNo4HB9uLZ_case_0012,zsNo4HB9uLZ,single,1,1,evaluable,11,11,0,12,0,0.7755777294922144,0.9578519709439761,1,not_estimable_no_ungrounded_predictions,0
Qwen-Instant,zsNo4HB9uLZ_case_0013,zsNo4HB9uLZ,single,1,4,evaluable,116,116,0,29,0,0.6541829004287666,0.8521129559904762,1,not_estimable_no_ungrounded_predictions,0
Qwen-Instant,zsNo4HB9uLZ_case_0014,zsNo4HB9uLZ,single,1,4,evaluable,43,43,0,29,0,0.5198402942385755,0.8150107221863863,1,not_estimable_no_ungrounded_predictions,0
Qwen-Instant,zsNo4HB9uLZ_case_0015,zsNo4HB9uLZ,single,1,8,evaluable,125,125,0,29,0,0.6804798311437619,0.87703143461008,1,not_estimable_no_ungrounded_predictions,0
Qwen-Instant,zsNo4HB9uLZ_case_0016,zsNo4HB9uLZ,multi,3,1,evaluable,4,4,0,5,0,0.3578716870478456,0.7293361447438005,1,not_estimable_no_ungrounded_predictions,0
Qwen-Instant,zsNo4HB9uLZ_case_0017,zsNo4HB9uLZ,multi,3,1,evaluable,3,3,0,4,0,0.8902141728309996,0.9730503787340327,1,not_estimable_no_ungrounded_predictions,0
Qwen-Instant,zsNo4HB9uLZ_case_0018,zsNo4HB9uLZ,multi,3,4,evaluable,17,17,0,14,0,0.518020232072585,0.6884576589091779,1,not_estimable_no_ungrounded_predictions,0
Qwen-Instant,zsNo4HB9uLZ_case_0019,zsNo4HB9uLZ,multi,3,4,evaluable,13,13,0,8,0,0.7453965411049922,0.92380124052609,1,not_estimable_no_ungrounded_predictions,0
Qwen-Instant,zsNo4HB9uLZ_case_0020,zsNo4HB9uLZ,multi,3,8,evaluable,52,52,0,18,0,0.5728567924491733,0.7780882034989733,1,not_estimable_no_ungrounded_predictions,0
Qwen-Instant,zsNo4HB9uLZ_case_0045,zsNo4HB9uLZ,multi,5,8,evaluable,15,15,0,7,0,0.5952439071514116,0.7083102281017212,1,not_estimable_no_ungrounded_predictions,0
Qwen-Instant,JF19kD82Mey_case_0003,JF19kD82Mey,single,1,4,evaluable,16,16,0,12,0,0.7491639466730518,0.9009513558145672,1,not_estimable_no_ungrounded_predictions,0
Qwen-Instant,JF19kD82Mey_case_0004,JF19kD82Mey,single,1,4,evaluable,116,116,0,29,0,0.5787174050916902,0.9409496066683947,1,not_estimable_no_ungrounded_predictions,0
Qwen-Instant,JF19kD82Mey_case_0006,JF19kD82Mey,single,1,1,evaluable,1,1,0,2,0,0.9768064222737967,0.9989500275633593,1,not_estimable_no_ungrounded_predictions,0
Qwen-Instant,JF19kD82Mey_case_0007,JF19kD82Mey,single,1,1,evaluable,29,29,0,29,0,0.7083166257559277,0.9288217878294769,1,not_estimable_no_ungrounded_predictions,0
Qwen-Instant,JF19kD82Mey_case_0016,JF19kD82Mey,multi,3,1,not_applicable_no_target_hypothesis,0,0,0,1,0,,,0,not_estimable_no_ungrounded_predictions,0
Qwen-Instant,JF19kD82Mey_case_0018,JF19kD82Mey,multi,3,4,evaluable,15,15,0,10,0,0.6649293959627234,0.8700356895425237,1,not_estimable_no_ungrounded_predictions,0
Qwen-Instant,JF19kD82Mey_case_0020,JF19kD82Mey,multi,3,8,evaluable,24,24,0,9,0,0.6316728326734763,0.8579212575481061,1,not_estimable_no_ungrounded_predictions,0
Qwen-Instant,JF19kD82Mey_case_0021,JF19kD82Mey,multi,3,1,evaluable,13,13,0,14,0,0.8466931948011485,0.9253627075137294,1,not_estimable_no_ungrounded_predictions,0
Qwen-Instant,JF19kD82Mey_case_0022,JF19kD82Mey,multi,3,1,evaluable,1,1,0,2,0,0.44197215839171733,0.7709899274011064,1,not_estimable_no_ungrounded_predictions,0
Qwen-Instant,JF19kD82Mey_case_0023,JF19kD82Mey,multi,3,4,evaluable,7,7,0,7,0,0.6683814288903004,0.8894154203016276,1,not_estimable_no_ungrounded_predictions,0
Qwen-Instant,JF19kD82Mey_case_0024,JF19kD82Mey,multi,3,4,evaluable,21,21,0,13,0,0.5747187572428268,0.7662468551580718,1,not_estimable_no_ungrounded_predictions,0
Qwen-Instant,JF19kD82Mey_case_0025,JF19kD82Mey,multi,3,8,evaluable,28,28,0,14,0,0.6250852374580482,0.7978810957795668,1,not_estimable_no_ungrounded_predictions,0
Qwen-Instant,JF19kD82Mey_case_0026,JF19kD82Mey,multi,3,1,not_applicable_no_target_hypothesis,0,0,0,1,0,,,0,not_estimable_no_ungrounded_predictions,0
Qwen-Instant,JF19kD82Mey_case_0027,JF19kD82Mey,multi,3,1,not_applicable_no_target_hypothesis,0,0,0,1,0,,,0,not_estimable_no_ungrounded_predictions,0
Qwen-Instant,JF19kD82Mey_case_0028,JF19kD82Mey,multi,3,4,evaluable,20,20,0,17,0,0.7681472027838534,0.8820923878517466,1,not_estimable_no_ungrounded_predictions,0
Qwen-Instant,JF19kD82Mey_case_0029,JF19kD82Mey,multi,3,4,evaluable,19,19,0,14,0,0.8158057510097851,0.8826950078543421,1,not_estimable_no_ungrounded_predictions,0
Qwen-Instant,JF19kD82Mey_case_0030,JF19kD82Mey,multi,3,8,evaluable,22,22,0,13,0,0.6154602482075092,0.8328622668739546,1,not_estimable_no_ungrounded_predictions,0
Qwen-Instant,JF19kD82Mey_case_0031,JF19kD82Mey,multi,5,1,evaluable,2,2,0,3,0,0.5215382683273285,0.6648747630850911,1,not_estimable_no_ungrounded_predictions,0
Qwen-Instant,JF19kD82Mey_case_0032,JF19kD82Mey,multi,5,1,not_applicable_no_target_hypothesis,0,0,0,1,0,,,0,not_estimable_no_ungrounded_predictions,0
Qwen-Instant,JF19kD82Mey_case_0033,JF19kD82Mey,multi,5,4,evaluable,2,2,0,3,0,0.7221256440547419,0.7875962527014011,1,not_estimable_no_ungrounded_predictions,0
Qwen-Instant,RPmz2sHmrrY_case_0021,RPmz2sHmrrY,multi,3,1,evaluable,1,1,0,2,0,0.5891058842840384,0.7636865565979966,1,not_estimable_no_ungrounded_predictions,0
Qwen-Instant,RPmz2sHmrrY_case_0022,RPmz2sHmrrY,multi,3,1,evaluable,3,3,0,4,0,0.4797993147837098,0.3900495966219369,1,not_estimable_no_ungrounded_predictions,0
Qwen-Instant,RPmz2sHmrrY_case_0023,RPmz2sHmrrY,multi,3,4,evaluable,17,17,0,9,0,0.4949863358424519,0.6650545119858983,1,not_estimable_no_ungrounded_predictions,0
Qwen-Instant,RPmz2sHmrrY_case_0024,RPmz2sHmrrY,multi,3,4,evaluable,9,9,0,5,0,0.6006886530395836,0.7231590365748801,1,not_estimable_no_ungrounded_predictions,0
Qwen-Instant,RPmz2sHmrrY_case_0025,RPmz2sHmrrY,multi,3,8,evaluable,41,41,0,24,0,0.6291705911112544,0.7752707833085327,1,not_estimable_no_ungrounded_predictions,0
Qwen-Instant,RPmz2sHmrrY_case_0026,RPmz2sHmrrY,multi,3,1,evaluable,6,6,0,7,0,0.8115372487080252,0.9012080376726304,1,not_estimable_no_ungrounded_predictions,0
Qwen-Instant,RPmz2sHmrrY_case_0027,RPmz2sHmrrY,multi,3,1,not_applicable_no_target_hypothesis,0,0,0,1,0,,,0,not_estimable_no_ungrounded_predictions,0
Qwen-Instant,RPmz2sHmrrY_case_0028,RPmz2sHmrrY,multi,3,4,evaluable,36,36,0,24,0,0.660497195756913,0.8289207967316234,1,not_estimable_no_ungrounded_predictions,0
Qwen-Instant,RPmz2sHmrrY_case_0029,RPmz2sHmrrY,multi,3,4,evaluable,31,31,0,26,0,0.6626070551917028,0.8261777850508706,1,not_estimable_no_ungrounded_predictions,0
Qwen-Instant,RPmz2sHmrrY_case_0030,RPmz2sHmrrY,multi,3,8,evaluable,48,48,0,29,0,0.6270199147334907,0.7854204656380447,1,not_estimable_no_ungrounded_predictions,0
Qwen-Instant,RPmz2sHmrrY_case_0031,RPmz2sHmrrY,multi,5,1,not_applicable_no_target_hypothesis,0,0,0,1,0,,,0,not_estimable_no_ungrounded_predictions,0
Qwen-Instant,RPmz2sHmrrY_case_0032,RPmz2sHmrrY,multi,5,1,not_applicable_no_target_hypothesis,0,0,0,1,0,,,0,not_estimable_no_ungrounded_predictions,0
Qwen-Instant,RPmz2sHmrrY_case_0033,RPmz2sHmrrY,multi,5,4,evaluable,1,1,0,2,0,0.26780911177421385,0.26823306327222596,1,not_estimable_no_ungrounded_predictions,0
Qwen-Instant,RPmz2sHmrrY_case_0034,RPmz2sHmrrY,multi,5,4,evaluable,8,8,0,6,0,0.579611276119733,0.7121715062136162,1,not_estimable_no_ungrounded_predictions,0
Qwen-Instant,RPmz2sHmrrY_case_0035,RPmz2sHmrrY,multi,5,8,evaluable,22,22,0,13,0,0.6020023038559787,0.7367747808583782,1,not_estimable_no_ungrounded_predictions,0
Qwen-Instant,RPmz2sHmrrY_case_0036,RPmz2sHmrrY,multi,5,1,evaluable,13,13,0,14,0,0.5765002959607392,0.7291933327522296,1,not_estimable_no_ungrounded_predictions,0
Qwen-Instant,RPmz2sHmrrY_case_0037,RPmz2sHmrrY,multi,5,1,not_applicable_no_target_hypothesis,0,0,0,1,0,,,0,not_estimable_no_ungrounded_predictions,0
Qwen-Instant,RPmz2sHmrrY_case_0038,RPmz2sHmrrY,multi,5,4,evaluable,12,12,0,6,0,0.5980234192225048,0.7465661426055595,1,not_estimable_no_ungrounded_predictions,0
Qwen-Instant,RPmz2sHmrrY_case_0039,RPmz2sHmrrY,multi,5,4,evaluable,9,9,0,5,0,0.5436759052483969,0.5769206200328614,1,not_estimable_no_ungrounded_predictions,0
Qwen-Instant,RPmz2sHmrrY_case_0040,RPmz2sHmrrY,multi,5,8,evaluable,40,40,0,16,0,0.6442612569262868,0.8449235676970407,1,not_estimable_no_ungrounded_predictions,0
Qwen-Instant,17DRP5sb8fy_case_0001,17DRP5sb8fy,single,1,1,evaluable,9,9,0,10,0,0.37983356074535624,0.8504078094302309,0,not_estimable_no_ungrounded_predictions,0
Qwen-Instant,17DRP5sb8fy_case_0002,17DRP5sb8fy,single,1,1,evaluable,29,29,0,29,0,0.3179785600365498,0.6223581721144524,1,not_estimable_no_ungrounded_predictions,0
Qwen-Instant,17DRP5sb8fy_case_0003,17DRP5sb8fy,single,1,4,evaluable,43,43,0,29,0,0.515838617707606,0.8070672654928798,1,not_estimable_no_ungrounded_predictions,0
Qwen-Instant,17DRP5sb8fy_case_0004,17DRP5sb8fy,single,1,4,evaluable,47,47,0,29,0,0.30514272510289814,0.7178566941207541,1,not_estimable_no_ungrounded_predictions,0
Qwen-Instant,17DRP5sb8fy_case_0005,17DRP5sb8fy,single,1,8,evaluable,90,90,0,29,0,0.482470698506311,0.8520183343471927,1,not_estimable_no_ungrounded_predictions,0
Qwen-Instant,17DRP5sb8fy_case_0006,17DRP5sb8fy,single,1,1,evaluable,29,29,0,29,0,0.29732063731093694,0.7789346976137089,1,not_estimable_no_ungrounded_predictions,0
Qwen-Instant,17DRP5sb8fy_case_0007,17DRP5sb8fy,single,1,1,not_applicable_no_target_hypothesis,0,0,0,1,0,,,0,not_estimable_no_ungrounded_predictions,0
Qwen-Instant,17DRP5sb8fy_case_0033,17DRP5sb8fy,multi,5,4,evaluable,80,80,4,21,0,0.4602032825077466,0.8492334053478159,1,not_estimable_no_ungrounded_predictions,0
Qwen-Instant,17DRP5sb8fy_case_0034,17DRP5sb8fy,multi,5,4,evaluable,16,16,1,16,0,0.8070648410455045,0.8599741056335989,1,not_estimable_no_ungrounded_predictions,0
Qwen-Instant,17DRP5sb8fy_case_0035,17DRP5sb8fy,multi,5,8,evaluable,27,27,1,18,0,0.8195028754735993,0.8762436417023545,1,not_estimable_no_ungrounded_predictions,0
Qwen-Instant,17DRP5sb8fy_case_0036,17DRP5sb8fy,multi,5,1,evaluable,1,1,0,2,0,0.5583088352364156,0.8145827911972119,0,not_estimable_no_ungrounded_predictions,0
Qwen-Instant,17DRP5sb8fy_case_0037,17DRP5sb8fy,multi,5,1,not_applicable_no_target_hypothesis,0,0,0,1,0,,,0,not_estimable_no_ungrounded_predictions,0
Qwen-Instant,17DRP5sb8fy_case_0038,17DRP5sb8fy,multi,5,4,evaluable,8,8,0,5,0,0.5505296370030833,0.6676920300556831,1,not_estimable_no_ungrounded_predictions,0
Qwen-Instant,17DRP5sb8fy_case_0039,17DRP5sb8fy,multi,5,4,evaluable,14,14,0,12,0,0.6954291520261714,0.7291942551309303,1,not_estimable_no_ungrounded_predictions,0
Qwen-Instant,17DRP5sb8fy_case_0040,17DRP5sb8fy,multi,5,8,evaluable,22,22,1,13,0,0.6282418727259241,0.7893140508041637,1,not_estimable_no_ungrounded_predictions,0
Qwen-Instant,17DRP5sb8fy_case_0041,17DRP5sb8fy,multi,5,1,evaluable,1,1,0,2,0,0.6164980030045673,0.6821438356099057,1,not_estimable_no_ungrounded_predictions,0
Qwen-Instant,17DRP5sb8fy_case_0042,17DRP5sb8fy,multi,5,1,evaluable,1,1,0,2,0,0.6322124872226648,0.8580066208694795,0,not_estimable_no_ungrounded_predictions,0
Qwen-Instant,17DRP5sb8fy_case_0043,17DRP5sb8fy,multi,5,4,evaluable,2,2,0,2,0,0.6443102913121055,0.8220113090979091,1,not_estimable_no_ungrounded_predictions,0
Qwen-Instant,17DRP5sb8fy_case_0044,17DRP5sb8fy,multi,5,4,evaluable,16,16,0,13,0,0.5202994194369207,0.7142364134586169,1,not_estimable_no_ungrounded_predictions,0
Qwen-Instant,17DRP5sb8fy_case_0045,17DRP5sb8fy,multi,5,8,evaluable,22,22,1,10,0,0.6400180877023757,0.7171387771232888,1,not_estimable_no_ungrounded_predictions,0
Gemma-Instant,r47D5H71a5s_case_0007,r47D5H71a5s,single,1,1,evaluable,17,17,0,18,0,0.1251882460190273,0.7479680838202528,1,not_estimable_no_ungrounded_predictions,0
Gemma-Instant,r47D5H71a5s_case_0008,r47D5H71a5s,single,1,4,evaluable,78,78,0,29,0,0.7076920154060884,0.8260148519583851,1,not_estimable_no_ungrounded_predictions,0
Gemma-Instant,r47D5H71a5s_case_0009,r47D5H71a5s,single,1,4,evaluable,64,64,0,25,0,0.5160423245301826,0.9033566031981827,1,not_estimable_no_ungrounded_predictions,0
Gemma-Instant,r47D5H71a5s_case_0010,r47D5H71a5s,single,1,8,evaluable,90,90,0,12,0,0.5803478266989883,0.8318994930605974,1,not_estimable_no_ungrounded_predictions,0
Gemma-Instant,r47D5H71a5s_case_0011,r47D5H71a5s,single,1,1,evaluable,3,3,0,4,0,0.6323567590587781,0.9764112817569804,1,not_estimable_no_ungrounded_predictions,0
Gemma-Instant,r47D5H71a5s_case_0012,r47D5H71a5s,single,1,1,evaluable,11,11,0,12,0,0.2996163402720286,0.9265469339501596,1,not_estimable_no_ungrounded_predictions,0
Gemma-Instant,r47D5H71a5s_case_0013,r47D5H71a5s,single,1,4,evaluable,116,116,0,29,0,0.5029922520682983,0.849359870266686,1,not_estimable_no_ungrounded_predictions,0
Gemma-Instant,r47D5H71a5s_case_0014,r47D5H71a5s,single,1,4,evaluable,22,22,0,15,0,0.5904375098087522,0.7665062223701159,1,not_estimable_no_ungrounded_predictions,0
Gemma-Instant,r47D5H71a5s_case_0015,r47D5H71a5s,single,1,8,evaluable,217,217,0,29,0,0.5219028235678591,0.6962556442828413,1,not_estimable_no_ungrounded_predictions,0
Gemma-Instant,r47D5H71a5s_case_0016,r47D5H71a5s,multi,3,1,evaluable,3,3,0,4,0,0.2485887979504071,0.5353892571237027,1,not_estimable_no_ungrounded_predictions,0
Gemma-Instant,r47D5H71a5s_case_0017,r47D5H71a5s,multi,3,1,evaluable,3,3,0,4,0,0.42686603819422714,0.8804599085902588,1,not_estimable_no_ungrounded_predictions,0
Gemma-Instant,r47D5H71a5s_case_0018,r47D5H71a5s,multi,3,4,evaluable,24,24,0,22,0,0.6176229980337257,0.6450925275610152,1,not_estimable_no_ungrounded_predictions,0
Gemma-Instant,r47D5H71a5s_case_0019,r47D5H71a5s,multi,3,4,evaluable,22,22,0,18,0,0.32746807947024065,0.5484144629748763,1,not_estimable_no_ungrounded_predictions,0
Gemma-Instant,r47D5H71a5s_case_0020,r47D5H71a5s,multi,3,8,evaluable,63,63,0,16,0,0.5382645743287152,0.7547018954336767,1,not_estimable_no_ungrounded_predictions,0
Gemma-Instant,r47D5H71a5s_case_0036,r47D5H71a5s,multi,5,1,evaluable,1,1,0,2,0,0.6064093887038811,0.6543085476970724,1,not_estimable_no_ungrounded_predictions,0
Gemma-Instant,r47D5H71a5s_case_0041,r47D5H71a5s,multi,5,1,not_applicable_no_target_hypothesis,0,0,0,1,0,,,0,not_estimable_no_ungrounded_predictions,0
Gemma-Instant,r47D5H71a5s_case_0042,r47D5H71a5s,multi,5,1,evaluable,2,2,0,3,0,0.6561570460630433,0.7004394530751078,0,not_estimable_no_ungrounded_predictions,0
Gemma-Instant,r47D5H71a5s_case_0043,r47D5H71a5s,multi,5,4,evaluable,2,2,0,3,0,0.3444304265135613,0.4612119910370158,1,not_estimable_no_ungrounded_predictions,0
Gemma-Instant,r47D5H71a5s_case_0044,r47D5H71a5s,multi,5,4,evaluable,6,6,0,5,0,0.528815801446833,0.6938212970584661,1,not_estimable_no_ungrounded_predictions,0
Gemma-Instant,r47D5H71a5s_case_0045,r47D5H71a5s,multi,5,8,evaluable,17,17,0,11,0,0.5910004225754971,0.6376282274642651,1,not_estimable_no_ungrounded_predictions,0
Gemma-Instant,zsNo4HB9uLZ_case_0001,zsNo4HB9uLZ,single,1,1,not_applicable_no_target_hypothesis,0,0,1,1,0,,,0,not_estimable_no_ungrounded_predictions,0
Gemma-Instant,zsNo4HB9uLZ_case_0002,zsNo4HB9uLZ,single,1,1,not_applicable_no_target_hypothesis,0,0,1,1,0,,,0,not_estimable_no_ungrounded_predictions,0
Gemma-Instant,zsNo4HB9uLZ_case_0003,zsNo4HB9uLZ,single,1,4,evaluable,105,105,0,29,0,0.6472319749362322,0.8717742027781231,1,not_estimable_no_ungrounded_predictions,0
Gemma-Instant,zsNo4HB9uLZ_case_0004,zsNo4HB9uLZ,single,1,4,evaluable,49,49,0,29,0,0.5030712748805064,0.8230185138524627,1,not_estimable_no_ungrounded_predictions,0
Gemma-Instant,zsNo4HB9uLZ_case_0005,zsNo4HB9uLZ,single,1,8,evaluable,33,33,0,9,0,0.5763197335713545,0.8755554346284431,1,not_estimable_no_ungrounded_predictions,0
Gemma-Instant,zsNo4HB9uLZ_case_0006,zsNo4HB9uLZ,single,1,1,evaluable,5,5,0,6,0,0.7393130023459069,0.9569582702682178,1,not_estimable_no_ungrounded_predictions,0
Gemma-Instant,zsNo4HB9uLZ_case_0008,zsNo4HB9uLZ,single,1,4,evaluable,23,23,0,8,0,0.796829554977905,0.9817816406520897,1,not_estimable_no_ungrounded_predictions,0
Gemma-Instant,zsNo4HB9uLZ_case_0009,zsNo4HB9uLZ,single,1,4,evaluable,24,24,0,6,0,0.28070431617532826,0.8578580040281386,1,not_estimable_no_ungrounded_predictions,0
Gemma-Instant,zsNo4HB9uLZ_case_0010,zsNo4HB9uLZ,single,1,8,evaluable,98,98,0,29,0,0.5163202719504169,0.8836553482430338,1,not_estimable_no_ungrounded_predictions,0
Gemma-Instant,zsNo4HB9uLZ_case_0011,zsNo4HB9uLZ,single,1,1,evaluable,29,29,0,29,0,0.44696534997052717,0.7209211339466685,1,not_estimable_no_ungrounded_predictions,0
Gemma-Instant,zsNo4HB9uLZ_case_0012,zsNo4HB9uLZ,single,1,1,evaluable,3,3,0,4,0,0.7133358144000365,0.9986686023971562,1,not_estimable_no_ungrounded_predictions,0
Gemma-Instant,zsNo4HB9uLZ_case_0013,zsNo4HB9uLZ,single,1,4,evaluable_with_invalid_target_time_excluded,12,12,0,4,0,0.6988434342710034,0.9562719574691352,1,not_estimable_no_ungrounded_predictions,0
Gemma-Instant,zsNo4HB9uLZ_case_0014,zsNo4HB9uLZ,single,1,4,evaluable,3,3,0,2,0,0.5603730486458538,0.9535076452078443,1,not_estimable_no_ungrounded_predictions,0
Gemma-Instant,zsNo4HB9uLZ_case_0015,zsNo4HB9uLZ,single,1,8,evaluable,40,40,0,13,0,0.6806676338205946,0.9169525075115853,1,not_estimable_no_ungrounded_predictions,0
Gemma-Instant,zsNo4HB9uLZ_case_0016,zsNo4HB9uLZ,multi,3,1,evaluable,29,29,0,29,0,0.43065543279177837,0.6681791875942973,1,not_estimable_no_ungrounded_predictions,0
Gemma-Instant,zsNo4HB9uLZ_case_0017,zsNo4HB9uLZ,multi,3,1,evaluable,1,1,0,2,0,0.8529679723075616,0.9896392246271419,1,not_estimable_no_ungrounded_predictions,0
Gemma-Instant,zsNo4HB9uLZ_case_0018,zsNo4HB9uLZ,multi,3,4,evaluable,29,29,0,14,0,0.6250297207095722,0.7060837340867153,1,not_estimable_no_ungrounded_predictions,0
Gemma-Instant,zsNo4HB9uLZ_case_0019,zsNo4HB9uLZ,multi,3,4,evaluable,12,12,0,7,0,0.6956090838968664,0.9332046039597778,1,not_estimable_no_ungrounded_predictions,0
Gemma-Instant,zsNo4HB9uLZ_case_0020,zsNo4HB9uLZ,multi,3,8,evaluable,43,43,0,13,0,0.5944232568222735,0.806904462266689,1,not_estimable_no_ungrounded_predictions,0
Gemma-Instant,zsNo4HB9uLZ_case_0045,zsNo4HB9uLZ,multi,5,8,evaluable,17,17,0,6,0,0.5939651379607916,0.7457791853668327,1,not_estimable_no_ungrounded_predictions,0
Gemma-Instant,JF19kD82Mey_case_0003,JF19kD82Mey,single,1,4,evaluable,50,50,0,29,0,0.7131589898613455,0.8880888569718525,1,not_estimable_no_ungrounded_predictions,0
Gemma-Instant,JF19kD82Mey_case_0004,JF19kD82Mey,single,1,4,evaluable,112,112,0,29,0,0.5459852476940312,0.9398614963406304,1,not_estimable_no_ungrounded_predictions,0
Gemma-Instant,JF19kD82Mey_case_0006,JF19kD82Mey,single,1,1,evaluable,1,1,0,2,0,0.9506455925495522,1.0,1,not_estimable_no_ungrounded_predictions,0
Gemma-Instant,JF19kD82Mey_case_0007,JF19kD82Mey,single,1,1,evaluable,12,12,0,12,0,0.6395300175488535,0.9283758334673863,1,not_estimable_no_ungrounded_predictions,0
Gemma-Instant,JF19kD82Mey_case_0016,JF19kD82Mey,multi,3,1,not_applicable_no_target_hypothesis,0,0,0,1,0,,,0,not_estimable_no_ungrounded_predictions,0
Gemma-Instant,JF19kD82Mey_case_0018,JF19kD82Mey,multi,3,4,evaluable,3,3,0,3,0,0.7074339715601073,0.8374039808240873,1,not_estimable_no_ungrounded_predictions,0
Gemma-Instant,JF19kD82Mey_case_0020,JF19kD82Mey,multi,3,8,evaluable,24,24,0,13,0,0.572453772804995,0.7872650536015766,1,not_estimable_no_ungrounded_predictions,0
Gemma-Instant,JF19kD82Mey_case_0021,JF19kD82Mey,multi,3,1,evaluable,20,20,0,21,0,0.8792727608488251,0.9220545897670414,1,not_estimable_no_ungrounded_predictions,0
Gemma-Instant,JF19kD82Mey_case_0022,JF19kD82Mey,multi,3,1,evaluable,1,1,0,2,0,0.4918348820118644,0.8055183723247489,1,not_estimable_no_ungrounded_predictions,0
Gemma-Instant,JF19kD82Mey_case_0023,JF19kD82Mey,multi,3,4,evaluable,4,4,0,4,0,0.5006547306713034,0.8094531818109594,1,not_estimable_no_ungrounded_predictions,0
Gemma-Instant,JF19kD82Mey_case_0024,JF19kD82Mey,multi,3,4,evaluable,6,6,0,4,0,0.6533077897562628,0.9546046411819119,1,not_estimable_no_ungrounded_predictions,0
Gemma-Instant,JF19kD82Mey_case_0025,JF19kD82Mey,multi,3,8,evaluable,36,36,0,13,0,0.7080872478437499,0.863721273191348,1,not_estimable_no_ungrounded_predictions,0
Gemma-Instant,JF19kD82Mey_case_0026,JF19kD82Mey,multi,3,1,not_applicable_no_target_hypothesis,0,0,0,1,0,,,0,not_estimable_no_ungrounded_predictions,0
Gemma-Instant,JF19kD82Mey_case_0027,JF19kD82Mey,multi,3,1,not_applicable_no_target_hypothesis,0,0,0,1,0,,,0,not_estimable_no_ungrounded_predictions,0
Gemma-Instant,JF19kD82Mey_case_0028,JF19kD82Mey,multi,3,4,evaluable,11,11,0,6,0,0.6354723757143936,0.8929472859830139,1,not_estimable_no_ungrounded_predictions,0
Gemma-Instant,JF19kD82Mey_case_0029,JF19kD82Mey,multi,3,4,evaluable,11,11,0,6,0,0.8859641750139584,0.9522694798645833,1,not_estimable_no_ungrounded_predictions,0
Gemma-Instant,JF19kD82Mey_case_0030,JF19kD82Mey,multi,3,8,evaluable,11,11,0,7,0,0.6596518805720358,0.8433906487692205,1,not_estimable_no_ungrounded_predictions,0
Gemma-Instant,JF19kD82Mey_case_0031,JF19kD82Mey,multi,5,1,evaluable,4,4,0,5,0,0.45575105259085225,0.5178407914614183,1,not_estimable_no_ungrounded_predictions,0
Gemma-Instant,JF19kD82Mey_case_0032,JF19kD82Mey,multi,5,1,not_applicable_no_target_hypothesis,0,0,0,1,0,,,0,not_estimable_no_ungrounded_predictions,0
Gemma-Instant,JF19kD82Mey_case_0033,JF19kD82Mey,multi,5,4,evaluable,3,3,0,3,0,0.7042178996364713,0.8206089225516685,1,not_estimable_no_ungrounded_predictions,0
Gemma-Instant,RPmz2sHmrrY_case_0021,RPmz2sHmrrY,multi,3,1,evaluable,1,1,0,2,0,0.918966937289001,0.9475684226639648,1,not_estimable_no_ungrounded_predictions,0
Gemma-Instant,RPmz2sHmrrY_case_0022,RPmz2sHmrrY,multi,3,1,evaluable,1,1,0,2,0,0.918197784432182,1.0,1,not_estimable_no_ungrounded_predictions,0
Gemma-Instant,RPmz2sHmrrY_case_0023,RPmz2sHmrrY,multi,3,4,evaluable,16,16,0,9,0,0.5972157634877582,0.7832343288354661,1,not_estimable_no_ungrounded_predictions,0
Gemma-Instant,RPmz2sHmrrY_case_0024,RPmz2sHmrrY,multi,3,4,evaluable,9,9,0,5,0,0.6590351644467801,0.7548462895769241,1,not_estimable_no_ungrounded_predictions,0
Gemma-Instant,RPmz2sHmrrY_case_0025,RPmz2sHmrrY,multi,3,8,evaluable,34,34,0,20,0,0.6441491612977455,0.7570408899341579,1,not_estimable_no_ungrounded_predictions,0
Gemma-Instant,RPmz2sHmrrY_case_0026,RPmz2sHmrrY,multi,3,1,evaluable,5,5,0,6,0,0.9340436922230413,0.9669138046062473,1,not_estimable_no_ungrounded_predictions,0
Gemma-Instant,RPmz2sHmrrY_case_0027,RPmz2sHmrrY,multi,3,1,not_applicable_no_target_hypothesis,0,0,0,1,0,,,0,not_estimable_no_ungrounded_predictions,0
Gemma-Instant,RPmz2sHmrrY_case_0028,RPmz2sHmrrY,multi,3,4,evaluable,50,50,0,29,0,0.7555040290500591,0.899180065149569,1,not_estimable_no_ungrounded_predictions,0
Gemma-Instant,RPmz2sHmrrY_case_0029,RPmz2sHmrrY,multi,3,4,evaluable,29,29,0,24,0,0.6912738399263453,0.8703600193258617,1,not_estimable_no_ungrounded_predictions,0
Gemma-Instant,RPmz2sHmrrY_case_0030,RPmz2sHmrrY,multi,3,8,evaluable,32,32,0,19,0,0.7333611198967608,0.9245519629475301,1,not_estimable_no_ungrounded_predictions,0
Gemma-Instant,RPmz2sHmrrY_case_0031,RPmz2sHmrrY,multi,5,1,not_applicable_no_target_hypothesis,0,0,0,1,0,,,0,not_estimable_no_ungrounded_predictions,0
Gemma-Instant,RPmz2sHmrrY_case_0032,RPmz2sHmrrY,multi,5,1,not_applicable_no_target_hypothesis,0,0,0,1,0,,,0,not_estimable_no_ungrounded_predictions,0
Gemma-Instant,RPmz2sHmrrY_case_0033,RPmz2sHmrrY,multi,5,4,evaluable,1,1,0,2,0,0.6542108451720894,0.8432056477032847,1,not_estimable_no_ungrounded_predictions,0
Gemma-Instant,RPmz2sHmrrY_case_0034,RPmz2sHmrrY,multi,5,4,evaluable,6,6,0,6,0,0.7888630097373333,0.9469384806104215,1,not_estimable_no_ungrounded_predictions,0
Gemma-Instant,RPmz2sHmrrY_case_0035,RPmz2sHmrrY,multi,5,8,evaluable,10,10,0,6,0,0.7421655617874743,0.8457698374565471,1,not_estimable_no_ungrounded_predictions,0
Gemma-Instant,RPmz2sHmrrY_case_0036,RPmz2sHmrrY,multi,5,1,evaluable,13,13,0,14,0,0.7419613931299,0.8936725099671563,1,not_estimable_no_ungrounded_predictions,0
Gemma-Instant,RPmz2sHmrrY_case_0037,RPmz2sHmrrY,multi,5,1,not_applicable_no_target_hypothesis,0,0,0,1,0,,,0,not_estimable_no_ungrounded_predictions,0
Gemma-Instant,RPmz2sHmrrY_case_0038,RPmz2sHmrrY,multi,5,4,evaluable,8,8,0,6,0,0.7077661742472965,0.7725364696187305,1,not_estimable_no_ungrounded_predictions,0
Gemma-Instant,RPmz2sHmrrY_case_0039,RPmz2sHmrrY,multi,5,4,evaluable,8,8,0,4,0,0.5156650786688178,0.5441766404073787,1,not_estimable_no_ungrounded_predictions,0
Gemma-Instant,RPmz2sHmrrY_case_0040,RPmz2sHmrrY,multi,5,8,evaluable,20,20,0,6,0,0.710970928409529,0.8979574034755926,1,not_estimable_no_ungrounded_predictions,0
Gemma-Instant,17DRP5sb8fy_case_0001,17DRP5sb8fy,single,1,1,not_applicable_no_target_hypothesis,0,0,1,1,0,,,0,not_estimable_no_ungrounded_predictions,0
Gemma-Instant,17DRP5sb8fy_case_0002,17DRP5sb8fy,single,1,1,evaluable,11,11,0,11,0,0.41179993632671685,0.9171977059907842,1,not_estimable_no_ungrounded_predictions,0
Gemma-Instant,17DRP5sb8fy_case_0003,17DRP5sb8fy,single,1,4,evaluable,116,116,0,29,0,0.6011071591720456,0.8529666405191193,1,not_estimable_no_ungrounded_predictions,0
Gemma-Instant,17DRP5sb8fy_case_0004,17DRP5sb8fy,single,1,4,evaluable,38,38,0,29,0,0.3191423017942769,0.8114279080721413,1,not_estimable_no_ungrounded_predictions,0
Gemma-Instant,17DRP5sb8fy_case_0005,17DRP5sb8fy,single,1,8,evaluable,50,50,0,16,0,0.4602932650948545,0.8949218934460003,1,not_estimable_no_ungrounded_predictions,0
Gemma-Instant,17DRP5sb8fy_case_0006,17DRP5sb8fy,single,1,1,evaluable,7,7,0,8,0,0.7552487530508879,0.9741510801864876,1,not_estimable_no_ungrounded_predictions,0
Gemma-Instant,17DRP5sb8fy_case_0007,17DRP5sb8fy,single,1,1,evaluable,3,3,0,3,0,0.9936028383363844,0.9975570349601433,0,not_estimable_no_ungrounded_predictions,0
Gemma-Instant,17DRP5sb8fy_case_0033,17DRP5sb8fy,multi,5,4,evaluable,44,44,4,12,0,0.591208582164522,0.740888488152947,1,not_estimable_no_ungrounded_predictions,0
Gemma-Instant,17DRP5sb8fy_case_0034,17DRP5sb8fy,multi,5,4,evaluable,16,16,1,16,0,0.7959272680510585,0.8742303898492962,1,not_estimable_no_ungrounded_predictions,0
Gemma-Instant,17DRP5sb8fy_case_0035,17DRP5sb8fy,multi,5,8,evaluable,32,32,1,18,0,0.8718609427891493,0.8791597972655265,1,not_estimable_no_ungrounded_predictions,0
Gemma-Instant,17DRP5sb8fy_case_0036,17DRP5sb8fy,multi,5,1,evaluable,1,1,0,2,0,0.6083207314533373,0.8145827911972119,0,not_estimable_no_ungrounded_predictions,0
Gemma-Instant,17DRP5sb8fy_case_0037,17DRP5sb8fy,multi,5,1,not_applicable_no_target_hypothesis,0,0,0,1,0,,,0,not_estimable_no_ungrounded_predictions,0
Gemma-Instant,17DRP5sb8fy_case_0038,17DRP5sb8fy,multi,5,4,evaluable,7,7,0,5,0,0.4842705335470917,0.631929672364204,1,not_estimable_no_ungrounded_predictions,0
Gemma-Instant,17DRP5sb8fy_case_0039,17DRP5sb8fy,multi,5,4,evaluable,10,10,0,7,0,0.4751511004022233,0.558507214634395,1,not_estimable_no_ungrounded_predictions,0
Gemma-Instant,17DRP5sb8fy_case_0040,17DRP5sb8fy,multi,5,8,evaluable,34,34,1,17,0,0.6244924506305195,0.8007300749970356,1,not_estimable_no_ungrounded_predictions,0
Gemma-Instant,17DRP5sb8fy_case_0041,17DRP5sb8fy,multi,5,1,evaluable,17,17,0,18,0,0.4866106148952833,0.9414700314787623,1,not_estimable_no_ungrounded_predictions,0
Gemma-Instant,17DRP5sb8fy_case_0042,17DRP5sb8fy,multi,5,1,not_applicable_no_target_hypothesis,0,0,0,1,0,,,0,not_estimable_no_ungrounded_predictions,0
Gemma-Instant,17DRP5sb8fy_case_0043,17DRP5sb8fy,multi,5,4,evaluable,4,4,0,4,0,0.7875645021689138,0.880175386109576,1,not_estimable_no_ungrounded_predictions,0
Gemma-Instant,17DRP5sb8fy_case_0044,17DRP5sb8fy,multi,5,4,evaluable,5,5,0,5,0,0.292310946779352,0.5327852957566898,1,not_estimable_no_ungrounded_predictions,0
Gemma-Instant,17DRP5sb8fy_case_0045,17DRP5sb8fy,multi,5,8,evaluable,11,11,0,5,0,0.5630431750861942,0.6914356258696303,1,not_estimable_no_ungrounded_predictions,0
